,UserName,ObjectDatabaseName,RoleName,DefaultRole,WithAdmin
1,AA02367                       ,DL_AA_TM_MAM_S                ,RL_COMMON                     ,N,N
2,AA02367                       ,DL_AQI_GBD_PHI                ,RL_COMMON                     ,N,N
3,AA02367                       ,DL_AQI_MBRSHP_PHI             ,RL_COMMON                     ,N,N
4,AA02367                       ,DL_AQI_MDCR_QDM               ,RL_COMMON                     ,N,N
5,AA02367                       ,DL_AQI_PHI                    ,RL_COMMON                     ,N,N
6,AA02367                       ,DL_AQI_SL_IDW_PHI             ,RL_COMMON                     ,N,N
7,AA02367                       ,DL_CLIN_AFF                   ,RL_COMMON                     ,N,N
8,AA02367                       ,DL_DMS_PHI                    ,DATALAB_ALL_DL_DMS_PHI        ,N,N
9,AA02367                       ,DL_DMS_PHI                    ,DATALAB_ALL_DL_DMS_PHI        ,N,N
10,AA02367                       ,DL_DMS_PHI                    ,DATALAB_ALL_DL_DMS_PHI        ,N,N
11,AA02367                       ,DL_DMS_PHI                    ,DATALAB_ALL_DL_DMS_PHI        ,N,N
12,AA02367                       ,DL_DMS_PHI                    ,DATALAB_ALL_DL_DMS_PHI        ,N,N
13,AA02367                       ,DL_DMS_PHI                    ,DATALAB_ALL_DL_DMS_PHI        ,N,N
14,AA02367                       ,DL_DMS_PHI                    ,DATALAB_ALL_DL_DMS_PHI        ,N,N
15,AA02367                       ,DL_DMS_PHI                    ,DATALAB_ALL_DL_DMS_PHI        ,N,N
16,AA02367                       ,DL_DMS_PHI                    ,DATALAB_ALL_DL_DMS_PHI        ,N,N
17,AA02367                       ,DL_DMS_PHI                    ,DATALAB_ALL_DL_DMS_PHI        ,N,N
18,AA02367                       ,DL_DMS_PHI                    ,DATALAB_ALL_DL_DMS_PHI        ,N,N
19,AA02367                       ,DL_DMS_PHI                    ,DATALAB_ALL_DL_DMS_PHI        ,N,N
20,AA02367                       ,DL_DMS_PHI                    ,DATALAB_ALL_DL_DMS_PHI        ,N,N
21,AA02367                       ,DL_DMS_PHI                    ,DATALAB_ALL_DL_DMS_PHI        ,N,N
22,AA02367                       ,DL_DMS_PHI                    ,DATALAB_ALL_DL_DMS_PHI        ,N,N
23,AA02367                       ,DL_DMS_PHI                    ,DATALAB_ALL_DL_DMS_PHI        ,N,N
24,AA02367                       ,DL_DMS_PHI                    ,DATALAB_ALL_DL_DMS_PHI        ,N,N
25,AA02367                       ,DL_DMS_PHI                    ,DATALAB_ALL_DL_DMS_PHI        ,N,N
26,AA02367                       ,DL_DMS_PHI                    ,DATALAB_ALL_DL_DMS_PHI        ,N,N
27,AA02367                       ,DL_DMS_PHI                    ,RL_COMMON                     ,N,N
28,AA02367                       ,DL_PM_TM_VBESAB01             ,RL_COMMON                     ,N,N
29,AA26266                       ,DL_AA_TM_MAM_S                ,RL_COMMON                     ,N,N
30,AA26266                       ,DL_AQI_GBD_PHI                ,DATALAB_READ_DL_AQI_GBD_PHI   ,N,N
31,AA26266                       ,DL_AQI_GBD_PHI                ,RL_COMMON                     ,N,N
32,AA26266                       ,DL_AQI_MBRSHP_PHI             ,RL_COMMON                     ,N,N
33,AA26266                       ,DL_AQI_MDCR_QDM               ,RL_COMMON                     ,N,N
34,AA26266                       ,DL_AQI_PHI                    ,RL_COMMON                     ,N,N
35,AA26266                       ,DL_AQI_SL_IDW_PHI             ,DATALAB_READ_DL_AQI_SL_IDW_PHI,N,N
36,AA26266                       ,DL_AQI_SL_IDW_PHI             ,DATALAB_READ_DL_AQI_SL_IDW_PHI,N,N
37,AA26266                       ,DL_AQI_SL_IDW_PHI             ,DATALAB_READ_DL_AQI_SL_IDW_PHI,N,N
38,AA26266                       ,DL_AQI_SL_IDW_PHI             ,DATALAB_READ_DL_AQI_SL_IDW_PHI,N,N
39,AA26266                       ,DL_AQI_SL_IDW_PHI             ,DATALAB_READ_DL_AQI_SL_IDW_PHI,N,N
40,AA26266                       ,DL_AQI_SL_IDW_PHI             ,DATALAB_READ_DL_AQI_SL_IDW_PHI,N,N
41,AA26266                       ,DL_AQI_SL_IDW_PHI             ,DATALAB_READ_DL_AQI_SL_IDW_PHI,N,N
42,AA26266                       ,DL_AQI_SL_IDW_PHI             ,DATALAB_READ_DL_AQI_SL_IDW_PHI,N,N
43,AA26266                       ,DL_AQI_SL_IDW_PHI             ,DATALAB_READ_DL_AQI_SL_IDW_PHI,N,N
44,AA26266                       ,DL_AQI_SL_IDW_PHI             ,DATALAB_READ_DL_AQI_SL_IDW_PHI,N,N
45,AA26266                       ,DL_AQI_SL_IDW_PHI             ,DATALAB_READ_DL_AQI_SL_IDW_PHI,N,N
46,AA26266                       ,DL_AQI_SL_IDW_PHI             ,DATALAB_READ_DL_AQI_SL_IDW_PHI,N,N
47,AA26266                       ,DL_AQI_SL_IDW_PHI             ,DATALAB_READ_DL_AQI_SL_IDW_PHI,N,N
48,AA26266                       ,DL_AQI_SL_IDW_PHI             ,DATALAB_READ_DL_AQI_SL_IDW_PHI,N,N
49,AA26266                       ,DL_AQI_SL_IDW_PHI             ,DATALAB_READ_DL_AQI_SL_IDW_PHI,N,N
50,AA26266                       ,DL_AQI_SL_IDW_PHI             ,DATALAB_READ_DL_AQI_SL_IDW_PHI,N,N
51,AA26266                       ,DL_AQI_SL_IDW_PHI             ,DATALAB_READ_DL_AQI_SL_IDW_PHI,N,N
52,AA26266                       ,DL_AQI_SL_IDW_PHI             ,DATALAB_READ_DL_AQI_SL_IDW_PHI,N,N
53,AA26266                       ,DL_AQI_SL_IDW_PHI             ,DATALAB_READ_DL_AQI_SL_IDW_PHI,N,N
54,AA26266                       ,DL_AQI_SL_IDW_PHI             ,RL_COMMON                     ,N,N
55,AA26266                       ,DL_CLIN_AFF                   ,RL_COMMON                     ,N,N
56,AA26266                       ,DL_DMS_PHI                    ,RL_COMMON                     ,N,N
57,AA26266                       ,DL_PM_TM_VBESAB01             ,RL_COMMON                     ,N,N
58,AA38826                       ,DL_AA_TM_MAM_S                ,RL_COMMON                     ,N,N
59,AA38826                       ,DL_AQI_GBD_PHI                ,RL_COMMON                     ,N,N
60,AA38826                       ,DL_AQI_MBRSHP_PHI             ,RL_COMMON                     ,N,N
61,AA38826                       ,DL_AQI_MDCR_QDM               ,DATALAB_READ_DL_AQI_MDCR_PHI  ,N,N
62,AA38826                       ,DL_AQI_MDCR_QDM               ,RL_COMMON                     ,N,N
63,AA38826                       ,DL_AQI_PHI                    ,RL_COMMON                     ,N,N
64,AA38826                       ,DL_AQI_SL_IDW_PHI             ,DATALAB_READ_DL_AQI_SL_IDW_PHI,N,N
65,AA38826                       ,DL_AQI_SL_IDW_PHI             ,DATALAB_READ_DL_AQI_SL_IDW_PHI,N,N
66,AA38826                       ,DL_AQI_SL_IDW_PHI             ,DATALAB_READ_DL_AQI_SL_IDW_PHI,N,N
67,AA38826                       ,DL_AQI_SL_IDW_PHI             ,DATALAB_READ_DL_AQI_SL_IDW_PHI,N,N
68,AA38826                       ,DL_AQI_SL_IDW_PHI             ,DATALAB_READ_DL_AQI_SL_IDW_PHI,N,N
69,AA38826                       ,DL_AQI_SL_IDW_PHI             ,DATALAB_READ_DL_AQI_SL_IDW_PHI,N,N
70,AA38826                       ,DL_AQI_SL_IDW_PHI             ,DATALAB_READ_DL_AQI_SL_IDW_PHI,N,N
71,AA38826                       ,DL_AQI_SL_IDW_PHI             ,DATALAB_READ_DL_AQI_SL_IDW_PHI,N,N
72,AA38826                       ,DL_AQI_SL_IDW_PHI             ,DATALAB_READ_DL_AQI_SL_IDW_PHI,N,N
73,AA38826                       ,DL_AQI_SL_IDW_PHI             ,DATALAB_READ_DL_AQI_SL_IDW_PHI,N,N
74,AA38826                       ,DL_AQI_SL_IDW_PHI             ,DATALAB_READ_DL_AQI_SL_IDW_PHI,N,N
75,AA38826                       ,DL_AQI_SL_IDW_PHI             ,DATALAB_READ_DL_AQI_SL_IDW_PHI,N,N
76,AA38826                       ,DL_AQI_SL_IDW_PHI             ,DATALAB_READ_DL_AQI_SL_IDW_PHI,N,N
77,AA38826                       ,DL_AQI_SL_IDW_PHI             ,DATALAB_READ_DL_AQI_SL_IDW_PHI,N,N
78,AA38826                       ,DL_AQI_SL_IDW_PHI             ,DATALAB_READ_DL_AQI_SL_IDW_PHI,N,N
79,AA38826                       ,DL_AQI_SL_IDW_PHI             ,DATALAB_READ_DL_AQI_SL_IDW_PHI,N,N
80,AA38826                       ,DL_AQI_SL_IDW_PHI             ,DATALAB_READ_DL_AQI_SL_IDW_PHI,N,N
81,AA38826                       ,DL_AQI_SL_IDW_PHI             ,DATALAB_READ_DL_AQI_SL_IDW_PHI,N,N
82,AA38826                       ,DL_AQI_SL_IDW_PHI             ,DATALAB_READ_DL_AQI_SL_IDW_PHI,N,N
83,AA38826                       ,DL_AQI_SL_IDW_PHI             ,RL_COMMON                     ,N,N
84,AA38826                       ,DL_CLIN_AFF                   ,RL_COMMON                     ,N,N
85,AA38826                       ,DL_DMS_PHI                    ,RL_COMMON                     ,N,N
86,AA38826                       ,DL_PM_TM_VBESAB01             ,RL_COMMON                     ,N,N
87,AA56783                       ,DL_AA_TM_MAM_S                ,RL_COMMON                     ,N,N
88,AA56783                       ,DL_AQI_GBD_PHI                ,RL_COMMON                     ,N,N
89,AA56783                       ,DL_AQI_MBRSHP_PHI             ,RL_COMMON                     ,N,N
90,AA56783                       ,DL_AQI_MDCR_QDM               ,RL_COMMON                     ,N,N
91,AA56783                       ,DL_AQI_PHI                    ,RL_COMMON                     ,N,N
92,AA56783                       ,DL_AQI_SL_IDW_PHI             ,DATALAB_READ_DL_AQI_SL_IDW_PHI,N,N
93,AA56783                       ,DL_AQI_SL_IDW_PHI             ,DATALAB_READ_DL_AQI_SL_IDW_PHI,N,N
94,AA56783                       ,DL_AQI_SL_IDW_PHI             ,DATALAB_READ_DL_AQI_SL_IDW_PHI,N,N
95,AA56783                       ,DL_AQI_SL_IDW_PHI             ,DATALAB_READ_DL_AQI_SL_IDW_PHI,N,N
96,AA56783                       ,DL_AQI_SL_IDW_PHI             ,DATALAB_READ_DL_AQI_SL_IDW_PHI,N,N
97,AA56783                       ,DL_AQI_SL_IDW_PHI             ,DATALAB_READ_DL_AQI_SL_IDW_PHI,N,N
98,AA56783                       ,DL_AQI_SL_IDW_PHI             ,DATALAB_READ_DL_AQI_SL_IDW_PHI,N,N
99,AA56783                       ,DL_AQI_SL_IDW_PHI             ,DATALAB_READ_DL_AQI_SL_IDW_PHI,N,N
100,AA56783                       ,DL_AQI_SL_IDW_PHI             ,DATALAB_READ_DL_AQI_SL_IDW_PHI,N,N
101,AA56783                       ,DL_AQI_SL_IDW_PHI             ,DATALAB_READ_DL_AQI_SL_IDW_PHI,N,N
102,AA56783                       ,DL_AQI_SL_IDW_PHI             ,DATALAB_READ_DL_AQI_SL_IDW_PHI,N,N
103,AA56783                       ,DL_AQI_SL_IDW_PHI             ,DATALAB_READ_DL_AQI_SL_IDW_PHI,N,N
104,AA56783                       ,DL_AQI_SL_IDW_PHI             ,DATALAB_READ_DL_AQI_SL_IDW_PHI,N,N
105,AA56783                       ,DL_AQI_SL_IDW_PHI             ,DATALAB_READ_DL_AQI_SL_IDW_PHI,N,N
106,AA56783                       ,DL_AQI_SL_IDW_PHI             ,DATALAB_READ_DL_AQI_SL_IDW_PHI,N,N
107,AA56783                       ,DL_AQI_SL_IDW_PHI             ,DATALAB_READ_DL_AQI_SL_IDW_PHI,N,N
108,AA56783                       ,DL_AQI_SL_IDW_PHI             ,DATALAB_READ_DL_AQI_SL_IDW_PHI,N,N
109,AA56783                       ,DL_AQI_SL_IDW_PHI             ,DATALAB_READ_DL_AQI_SL_IDW_PHI,N,N
110,AA56783                       ,DL_AQI_SL_IDW_PHI             ,DATALAB_READ_DL_AQI_SL_IDW_PHI,N,N
111,AA56783                       ,DL_AQI_SL_IDW_PHI             ,RL_COMMON                     ,N,N
112,AA56783                       ,DL_CLIN_AFF                   ,RL_COMMON                     ,N,N
113,AA56783                       ,DL_DMS_PHI                    ,RL_COMMON                     ,N,N
114,AA56783                       ,DL_PM_TM_VBESAB01             ,DATALAB_READ_DL_PM_TM_VBESAB01,N,N
115,AA56783                       ,DL_PM_TM_VBESAB01             ,RL_COMMON                     ,N,N
116,aa84996                       ,DL_AA_TM_MAM_S                ,RL_COMMON                     ,N,N
117,aa84996                       ,DL_AQI_GBD_PHI                ,RL_COMMON                     ,N,N
118,aa84996                       ,DL_AQI_MBRSHP_PHI             ,RL_COMMON                     ,N,N
119,aa84996                       ,DL_AQI_MDCR_QDM               ,RL_COMMON                     ,N,N
120,aa84996                       ,DL_AQI_PHI                    ,RL_COMMON                     ,N,N
121,aa84996                       ,DL_AQI_SL_IDW_PHI             ,RL_COMMON                     ,N,N
122,aa84996                       ,DL_CLIN_AFF                   ,RL_COMMON                     ,N,N
123,aa84996                       ,DL_DMS_PHI                    ,DATALAB_ALL_DL_DMS_PHI        ,N,Y
124,aa84996                       ,DL_DMS_PHI                    ,DATALAB_ALL_DL_DMS_PHI        ,N,Y
125,aa84996                       ,DL_DMS_PHI                    ,DATALAB_ALL_DL_DMS_PHI        ,N,Y
126,aa84996                       ,DL_DMS_PHI                    ,DATALAB_ALL_DL_DMS_PHI        ,N,Y
127,aa84996                       ,DL_DMS_PHI                    ,DATALAB_ALL_DL_DMS_PHI        ,N,Y
128,aa84996                       ,DL_DMS_PHI                    ,DATALAB_ALL_DL_DMS_PHI        ,N,Y
129,aa84996                       ,DL_DMS_PHI                    ,DATALAB_ALL_DL_DMS_PHI        ,N,Y
130,aa84996                       ,DL_DMS_PHI                    ,DATALAB_ALL_DL_DMS_PHI        ,N,Y
131,aa84996                       ,DL_DMS_PHI                    ,DATALAB_ALL_DL_DMS_PHI        ,N,Y
132,aa84996                       ,DL_DMS_PHI                    ,DATALAB_ALL_DL_DMS_PHI        ,N,Y
133,aa84996                       ,DL_DMS_PHI                    ,DATALAB_ALL_DL_DMS_PHI        ,N,Y
134,aa84996                       ,DL_DMS_PHI                    ,DATALAB_ALL_DL_DMS_PHI        ,N,Y
135,aa84996                       ,DL_DMS_PHI                    ,DATALAB_ALL_DL_DMS_PHI        ,N,Y
136,aa84996                       ,DL_DMS_PHI                    ,DATALAB_ALL_DL_DMS_PHI        ,N,Y
137,aa84996                       ,DL_DMS_PHI                    ,DATALAB_ALL_DL_DMS_PHI        ,N,Y
138,aa84996                       ,DL_DMS_PHI                    ,DATALAB_ALL_DL_DMS_PHI        ,N,Y
139,aa84996                       ,DL_DMS_PHI                    ,DATALAB_ALL_DL_DMS_PHI        ,N,Y
140,aa84996                       ,DL_DMS_PHI                    ,DATALAB_ALL_DL_DMS_PHI        ,N,Y
141,aa84996                       ,DL_DMS_PHI                    ,DATALAB_ALL_DL_DMS_PHI        ,N,Y
142,aa84996                       ,DL_DMS_PHI                    ,DATALAB_READ_DL_DMS_PHI       ,N,Y
143,aa84996                       ,DL_DMS_PHI                    ,RL_COMMON                     ,N,N
144,aa84996                       ,DL_PM_TM_VBESAB01             ,RL_COMMON                     ,N,N
145,AA97660                       ,DL_AA_TM_MAM_S                ,RL_COMMON                     ,N,N
146,AA97660                       ,DL_AQI_GBD_PHI                ,RL_COMMON                     ,N,N
147,AA97660                       ,DL_AQI_MBRSHP_PHI             ,RL_COMMON                     ,N,N
148,AA97660                       ,DL_AQI_MDCR_QDM               ,RL_COMMON                     ,N,N
149,AA97660                       ,DL_AQI_PHI                    ,RL_COMMON                     ,N,N
150,AA97660                       ,DL_AQI_SL_IDW_PHI             ,RL_COMMON                     ,N,N
151,AA97660                       ,DL_CLIN_AFF                   ,RL_COMMON                     ,N,N
152,AA97660                       ,DL_DMS_PHI                    ,DATALAB_ALL_DL_DMS_PHI        ,N,N
153,AA97660                       ,DL_DMS_PHI                    ,DATALAB_ALL_DL_DMS_PHI        ,N,N
154,AA97660                       ,DL_DMS_PHI                    ,DATALAB_ALL_DL_DMS_PHI        ,N,N
155,AA97660                       ,DL_DMS_PHI                    ,DATALAB_ALL_DL_DMS_PHI        ,N,N
156,AA97660                       ,DL_DMS_PHI                    ,DATALAB_ALL_DL_DMS_PHI        ,N,N
157,AA97660                       ,DL_DMS_PHI                    ,DATALAB_ALL_DL_DMS_PHI        ,N,N
158,AA97660                       ,DL_DMS_PHI                    ,DATALAB_ALL_DL_DMS_PHI        ,N,N
159,AA97660                       ,DL_DMS_PHI                    ,DATALAB_ALL_DL_DMS_PHI        ,N,N
160,AA97660                       ,DL_DMS_PHI                    ,DATALAB_ALL_DL_DMS_PHI        ,N,N
161,AA97660                       ,DL_DMS_PHI                    ,DATALAB_ALL_DL_DMS_PHI        ,N,N
162,AA97660                       ,DL_DMS_PHI                    ,DATALAB_ALL_DL_DMS_PHI        ,N,N
163,AA97660                       ,DL_DMS_PHI                    ,DATALAB_ALL_DL_DMS_PHI        ,N,N
164,AA97660                       ,DL_DMS_PHI                    ,DATALAB_ALL_DL_DMS_PHI        ,N,N
165,AA97660                       ,DL_DMS_PHI                    ,DATALAB_ALL_DL_DMS_PHI        ,N,N
166,AA97660                       ,DL_DMS_PHI                    ,DATALAB_ALL_DL_DMS_PHI        ,N,N
167,AA97660                       ,DL_DMS_PHI                    ,DATALAB_ALL_DL_DMS_PHI        ,N,N
168,AA97660                       ,DL_DMS_PHI                    ,DATALAB_ALL_DL_DMS_PHI        ,N,N
169,AA97660                       ,DL_DMS_PHI                    ,DATALAB_ALL_DL_DMS_PHI        ,N,N
170,AA97660                       ,DL_DMS_PHI                    ,DATALAB_ALL_DL_DMS_PHI        ,N,N
171,AA97660                       ,DL_DMS_PHI                    ,RL_COMMON                     ,N,N
172,AA97660                       ,DL_PM_TM_VBESAB01             ,RL_COMMON                     ,N,N
173,AA98466                       ,DL_AA_TM_MAM_S                ,RL_COMMON                     ,N,N
174,AA98466                       ,DL_AQI_GBD_PHI                ,RL_COMMON                     ,N,N
175,AA98466                       ,DL_AQI_MBRSHP_PHI             ,DATALAB_ALL_DL_AQI_MBRSHP_PHI ,N,N
176,AA98466                       ,DL_AQI_MBRSHP_PHI             ,DATALAB_ALL_DL_AQI_MBRSHP_PHI ,N,N
177,AA98466                       ,DL_AQI_MBRSHP_PHI             ,DATALAB_ALL_DL_AQI_MBRSHP_PHI ,N,N
178,AA98466                       ,DL_AQI_MBRSHP_PHI             ,DATALAB_ALL_DL_AQI_MBRSHP_PHI ,N,N
179,AA98466                       ,DL_AQI_MBRSHP_PHI             ,DATALAB_ALL_DL_AQI_MBRSHP_PHI ,N,N
180,AA98466                       ,DL_AQI_MBRSHP_PHI             ,DATALAB_ALL_DL_AQI_MBRSHP_PHI ,N,N
181,AA98466                       ,DL_AQI_MBRSHP_PHI             ,DATALAB_ALL_DL_AQI_MBRSHP_PHI ,N,N
182,AA98466                       ,DL_AQI_MBRSHP_PHI             ,DATALAB_ALL_DL_AQI_MBRSHP_PHI ,N,N
183,AA98466                       ,DL_AQI_MBRSHP_PHI             ,DATALAB_ALL_DL_AQI_MBRSHP_PHI ,N,N
184,AA98466                       ,DL_AQI_MBRSHP_PHI             ,DATALAB_ALL_DL_AQI_MBRSHP_PHI ,N,N
185,AA98466                       ,DL_AQI_MBRSHP_PHI             ,DATALAB_ALL_DL_AQI_MBRSHP_PHI ,N,N
186,AA98466                       ,DL_AQI_MBRSHP_PHI             ,DATALAB_ALL_DL_AQI_MBRSHP_PHI ,N,N
187,AA98466                       ,DL_AQI_MBRSHP_PHI             ,DATALAB_ALL_DL_AQI_MBRSHP_PHI ,N,N
188,AA98466                       ,DL_AQI_MBRSHP_PHI             ,DATALAB_ALL_DL_AQI_MBRSHP_PHI ,N,N
189,AA98466                       ,DL_AQI_MBRSHP_PHI             ,DATALAB_ALL_DL_AQI_MBRSHP_PHI ,N,N
190,AA98466                       ,DL_AQI_MBRSHP_PHI             ,DATALAB_ALL_DL_AQI_MBRSHP_PHI ,N,N
191,AA98466                       ,DL_AQI_MBRSHP_PHI             ,DATALAB_ALL_DL_AQI_MBRSHP_PHI ,N,N
192,AA98466                       ,DL_AQI_MBRSHP_PHI             ,DATALAB_ALL_DL_AQI_MBRSHP_PHI ,N,N
193,AA98466                       ,DL_AQI_MBRSHP_PHI             ,DATALAB_ALL_DL_AQI_MBRSHP_PHI ,N,N
194,AA98466                       ,DL_AQI_MBRSHP_PHI             ,RL_COMMON                     ,N,N
195,AA98466                       ,DL_AQI_MDCR_QDM               ,RL_COMMON                     ,N,N
196,AA98466                       ,DL_AQI_PHI                    ,DATALAB_ALL_DL_AQI_PHI        ,N,N
197,AA98466                       ,DL_AQI_PHI                    ,DATALAB_ALL_DL_AQI_PHI        ,N,N
198,AA98466                       ,DL_AQI_PHI                    ,DATALAB_ALL_DL_AQI_PHI        ,N,N
199,AA98466                       ,DL_AQI_PHI                    ,DATALAB_ALL_DL_AQI_PHI        ,N,N
200,AA98466                       ,DL_AQI_PHI                    ,DATALAB_ALL_DL_AQI_PHI        ,N,N
201,AA98466                       ,DL_AQI_PHI                    ,DATALAB_ALL_DL_AQI_PHI        ,N,N
202,AA98466                       ,DL_AQI_PHI                    ,DATALAB_ALL_DL_AQI_PHI        ,N,N
203,AA98466                       ,DL_AQI_PHI                    ,DATALAB_ALL_DL_AQI_PHI        ,N,N
204,AA98466                       ,DL_AQI_PHI                    ,DATALAB_ALL_DL_AQI_PHI        ,N,N
205,AA98466                       ,DL_AQI_PHI                    ,DATALAB_ALL_DL_AQI_PHI        ,N,N
206,AA98466                       ,DL_AQI_PHI                    ,DATALAB_ALL_DL_AQI_PHI        ,N,N
207,AA98466                       ,DL_AQI_PHI                    ,DATALAB_ALL_DL_AQI_PHI        ,N,N
208,AA98466                       ,DL_AQI_PHI                    ,DATALAB_ALL_DL_AQI_PHI        ,N,N
209,AA98466                       ,DL_AQI_PHI                    ,DATALAB_ALL_DL_AQI_PHI        ,N,N
210,AA98466                       ,DL_AQI_PHI                    ,DATALAB_ALL_DL_AQI_PHI        ,N,N
211,AA98466                       ,DL_AQI_PHI                    ,DATALAB_ALL_DL_AQI_PHI        ,N,N
212,AA98466                       ,DL_AQI_PHI                    ,DATALAB_ALL_DL_AQI_PHI        ,N,N
213,AA98466                       ,DL_AQI_PHI                    ,DATALAB_ALL_DL_AQI_PHI        ,N,N
214,AA98466                       ,DL_AQI_PHI                    ,DATALAB_ALL_DL_AQI_PHI        ,N,N
215,AA98466                       ,DL_AQI_PHI                    ,RL_COMMON                     ,N,N
216,AA98466                       ,DL_AQI_SL_IDW_PHI             ,DATALAB_READ_DL_AQI_SL_IDW_PHI,N,N
217,AA98466                       ,DL_AQI_SL_IDW_PHI             ,DATALAB_READ_DL_AQI_SL_IDW_PHI,N,N
218,AA98466                       ,DL_AQI_SL_IDW_PHI             ,DATALAB_READ_DL_AQI_SL_IDW_PHI,N,N
219,AA98466                       ,DL_AQI_SL_IDW_PHI             ,DATALAB_READ_DL_AQI_SL_IDW_PHI,N,N
220,AA98466                       ,DL_AQI_SL_IDW_PHI             ,DATALAB_READ_DL_AQI_SL_IDW_PHI,N,N
221,AA98466                       ,DL_AQI_SL_IDW_PHI             ,DATALAB_READ_DL_AQI_SL_IDW_PHI,N,N
222,AA98466                       ,DL_AQI_SL_IDW_PHI             ,DATALAB_READ_DL_AQI_SL_IDW_PHI,N,N
223,AA98466                       ,DL_AQI_SL_IDW_PHI             ,DATALAB_READ_DL_AQI_SL_IDW_PHI,N,N
224,AA98466                       ,DL_AQI_SL_IDW_PHI             ,DATALAB_READ_DL_AQI_SL_IDW_PHI,N,N
225,AA98466                       ,DL_AQI_SL_IDW_PHI             ,DATALAB_READ_DL_AQI_SL_IDW_PHI,N,N
226,AA98466                       ,DL_AQI_SL_IDW_PHI             ,DATALAB_READ_DL_AQI_SL_IDW_PHI,N,N
227,AA98466                       ,DL_AQI_SL_IDW_PHI             ,DATALAB_READ_DL_AQI_SL_IDW_PHI,N,N
228,AA98466                       ,DL_AQI_SL_IDW_PHI             ,DATALAB_READ_DL_AQI_SL_IDW_PHI,N,N
229,AA98466                       ,DL_AQI_SL_IDW_PHI             ,DATALAB_READ_DL_AQI_SL_IDW_PHI,N,N
230,AA98466                       ,DL_AQI_SL_IDW_PHI             ,DATALAB_READ_DL_AQI_SL_IDW_PHI,N,N
231,AA98466                       ,DL_AQI_SL_IDW_PHI             ,DATALAB_READ_DL_AQI_SL_IDW_PHI,N,N
232,AA98466                       ,DL_AQI_SL_IDW_PHI             ,DATALAB_READ_DL_AQI_SL_IDW_PHI,N,N
233,AA98466                       ,DL_AQI_SL_IDW_PHI             ,DATALAB_READ_DL_AQI_SL_IDW_PHI,N,N
234,AA98466                       ,DL_AQI_SL_IDW_PHI             ,DATALAB_READ_DL_AQI_SL_IDW_PHI,N,N
235,AA98466                       ,DL_AQI_SL_IDW_PHI             ,RL_COMMON                     ,N,N
236,AA98466                       ,DL_CLIN_AFF                   ,RL_COMMON                     ,N,N
237,AA98466                       ,DL_DMS_PHI                    ,RL_COMMON                     ,N,N
238,AA98466                       ,DL_PM_TM_VBESAB01             ,RL_COMMON                     ,N,N
239,AB02412                       ,DL_AA_TM_MAM_S                ,RL_COMMON                     ,N,N
240,AB02412                       ,DL_AQI_GBD_PHI                ,DATALAB_READ_DL_AQI_GBD_PHI   ,N,N
241,AB02412                       ,DL_AQI_GBD_PHI                ,DATALAB_READ_DL_AQI_PHI       ,N,N
242,AB02412                       ,DL_AQI_GBD_PHI                ,RL_COMMON                     ,N,N
243,AB02412                       ,DL_AQI_MBRSHP_PHI             ,RL_COMMON                     ,N,N
244,AB02412                       ,DL_AQI_MDCR_QDM               ,RL_COMMON                     ,N,N
245,AB02412                       ,DL_AQI_PHI                    ,DATALAB_READ_DL_AQI_PHI       ,N,N
246,AB02412                       ,DL_AQI_PHI                    ,RL_COMMON                     ,N,N
247,AB02412                       ,DL_AQI_SL_IDW_PHI             ,DATALAB_READ_DL_AQI_SL_IDW_PHI,N,N
248,AB02412                       ,DL_AQI_SL_IDW_PHI             ,DATALAB_READ_DL_AQI_SL_IDW_PHI,N,N
249,AB02412                       ,DL_AQI_SL_IDW_PHI             ,DATALAB_READ_DL_AQI_SL_IDW_PHI,N,N
250,AB02412                       ,DL_AQI_SL_IDW_PHI             ,DATALAB_READ_DL_AQI_SL_IDW_PHI,N,N
251,AB02412                       ,DL_AQI_SL_IDW_PHI             ,DATALAB_READ_DL_AQI_SL_IDW_PHI,N,N
252,AB02412                       ,DL_AQI_SL_IDW_PHI             ,DATALAB_READ_DL_AQI_SL_IDW_PHI,N,N
253,AB02412                       ,DL_AQI_SL_IDW_PHI             ,DATALAB_READ_DL_AQI_SL_IDW_PHI,N,N
254,AB02412                       ,DL_AQI_SL_IDW_PHI             ,DATALAB_READ_DL_AQI_SL_IDW_PHI,N,N
255,AB02412                       ,DL_AQI_SL_IDW_PHI             ,DATALAB_READ_DL_AQI_SL_IDW_PHI,N,N
256,AB02412                       ,DL_AQI_SL_IDW_PHI             ,DATALAB_READ_DL_AQI_SL_IDW_PHI,N,N
257,AB02412                       ,DL_AQI_SL_IDW_PHI             ,DATALAB_READ_DL_AQI_SL_IDW_PHI,N,N
258,AB02412                       ,DL_AQI_SL_IDW_PHI             ,DATALAB_READ_DL_AQI_SL_IDW_PHI,N,N
259,AB02412                       ,DL_AQI_SL_IDW_PHI             ,DATALAB_READ_DL_AQI_SL_IDW_PHI,N,N
260,AB02412                       ,DL_AQI_SL_IDW_PHI             ,DATALAB_READ_DL_AQI_SL_IDW_PHI,N,N
261,AB02412                       ,DL_AQI_SL_IDW_PHI             ,DATALAB_READ_DL_AQI_SL_IDW_PHI,N,N
262,AB02412                       ,DL_AQI_SL_IDW_PHI             ,DATALAB_READ_DL_AQI_SL_IDW_PHI,N,N
263,AB02412                       ,DL_AQI_SL_IDW_PHI             ,DATALAB_READ_DL_AQI_SL_IDW_PHI,N,N
264,AB02412                       ,DL_AQI_SL_IDW_PHI             ,DATALAB_READ_DL_AQI_SL_IDW_PHI,N,N
265,AB02412                       ,DL_AQI_SL_IDW_PHI             ,DATALAB_READ_DL_AQI_SL_IDW_PHI,N,N
266,AB02412                       ,DL_AQI_SL_IDW_PHI             ,RL_COMMON                     ,N,N
267,AB02412                       ,DL_CLIN_AFF                   ,RL_COMMON                     ,N,N
268,AB02412                       ,DL_DMS_PHI                    ,RL_COMMON                     ,N,N
269,AB02412                       ,DL_PM_TM_VBESAB01             ,RL_COMMON                     ,N,N
270,AB21599                       ,DL_AA_TM_MAM_S                ,RL_COMMON                     ,N,N
271,AB21599                       ,DL_AQI_GBD_PHI                ,RL_COMMON                     ,N,N
272,AB21599                       ,DL_AQI_MBRSHP_PHI             ,RL_COMMON                     ,N,N
273,AB21599                       ,DL_AQI_MDCR_QDM               ,RL_COMMON                     ,N,N
274,AB21599                       ,DL_AQI_PHI                    ,RL_COMMON                     ,N,N
275,AB21599                       ,DL_AQI_SL_IDW_PHI             ,RL_COMMON                     ,N,N
276,AB21599                       ,DL_CLIN_AFF                   ,RL_COMMON                     ,N,N
277,AB21599                       ,DL_DMS_PHI                    ,DATALAB_ALL_DL_DMS_PHI        ,N,N
278,AB21599                       ,DL_DMS_PHI                    ,DATALAB_ALL_DL_DMS_PHI        ,N,N
279,AB21599                       ,DL_DMS_PHI                    ,DATALAB_ALL_DL_DMS_PHI        ,N,N
280,AB21599                       ,DL_DMS_PHI                    ,DATALAB_ALL_DL_DMS_PHI        ,N,N
281,AB21599                       ,DL_DMS_PHI                    ,DATALAB_ALL_DL_DMS_PHI        ,N,N
282,AB21599                       ,DL_DMS_PHI                    ,DATALAB_ALL_DL_DMS_PHI        ,N,N
283,AB21599                       ,DL_DMS_PHI                    ,DATALAB_ALL_DL_DMS_PHI        ,N,N
284,AB21599                       ,DL_DMS_PHI                    ,DATALAB_ALL_DL_DMS_PHI        ,N,N
285,AB21599                       ,DL_DMS_PHI                    ,DATALAB_ALL_DL_DMS_PHI        ,N,N
286,AB21599                       ,DL_DMS_PHI                    ,DATALAB_ALL_DL_DMS_PHI        ,N,N
287,AB21599                       ,DL_DMS_PHI                    ,DATALAB_ALL_DL_DMS_PHI        ,N,N
288,AB21599                       ,DL_DMS_PHI                    ,DATALAB_ALL_DL_DMS_PHI        ,N,N
289,AB21599                       ,DL_DMS_PHI                    ,DATALAB_ALL_DL_DMS_PHI        ,N,N
290,AB21599                       ,DL_DMS_PHI                    ,DATALAB_ALL_DL_DMS_PHI        ,N,N
291,AB21599                       ,DL_DMS_PHI                    ,DATALAB_ALL_DL_DMS_PHI        ,N,N
292,AB21599                       ,DL_DMS_PHI                    ,DATALAB_ALL_DL_DMS_PHI        ,N,N
293,AB21599                       ,DL_DMS_PHI                    ,DATALAB_ALL_DL_DMS_PHI        ,N,N
294,AB21599                       ,DL_DMS_PHI                    ,DATALAB_ALL_DL_DMS_PHI        ,N,N
295,AB21599                       ,DL_DMS_PHI                    ,DATALAB_ALL_DL_DMS_PHI        ,N,N
296,AB21599                       ,DL_DMS_PHI                    ,RL_COMMON                     ,N,N
297,AB21599                       ,DL_PM_TM_VBESAB01             ,RL_COMMON                     ,N,N
298,AB36495                       ,DL_AA_TM_MAM_S                ,RL_COMMON                     ,N,N
299,AB36495                       ,DL_AQI_GBD_PHI                ,RL_COMMON                     ,N,N
300,AB36495                       ,DL_AQI_MBRSHP_PHI             ,RL_COMMON                     ,N,N
301,AB36495                       ,DL_AQI_MDCR_QDM               ,RL_COMMON                     ,N,N
302,AB36495                       ,DL_AQI_PHI                    ,RL_COMMON                     ,N,N
303,AB36495                       ,DL_AQI_SL_IDW_PHI             ,RL_COMMON                     ,N,N
304,AB36495                       ,DL_CLIN_AFF                   ,RL_COMMON                     ,N,N
305,AB36495                       ,DL_DMS_PHI                    ,RL_COMMON                     ,N,N
306,AB36495                       ,DL_PM_TM_VBESAB01             ,DATALAB_READ_DL_PM_TM_VBESAB01,N,N
307,AB36495                       ,DL_PM_TM_VBESAB01             ,RL_COMMON                     ,N,N
308,AB57152                       ,DL_AA_TM_MAM_S                ,RL_COMMON                     ,N,N
309,AB57152                       ,DL_AQI_GBD_PHI                ,RL_COMMON                     ,N,N
310,AB57152                       ,DL_AQI_MBRSHP_PHI             ,RL_COMMON                     ,N,N
311,AB57152                       ,DL_AQI_MDCR_QDM               ,RL_COMMON                     ,N,N
312,AB57152                       ,DL_AQI_PHI                    ,RL_COMMON                     ,N,N
313,AB57152                       ,DL_AQI_SL_IDW_PHI             ,RL_COMMON                     ,N,N
314,AB57152                       ,DL_CLIN_AFF                   ,RL_COMMON                     ,N,N
315,AB57152                       ,DL_DMS_PHI                    ,RL_COMMON                     ,N,N
316,AB57152                       ,DL_PM_TM_VBESAB01             ,RL_COMMON                     ,N,N
317,AB57407                       ,DL_AA_TM_MAM_S                ,RL_COMMON                     ,N,N
318,AB57407                       ,DL_AQI_GBD_PHI                ,RL_COMMON                     ,N,N
319,AB57407                       ,DL_AQI_MBRSHP_PHI             ,RL_COMMON                     ,N,N
320,AB57407                       ,DL_AQI_MDCR_QDM               ,RL_COMMON                     ,N,N
321,AB57407                       ,DL_AQI_PHI                    ,RL_COMMON                     ,N,N
322,AB57407                       ,DL_AQI_SL_IDW_PHI             ,RL_COMMON                     ,N,N
323,AB57407                       ,DL_CLIN_AFF                   ,RL_COMMON                     ,N,N
324,AB57407                       ,DL_DMS_PHI                    ,RL_COMMON                     ,N,N
325,AB57407                       ,DL_PM_TM_VBESAB01             ,RL_COMMON                     ,N,N
326,AB60973                       ,DL_AA_TM_MAM_S                ,RL_COMMON                     ,N,N
327,AB60973                       ,DL_AQI_GBD_PHI                ,RL_COMMON                     ,N,N
328,AB60973                       ,DL_AQI_MBRSHP_PHI             ,RL_COMMON                     ,N,N
329,AB60973                       ,DL_AQI_MDCR_QDM               ,RL_COMMON                     ,N,N
330,AB60973                       ,DL_AQI_PHI                    ,RL_COMMON                     ,N,N
331,AB60973                       ,DL_AQI_SL_IDW_PHI             ,RL_COMMON                     ,N,N
332,AB60973                       ,DL_CLIN_AFF                   ,RL_COMMON                     ,N,N
333,AB60973                       ,DL_DMS_PHI                    ,RL_COMMON                     ,N,N
334,AB60973                       ,DL_PM_TM_VBESAB01             ,RL_COMMON                     ,N,N
335,AB62314                       ,DL_AA_TM_MAM_S                ,RL_COMMON                     ,N,N
336,AB62314                       ,DL_AQI_GBD_PHI                ,RL_COMMON                     ,N,N
337,AB62314                       ,DL_AQI_MBRSHP_PHI             ,RL_COMMON                     ,N,N
338,AB62314                       ,DL_AQI_MDCR_QDM               ,DATALAB_READ_DL_AQI_MDCR_PHI  ,N,N
339,AB62314                       ,DL_AQI_MDCR_QDM               ,RL_COMMON                     ,N,N
340,AB62314                       ,DL_AQI_PHI                    ,RL_COMMON                     ,N,N
341,AB62314                       ,DL_AQI_SL_IDW_PHI             ,RL_COMMON                     ,N,N
342,AB62314                       ,DL_CLIN_AFF                   ,RL_COMMON                     ,N,N
343,AB62314                       ,DL_DMS_PHI                    ,RL_COMMON                     ,N,N
344,AB62314                       ,DL_PM_TM_VBESAB01             ,RL_COMMON                     ,N,N
345,AB67547                       ,DL_AA_TM_MAM_S                ,RL_COMMON                     ,N,N
346,AB67547                       ,DL_AQI_GBD_PHI                ,RL_COMMON                     ,N,N
347,AB67547                       ,DL_AQI_MBRSHP_PHI             ,RL_COMMON                     ,N,N
348,AB67547                       ,DL_AQI_MDCR_QDM               ,RL_COMMON                     ,N,N
349,AB67547                       ,DL_AQI_PHI                    ,RL_COMMON                     ,N,N
350,AB67547                       ,DL_AQI_SL_IDW_PHI             ,RL_COMMON                     ,N,N
351,AB67547                       ,DL_CLIN_AFF                   ,RL_COMMON                     ,N,N
352,AB67547                       ,DL_DMS_PHI                    ,RL_COMMON                     ,N,N
353,AB67547                       ,DL_PM_TM_VBESAB01             ,RL_COMMON                     ,N,N
354,AB71407                       ,DL_AA_TM_MAM_S                ,RL_COMMON                     ,N,N
355,AB71407                       ,DL_AQI_GBD_PHI                ,DATALAB_READ_DL_AQI_GBD_PHI   ,N,N
356,AB71407                       ,DL_AQI_GBD_PHI                ,RL_COMMON                     ,N,N
357,AB71407                       ,DL_AQI_MBRSHP_PHI             ,DATALAB_READ_DL_AQI_MBRSHP_PHI,N,N
358,AB71407                       ,DL_AQI_MBRSHP_PHI             ,RL_COMMON                     ,N,N
359,AB71407                       ,DL_AQI_MDCR_QDM               ,RL_COMMON                     ,N,N
360,AB71407                       ,DL_AQI_PHI                    ,RL_COMMON                     ,N,N
361,AB71407                       ,DL_AQI_SL_IDW_PHI             ,RL_COMMON                     ,N,N
362,AB71407                       ,DL_CLIN_AFF                   ,RL_COMMON                     ,N,N
363,AB71407                       ,DL_DMS_PHI                    ,RL_COMMON                     ,N,N
364,AB71407                       ,DL_PM_TM_VBESAB01             ,RL_COMMON                     ,N,N
365,AB73356                       ,DL_AA_TM_MAM_S                ,RL_COMMON                     ,N,N
366,AB73356                       ,DL_AQI_GBD_PHI                ,RL_COMMON                     ,N,N
367,AB73356                       ,DL_AQI_MBRSHP_PHI             ,RL_COMMON                     ,N,N
368,AB73356                       ,DL_AQI_MDCR_QDM               ,RL_COMMON                     ,N,N
369,AB73356                       ,DL_AQI_PHI                    ,RL_COMMON                     ,N,N
370,AB73356                       ,DL_AQI_SL_IDW_PHI             ,RL_COMMON                     ,N,N
371,AB73356                       ,DL_CLIN_AFF                   ,RL_COMMON                     ,N,N
372,AB73356                       ,DL_DMS_PHI                    ,DATALAB_ALL_DL_DMS_PHI        ,N,N
373,AB73356                       ,DL_DMS_PHI                    ,DATALAB_ALL_DL_DMS_PHI        ,N,N
374,AB73356                       ,DL_DMS_PHI                    ,DATALAB_ALL_DL_DMS_PHI        ,N,N
375,AB73356                       ,DL_DMS_PHI                    ,DATALAB_ALL_DL_DMS_PHI        ,N,N
376,AB73356                       ,DL_DMS_PHI                    ,DATALAB_ALL_DL_DMS_PHI        ,N,N
377,AB73356                       ,DL_DMS_PHI                    ,DATALAB_ALL_DL_DMS_PHI        ,N,N
378,AB73356                       ,DL_DMS_PHI                    ,DATALAB_ALL_DL_DMS_PHI        ,N,N
379,AB73356                       ,DL_DMS_PHI                    ,DATALAB_ALL_DL_DMS_PHI        ,N,N
380,AB73356                       ,DL_DMS_PHI                    ,DATALAB_ALL_DL_DMS_PHI        ,N,N
381,AB73356                       ,DL_DMS_PHI                    ,DATALAB_ALL_DL_DMS_PHI        ,N,N
382,AB73356                       ,DL_DMS_PHI                    ,DATALAB_ALL_DL_DMS_PHI        ,N,N
383,AB73356                       ,DL_DMS_PHI                    ,DATALAB_ALL_DL_DMS_PHI        ,N,N
384,AB73356                       ,DL_DMS_PHI                    ,DATALAB_ALL_DL_DMS_PHI        ,N,N
385,AB73356                       ,DL_DMS_PHI                    ,DATALAB_ALL_DL_DMS_PHI        ,N,N
386,AB73356                       ,DL_DMS_PHI                    ,DATALAB_ALL_DL_DMS_PHI        ,N,N
387,AB73356                       ,DL_DMS_PHI                    ,DATALAB_ALL_DL_DMS_PHI        ,N,N
388,AB73356                       ,DL_DMS_PHI                    ,DATALAB_ALL_DL_DMS_PHI        ,N,N
389,AB73356                       ,DL_DMS_PHI                    ,DATALAB_ALL_DL_DMS_PHI        ,N,N
390,AB73356                       ,DL_DMS_PHI                    ,DATALAB_ALL_DL_DMS_PHI        ,N,N
391,AB73356                       ,DL_DMS_PHI                    ,RL_COMMON                     ,N,N
392,AB73356                       ,DL_PM_TM_VBESAB01             ,RL_COMMON                     ,N,N
393,AC28456                       ,DL_AA_TM_MAM_S                ,RL_COMMON                     ,N,N
394,AC28456                       ,DL_AQI_GBD_PHI                ,RL_COMMON                     ,N,N
395,AC28456                       ,DL_AQI_MBRSHP_PHI             ,RL_COMMON                     ,N,N
396,AC28456                       ,DL_AQI_MDCR_QDM               ,RL_COMMON                     ,N,N
397,AC28456                       ,DL_AQI_PHI                    ,RL_COMMON                     ,N,N
398,AC28456                       ,DL_AQI_SL_IDW_PHI             ,RL_COMMON                     ,N,N
399,AC28456                       ,DL_CLIN_AFF                   ,RL_COMMON                     ,N,N
400,AC28456                       ,DL_DMS_PHI                    ,RL_COMMON                     ,N,N
401,AC28456                       ,DL_PM_TM_VBESAB01             ,DATALAB_ALL_DL_PM_TM_VBESAB01 ,N,N
402,AC28456                       ,DL_PM_TM_VBESAB01             ,DATALAB_ALL_DL_PM_TM_VBESAB01 ,N,N
403,AC28456                       ,DL_PM_TM_VBESAB01             ,DATALAB_ALL_DL_PM_TM_VBESAB01 ,N,N
404,AC28456                       ,DL_PM_TM_VBESAB01             ,DATALAB_ALL_DL_PM_TM_VBESAB01 ,N,N
405,AC28456                       ,DL_PM_TM_VBESAB01             ,DATALAB_ALL_DL_PM_TM_VBESAB01 ,N,N
406,AC28456                       ,DL_PM_TM_VBESAB01             ,DATALAB_ALL_DL_PM_TM_VBESAB01 ,N,N
407,AC28456                       ,DL_PM_TM_VBESAB01             ,DATALAB_ALL_DL_PM_TM_VBESAB01 ,N,N
408,AC28456                       ,DL_PM_TM_VBESAB01             ,DATALAB_ALL_DL_PM_TM_VBESAB01 ,N,N
409,AC28456                       ,DL_PM_TM_VBESAB01             ,DATALAB_ALL_DL_PM_TM_VBESAB01 ,N,N
410,AC28456                       ,DL_PM_TM_VBESAB01             ,DATALAB_ALL_DL_PM_TM_VBESAB01 ,N,N
411,AC28456                       ,DL_PM_TM_VBESAB01             ,DATALAB_ALL_DL_PM_TM_VBESAB01 ,N,N
412,AC28456                       ,DL_PM_TM_VBESAB01             ,DATALAB_ALL_DL_PM_TM_VBESAB01 ,N,N
413,AC28456                       ,DL_PM_TM_VBESAB01             ,DATALAB_ALL_DL_PM_TM_VBESAB01 ,N,N
414,AC28456                       ,DL_PM_TM_VBESAB01             ,DATALAB_ALL_DL_PM_TM_VBESAB01 ,N,N
415,AC28456                       ,DL_PM_TM_VBESAB01             ,DATALAB_ALL_DL_PM_TM_VBESAB01 ,N,N
416,AC28456                       ,DL_PM_TM_VBESAB01             ,DATALAB_ALL_DL_PM_TM_VBESAB01 ,N,N
417,AC28456                       ,DL_PM_TM_VBESAB01             ,DATALAB_ALL_DL_PM_TM_VBESAB01 ,N,N
418,AC28456                       ,DL_PM_TM_VBESAB01             ,DATALAB_ALL_DL_PM_TM_VBESAB01 ,N,N
419,AC28456                       ,DL_PM_TM_VBESAB01             ,DATALAB_ALL_DL_PM_TM_VBESAB01 ,N,N
420,AC28456                       ,DL_PM_TM_VBESAB01             ,RL_COMMON                     ,N,N
421,AC32995                       ,DL_AA_TM_MAM_S                ,RL_COMMON                     ,N,N
422,AC32995                       ,DL_AQI_GBD_PHI                ,DATALAB_READ_DL_AQI_GBD_PHI   ,N,N
423,AC32995                       ,DL_AQI_GBD_PHI                ,RL_COMMON                     ,N,N
424,AC32995                       ,DL_AQI_MBRSHP_PHI             ,DATALAB_READ_DL_AQI_MBRSHP_PHI,N,N
425,AC32995                       ,DL_AQI_MBRSHP_PHI             ,RL_COMMON                     ,N,N
426,AC32995                       ,DL_AQI_MDCR_QDM               ,DATALAB_READ_DL_AQI_MDCR_PHI  ,N,N
427,AC32995                       ,DL_AQI_MDCR_QDM               ,RL_COMMON                     ,N,N
428,AC32995                       ,DL_AQI_PHI                    ,DATALAB_ALL_DL_AQI_PHI        ,N,N
429,AC32995                       ,DL_AQI_PHI                    ,DATALAB_ALL_DL_AQI_PHI        ,N,N
430,AC32995                       ,DL_AQI_PHI                    ,DATALAB_ALL_DL_AQI_PHI        ,N,N
431,AC32995                       ,DL_AQI_PHI                    ,DATALAB_ALL_DL_AQI_PHI        ,N,N
432,AC32995                       ,DL_AQI_PHI                    ,DATALAB_ALL_DL_AQI_PHI        ,N,N
433,AC32995                       ,DL_AQI_PHI                    ,DATALAB_ALL_DL_AQI_PHI        ,N,N
434,AC32995                       ,DL_AQI_PHI                    ,DATALAB_ALL_DL_AQI_PHI        ,N,N
435,AC32995                       ,DL_AQI_PHI                    ,DATALAB_ALL_DL_AQI_PHI        ,N,N
436,AC32995                       ,DL_AQI_PHI                    ,DATALAB_ALL_DL_AQI_PHI        ,N,N
437,AC32995                       ,DL_AQI_PHI                    ,DATALAB_ALL_DL_AQI_PHI        ,N,N
438,AC32995                       ,DL_AQI_PHI                    ,DATALAB_ALL_DL_AQI_PHI        ,N,N
439,AC32995                       ,DL_AQI_PHI                    ,DATALAB_ALL_DL_AQI_PHI        ,N,N
440,AC32995                       ,DL_AQI_PHI                    ,DATALAB_ALL_DL_AQI_PHI        ,N,N
441,AC32995                       ,DL_AQI_PHI                    ,DATALAB_ALL_DL_AQI_PHI        ,N,N
442,AC32995                       ,DL_AQI_PHI                    ,DATALAB_ALL_DL_AQI_PHI        ,N,N
443,AC32995                       ,DL_AQI_PHI                    ,DATALAB_ALL_DL_AQI_PHI        ,N,N
444,AC32995                       ,DL_AQI_PHI                    ,DATALAB_ALL_DL_AQI_PHI        ,N,N
445,AC32995                       ,DL_AQI_PHI                    ,DATALAB_ALL_DL_AQI_PHI        ,N,N
446,AC32995                       ,DL_AQI_PHI                    ,DATALAB_ALL_DL_AQI_PHI        ,N,N
447,AC32995                       ,DL_AQI_PHI                    ,RL_COMMON                     ,N,N
448,AC32995                       ,DL_AQI_SL_IDW_PHI             ,DATALAB_READ_DL_AQI_SL_IDW_PHI,N,N
449,AC32995                       ,DL_AQI_SL_IDW_PHI             ,DATALAB_READ_DL_AQI_SL_IDW_PHI,N,N
450,AC32995                       ,DL_AQI_SL_IDW_PHI             ,DATALAB_READ_DL_AQI_SL_IDW_PHI,N,N
451,AC32995                       ,DL_AQI_SL_IDW_PHI             ,DATALAB_READ_DL_AQI_SL_IDW_PHI,N,N
452,AC32995                       ,DL_AQI_SL_IDW_PHI             ,DATALAB_READ_DL_AQI_SL_IDW_PHI,N,N
453,AC32995                       ,DL_AQI_SL_IDW_PHI             ,DATALAB_READ_DL_AQI_SL_IDW_PHI,N,N
454,AC32995                       ,DL_AQI_SL_IDW_PHI             ,DATALAB_READ_DL_AQI_SL_IDW_PHI,N,N
455,AC32995                       ,DL_AQI_SL_IDW_PHI             ,DATALAB_READ_DL_AQI_SL_IDW_PHI,N,N
456,AC32995                       ,DL_AQI_SL_IDW_PHI             ,DATALAB_READ_DL_AQI_SL_IDW_PHI,N,N
457,AC32995                       ,DL_AQI_SL_IDW_PHI             ,DATALAB_READ_DL_AQI_SL_IDW_PHI,N,N
458,AC32995                       ,DL_AQI_SL_IDW_PHI             ,DATALAB_READ_DL_AQI_SL_IDW_PHI,N,N
459,AC32995                       ,DL_AQI_SL_IDW_PHI             ,DATALAB_READ_DL_AQI_SL_IDW_PHI,N,N
460,AC32995                       ,DL_AQI_SL_IDW_PHI             ,DATALAB_READ_DL_AQI_SL_IDW_PHI,N,N
461,AC32995                       ,DL_AQI_SL_IDW_PHI             ,DATALAB_READ_DL_AQI_SL_IDW_PHI,N,N
462,AC32995                       ,DL_AQI_SL_IDW_PHI             ,DATALAB_READ_DL_AQI_SL_IDW_PHI,N,N
463,AC32995                       ,DL_AQI_SL_IDW_PHI             ,DATALAB_READ_DL_AQI_SL_IDW_PHI,N,N
464,AC32995                       ,DL_AQI_SL_IDW_PHI             ,DATALAB_READ_DL_AQI_SL_IDW_PHI,N,N
465,AC32995                       ,DL_AQI_SL_IDW_PHI             ,DATALAB_READ_DL_AQI_SL_IDW_PHI,N,N
466,AC32995                       ,DL_AQI_SL_IDW_PHI             ,DATALAB_READ_DL_AQI_SL_IDW_PHI,N,N
467,AC32995                       ,DL_AQI_SL_IDW_PHI             ,RL_COMMON                     ,N,N
468,AC32995                       ,DL_CLIN_AFF                   ,RL_COMMON                     ,N,N
469,AC32995                       ,DL_DMS_PHI                    ,RL_COMMON                     ,N,N
470,AC32995                       ,DL_PM_TM_VBESAB01             ,RL_COMMON                     ,N,N
471,AC52213                       ,DL_AA_TM_MAM_S                ,RL_COMMON                     ,N,N
472,AC52213                       ,DL_AQI_GBD_PHI                ,DATALAB_READ_DL_AQI_GBD_PHI   ,N,N
473,AC52213                       ,DL_AQI_GBD_PHI                ,RL_COMMON                     ,N,N
474,AC52213                       ,DL_AQI_MBRSHP_PHI             ,RL_COMMON                     ,N,N
475,AC52213                       ,DL_AQI_MDCR_QDM               ,DATALAB_READ_DL_AQI_MDCR_PHI  ,N,N
476,AC52213                       ,DL_AQI_MDCR_QDM               ,RL_COMMON                     ,N,N
477,AC52213                       ,DL_AQI_PHI                    ,RL_COMMON                     ,N,N
478,AC52213                       ,DL_AQI_SL_IDW_PHI             ,DATALAB_READ_DL_AQI_SL_IDW_PHI,N,N
479,AC52213                       ,DL_AQI_SL_IDW_PHI             ,DATALAB_READ_DL_AQI_SL_IDW_PHI,N,N
480,AC52213                       ,DL_AQI_SL_IDW_PHI             ,DATALAB_READ_DL_AQI_SL_IDW_PHI,N,N
481,AC52213                       ,DL_AQI_SL_IDW_PHI             ,DATALAB_READ_DL_AQI_SL_IDW_PHI,N,N
482,AC52213                       ,DL_AQI_SL_IDW_PHI             ,DATALAB_READ_DL_AQI_SL_IDW_PHI,N,N
483,AC52213                       ,DL_AQI_SL_IDW_PHI             ,DATALAB_READ_DL_AQI_SL_IDW_PHI,N,N
484,AC52213                       ,DL_AQI_SL_IDW_PHI             ,DATALAB_READ_DL_AQI_SL_IDW_PHI,N,N
485,AC52213                       ,DL_AQI_SL_IDW_PHI             ,DATALAB_READ_DL_AQI_SL_IDW_PHI,N,N
486,AC52213                       ,DL_AQI_SL_IDW_PHI             ,DATALAB_READ_DL_AQI_SL_IDW_PHI,N,N
487,AC52213                       ,DL_AQI_SL_IDW_PHI             ,DATALAB_READ_DL_AQI_SL_IDW_PHI,N,N
488,AC52213                       ,DL_AQI_SL_IDW_PHI             ,DATALAB_READ_DL_AQI_SL_IDW_PHI,N,N
489,AC52213                       ,DL_AQI_SL_IDW_PHI             ,DATALAB_READ_DL_AQI_SL_IDW_PHI,N,N
490,AC52213                       ,DL_AQI_SL_IDW_PHI             ,DATALAB_READ_DL_AQI_SL_IDW_PHI,N,N
491,AC52213                       ,DL_AQI_SL_IDW_PHI             ,DATALAB_READ_DL_AQI_SL_IDW_PHI,N,N
492,AC52213                       ,DL_AQI_SL_IDW_PHI             ,DATALAB_READ_DL_AQI_SL_IDW_PHI,N,N
493,AC52213                       ,DL_AQI_SL_IDW_PHI             ,DATALAB_READ_DL_AQI_SL_IDW_PHI,N,N
494,AC52213                       ,DL_AQI_SL_IDW_PHI             ,DATALAB_READ_DL_AQI_SL_IDW_PHI,N,N
495,AC52213                       ,DL_AQI_SL_IDW_PHI             ,DATALAB_READ_DL_AQI_SL_IDW_PHI,N,N
496,AC52213                       ,DL_AQI_SL_IDW_PHI             ,DATALAB_READ_DL_AQI_SL_IDW_PHI,N,N
497,AC52213                       ,DL_AQI_SL_IDW_PHI             ,RL_COMMON                     ,N,N
498,AC52213                       ,DL_CLIN_AFF                   ,RL_COMMON                     ,N,N
499,AC52213                       ,DL_DMS_PHI                    ,RL_COMMON                     ,N,N
500,AC52213                       ,DL_PM_TM_VBESAB01             ,RL_COMMON                     ,N,N
501,AC70715                       ,DL_AA_TM_MAM_S                ,RL_COMMON                     ,N,N
502,AC70715                       ,DL_AQI_GBD_PHI                ,RL_COMMON                     ,N,N
503,AC70715                       ,DL_AQI_MBRSHP_PHI             ,RL_COMMON                     ,N,N
504,AC70715                       ,DL_AQI_MDCR_QDM               ,RL_COMMON                     ,N,N
505,AC70715                       ,DL_AQI_PHI                    ,RL_COMMON                     ,N,N
506,AC70715                       ,DL_AQI_SL_IDW_PHI             ,RL_COMMON                     ,N,N
507,AC70715                       ,DL_CLIN_AFF                   ,RL_COMMON                     ,N,N
508,AC70715                       ,DL_DMS_PHI                    ,RL_COMMON                     ,N,N
509,AC70715                       ,DL_PM_TM_VBESAB01             ,RL_COMMON                     ,N,N
510,AC80543                       ,DL_AA_TM_MAM_S                ,RL_COMMON                     ,N,N
511,AC80543                       ,DL_AQI_GBD_PHI                ,RL_COMMON                     ,N,N
512,AC80543                       ,DL_AQI_MBRSHP_PHI             ,RL_COMMON                     ,N,N
513,AC80543                       ,DL_AQI_MDCR_QDM               ,RL_COMMON                     ,N,N
514,AC80543                       ,DL_AQI_PHI                    ,RL_COMMON                     ,N,N
515,AC80543                       ,DL_AQI_SL_IDW_PHI             ,RL_COMMON                     ,N,N
516,AC80543                       ,DL_CLIN_AFF                   ,RL_COMMON                     ,N,N
517,AC80543                       ,DL_DMS_PHI                    ,DATALAB_ALL_DL_DMS_PHI        ,N,N
518,AC80543                       ,DL_DMS_PHI                    ,DATALAB_ALL_DL_DMS_PHI        ,N,N
519,AC80543                       ,DL_DMS_PHI                    ,DATALAB_ALL_DL_DMS_PHI        ,N,N
520,AC80543                       ,DL_DMS_PHI                    ,DATALAB_ALL_DL_DMS_PHI        ,N,N
521,AC80543                       ,DL_DMS_PHI                    ,DATALAB_ALL_DL_DMS_PHI        ,N,N
522,AC80543                       ,DL_DMS_PHI                    ,DATALAB_ALL_DL_DMS_PHI        ,N,N
523,AC80543                       ,DL_DMS_PHI                    ,DATALAB_ALL_DL_DMS_PHI        ,N,N
524,AC80543                       ,DL_DMS_PHI                    ,DATALAB_ALL_DL_DMS_PHI        ,N,N
525,AC80543                       ,DL_DMS_PHI                    ,DATALAB_ALL_DL_DMS_PHI        ,N,N
526,AC80543                       ,DL_DMS_PHI                    ,DATALAB_ALL_DL_DMS_PHI        ,N,N
527,AC80543                       ,DL_DMS_PHI                    ,DATALAB_ALL_DL_DMS_PHI        ,N,N
528,AC80543                       ,DL_DMS_PHI                    ,DATALAB_ALL_DL_DMS_PHI        ,N,N
529,AC80543                       ,DL_DMS_PHI                    ,DATALAB_ALL_DL_DMS_PHI        ,N,N
530,AC80543                       ,DL_DMS_PHI                    ,DATALAB_ALL_DL_DMS_PHI        ,N,N
531,AC80543                       ,DL_DMS_PHI                    ,DATALAB_ALL_DL_DMS_PHI        ,N,N
532,AC80543                       ,DL_DMS_PHI                    ,DATALAB_ALL_DL_DMS_PHI        ,N,N
533,AC80543                       ,DL_DMS_PHI                    ,DATALAB_ALL_DL_DMS_PHI        ,N,N
534,AC80543                       ,DL_DMS_PHI                    ,DATALAB_ALL_DL_DMS_PHI        ,N,N
535,AC80543                       ,DL_DMS_PHI                    ,DATALAB_ALL_DL_DMS_PHI        ,N,N
536,AC80543                       ,DL_DMS_PHI                    ,RL_COMMON                     ,N,N
537,AC80543                       ,DL_PM_TM_VBESAB01             ,RL_COMMON                     ,N,N
538,AC87374                       ,DL_AA_TM_MAM_S                ,RL_COMMON                     ,N,N
539,AC87374                       ,DL_AQI_GBD_PHI                ,RL_COMMON                     ,N,N
540,AC87374                       ,DL_AQI_MBRSHP_PHI             ,RL_COMMON                     ,N,N
541,AC87374                       ,DL_AQI_MDCR_QDM               ,RL_COMMON                     ,N,N
542,AC87374                       ,DL_AQI_PHI                    ,RL_COMMON                     ,N,N
543,AC87374                       ,DL_AQI_SL_IDW_PHI             ,DATALAB_READ_DL_AQI_SL_IDW_PHI,N,N
544,AC87374                       ,DL_AQI_SL_IDW_PHI             ,DATALAB_READ_DL_AQI_SL_IDW_PHI,N,N
545,AC87374                       ,DL_AQI_SL_IDW_PHI             ,DATALAB_READ_DL_AQI_SL_IDW_PHI,N,N
546,AC87374                       ,DL_AQI_SL_IDW_PHI             ,DATALAB_READ_DL_AQI_SL_IDW_PHI,N,N
547,AC87374                       ,DL_AQI_SL_IDW_PHI             ,DATALAB_READ_DL_AQI_SL_IDW_PHI,N,N
548,AC87374                       ,DL_AQI_SL_IDW_PHI             ,DATALAB_READ_DL_AQI_SL_IDW_PHI,N,N
549,AC87374                       ,DL_AQI_SL_IDW_PHI             ,DATALAB_READ_DL_AQI_SL_IDW_PHI,N,N
550,AC87374                       ,DL_AQI_SL_IDW_PHI             ,DATALAB_READ_DL_AQI_SL_IDW_PHI,N,N
551,AC87374                       ,DL_AQI_SL_IDW_PHI             ,DATALAB_READ_DL_AQI_SL_IDW_PHI,N,N
552,AC87374                       ,DL_AQI_SL_IDW_PHI             ,DATALAB_READ_DL_AQI_SL_IDW_PHI,N,N
553,AC87374                       ,DL_AQI_SL_IDW_PHI             ,DATALAB_READ_DL_AQI_SL_IDW_PHI,N,N
554,AC87374                       ,DL_AQI_SL_IDW_PHI             ,DATALAB_READ_DL_AQI_SL_IDW_PHI,N,N
555,AC87374                       ,DL_AQI_SL_IDW_PHI             ,DATALAB_READ_DL_AQI_SL_IDW_PHI,N,N
556,AC87374                       ,DL_AQI_SL_IDW_PHI             ,DATALAB_READ_DL_AQI_SL_IDW_PHI,N,N
557,AC87374                       ,DL_AQI_SL_IDW_PHI             ,DATALAB_READ_DL_AQI_SL_IDW_PHI,N,N
558,AC87374                       ,DL_AQI_SL_IDW_PHI             ,DATALAB_READ_DL_AQI_SL_IDW_PHI,N,N
559,AC87374                       ,DL_AQI_SL_IDW_PHI             ,DATALAB_READ_DL_AQI_SL_IDW_PHI,N,N
560,AC87374                       ,DL_AQI_SL_IDW_PHI             ,DATALAB_READ_DL_AQI_SL_IDW_PHI,N,N
561,AC87374                       ,DL_AQI_SL_IDW_PHI             ,DATALAB_READ_DL_AQI_SL_IDW_PHI,N,N
562,AC87374                       ,DL_AQI_SL_IDW_PHI             ,RL_COMMON                     ,N,N
563,AC87374                       ,DL_CLIN_AFF                   ,RL_COMMON                     ,N,N
564,AC87374                       ,DL_DMS_PHI                    ,RL_COMMON                     ,N,N
565,AC87374                       ,DL_PM_TM_VBESAB01             ,RL_COMMON                     ,N,N
566,AC88552                       ,DL_AA_TM_MAM_S                ,RL_COMMON                     ,N,N
567,AC88552                       ,DL_AQI_GBD_PHI                ,DATALAB_READ_DL_AQI_GBD_PHI   ,N,N
568,AC88552                       ,DL_AQI_GBD_PHI                ,RL_COMMON                     ,N,N
569,AC88552                       ,DL_AQI_MBRSHP_PHI             ,DATALAB_ALL_DL_AQI_MBRSHP_PHI ,N,N
570,AC88552                       ,DL_AQI_MBRSHP_PHI             ,DATALAB_ALL_DL_AQI_MBRSHP_PHI ,N,N
571,AC88552                       ,DL_AQI_MBRSHP_PHI             ,DATALAB_ALL_DL_AQI_MBRSHP_PHI ,N,N
572,AC88552                       ,DL_AQI_MBRSHP_PHI             ,DATALAB_ALL_DL_AQI_MBRSHP_PHI ,N,N
573,AC88552                       ,DL_AQI_MBRSHP_PHI             ,DATALAB_ALL_DL_AQI_MBRSHP_PHI ,N,N
574,AC88552                       ,DL_AQI_MBRSHP_PHI             ,DATALAB_ALL_DL_AQI_MBRSHP_PHI ,N,N
575,AC88552                       ,DL_AQI_MBRSHP_PHI             ,DATALAB_ALL_DL_AQI_MBRSHP_PHI ,N,N
576,AC88552                       ,DL_AQI_MBRSHP_PHI             ,DATALAB_ALL_DL_AQI_MBRSHP_PHI ,N,N
577,AC88552                       ,DL_AQI_MBRSHP_PHI             ,DATALAB_ALL_DL_AQI_MBRSHP_PHI ,N,N
578,AC88552                       ,DL_AQI_MBRSHP_PHI             ,DATALAB_ALL_DL_AQI_MBRSHP_PHI ,N,N
579,AC88552                       ,DL_AQI_MBRSHP_PHI             ,DATALAB_ALL_DL_AQI_MBRSHP_PHI ,N,N
580,AC88552                       ,DL_AQI_MBRSHP_PHI             ,DATALAB_ALL_DL_AQI_MBRSHP_PHI ,N,N
581,AC88552                       ,DL_AQI_MBRSHP_PHI             ,DATALAB_ALL_DL_AQI_MBRSHP_PHI ,N,N
582,AC88552                       ,DL_AQI_MBRSHP_PHI             ,DATALAB_ALL_DL_AQI_MBRSHP_PHI ,N,N
583,AC88552                       ,DL_AQI_MBRSHP_PHI             ,DATALAB_ALL_DL_AQI_MBRSHP_PHI ,N,N
584,AC88552                       ,DL_AQI_MBRSHP_PHI             ,DATALAB_ALL_DL_AQI_MBRSHP_PHI ,N,N
585,AC88552                       ,DL_AQI_MBRSHP_PHI             ,DATALAB_ALL_DL_AQI_MBRSHP_PHI ,N,N
586,AC88552                       ,DL_AQI_MBRSHP_PHI             ,DATALAB_ALL_DL_AQI_MBRSHP_PHI ,N,N
587,AC88552                       ,DL_AQI_MBRSHP_PHI             ,DATALAB_ALL_DL_AQI_MBRSHP_PHI ,N,N
588,AC88552                       ,DL_AQI_MBRSHP_PHI             ,RL_COMMON                     ,N,N
589,AC88552                       ,DL_AQI_MDCR_QDM               ,DATALAB_ALL_DL_AQI_MDCR_PHI   ,N,N
590,AC88552                       ,DL_AQI_MDCR_QDM               ,DATALAB_ALL_DL_AQI_MDCR_PHI   ,N,N
591,AC88552                       ,DL_AQI_MDCR_QDM               ,DATALAB_ALL_DL_AQI_MDCR_PHI   ,N,N
592,AC88552                       ,DL_AQI_MDCR_QDM               ,DATALAB_ALL_DL_AQI_MDCR_PHI   ,N,N
593,AC88552                       ,DL_AQI_MDCR_QDM               ,DATALAB_ALL_DL_AQI_MDCR_PHI   ,N,N
594,AC88552                       ,DL_AQI_MDCR_QDM               ,DATALAB_ALL_DL_AQI_MDCR_PHI   ,N,N
595,AC88552                       ,DL_AQI_MDCR_QDM               ,DATALAB_ALL_DL_AQI_MDCR_PHI   ,N,N
596,AC88552                       ,DL_AQI_MDCR_QDM               ,DATALAB_ALL_DL_AQI_MDCR_PHI   ,N,N
597,AC88552                       ,DL_AQI_MDCR_QDM               ,DATALAB_ALL_DL_AQI_MDCR_PHI   ,N,N
598,AC88552                       ,DL_AQI_MDCR_QDM               ,DATALAB_ALL_DL_AQI_MDCR_PHI   ,N,N
599,AC88552                       ,DL_AQI_MDCR_QDM               ,DATALAB_ALL_DL_AQI_MDCR_PHI   ,N,N
600,AC88552                       ,DL_AQI_MDCR_QDM               ,DATALAB_ALL_DL_AQI_MDCR_PHI   ,N,N
601,AC88552                       ,DL_AQI_MDCR_QDM               ,DATALAB_ALL_DL_AQI_MDCR_PHI   ,N,N
602,AC88552                       ,DL_AQI_MDCR_QDM               ,DATALAB_ALL_DL_AQI_MDCR_PHI   ,N,N
603,AC88552                       ,DL_AQI_MDCR_QDM               ,DATALAB_ALL_DL_AQI_MDCR_PHI   ,N,N
604,AC88552                       ,DL_AQI_MDCR_QDM               ,DATALAB_ALL_DL_AQI_MDCR_PHI   ,N,N
605,AC88552                       ,DL_AQI_MDCR_QDM               ,DATALAB_ALL_DL_AQI_MDCR_PHI   ,N,N
606,AC88552                       ,DL_AQI_MDCR_QDM               ,DATALAB_ALL_DL_AQI_MDCR_PHI   ,N,N
607,AC88552                       ,DL_AQI_MDCR_QDM               ,DATALAB_ALL_DL_AQI_MDCR_PHI   ,N,N
608,AC88552                       ,DL_AQI_MDCR_QDM               ,RL_COMMON                     ,N,N
609,AC88552                       ,DL_AQI_PHI                    ,DATALAB_ALL_DL_AQI_PHI        ,N,N
610,AC88552                       ,DL_AQI_PHI                    ,DATALAB_ALL_DL_AQI_PHI        ,N,N
611,AC88552                       ,DL_AQI_PHI                    ,DATALAB_ALL_DL_AQI_PHI        ,N,N
612,AC88552                       ,DL_AQI_PHI                    ,DATALAB_ALL_DL_AQI_PHI        ,N,N
613,AC88552                       ,DL_AQI_PHI                    ,DATALAB_ALL_DL_AQI_PHI        ,N,N
614,AC88552                       ,DL_AQI_PHI                    ,DATALAB_ALL_DL_AQI_PHI        ,N,N
615,AC88552                       ,DL_AQI_PHI                    ,DATALAB_ALL_DL_AQI_PHI        ,N,N
616,AC88552                       ,DL_AQI_PHI                    ,DATALAB_ALL_DL_AQI_PHI        ,N,N
617,AC88552                       ,DL_AQI_PHI                    ,DATALAB_ALL_DL_AQI_PHI        ,N,N
618,AC88552                       ,DL_AQI_PHI                    ,DATALAB_ALL_DL_AQI_PHI        ,N,N
619,AC88552                       ,DL_AQI_PHI                    ,DATALAB_ALL_DL_AQI_PHI        ,N,N
620,AC88552                       ,DL_AQI_PHI                    ,DATALAB_ALL_DL_AQI_PHI        ,N,N
621,AC88552                       ,DL_AQI_PHI                    ,DATALAB_ALL_DL_AQI_PHI        ,N,N
622,AC88552                       ,DL_AQI_PHI                    ,DATALAB_ALL_DL_AQI_PHI        ,N,N
623,AC88552                       ,DL_AQI_PHI                    ,DATALAB_ALL_DL_AQI_PHI        ,N,N
624,AC88552                       ,DL_AQI_PHI                    ,DATALAB_ALL_DL_AQI_PHI        ,N,N
625,AC88552                       ,DL_AQI_PHI                    ,DATALAB_ALL_DL_AQI_PHI        ,N,N
626,AC88552                       ,DL_AQI_PHI                    ,DATALAB_ALL_DL_AQI_PHI        ,N,N
627,AC88552                       ,DL_AQI_PHI                    ,DATALAB_ALL_DL_AQI_PHI        ,N,N
628,AC88552                       ,DL_AQI_PHI                    ,RL_COMMON                     ,N,N
629,AC88552                       ,DL_AQI_SL_IDW_PHI             ,RL_COMMON                     ,N,N
630,AC88552                       ,DL_CLIN_AFF                   ,RL_COMMON                     ,N,N
631,AC88552                       ,DL_DMS_PHI                    ,RL_COMMON                     ,N,N
632,AC88552                       ,DL_PM_TM_VBESAB01             ,RL_COMMON                     ,N,N
633,AC88808                       ,DL_AA_TM_MAM_S                ,RL_COMMON                     ,N,N
634,AC88808                       ,DL_AQI_GBD_PHI                ,RL_COMMON                     ,N,N
635,AC88808                       ,DL_AQI_MBRSHP_PHI             ,RL_COMMON                     ,N,N
636,AC88808                       ,DL_AQI_MDCR_QDM               ,RL_COMMON                     ,N,N
637,AC88808                       ,DL_AQI_PHI                    ,RL_COMMON                     ,N,N
638,AC88808                       ,DL_AQI_SL_IDW_PHI             ,RL_COMMON                     ,N,N
639,AC88808                       ,DL_CLIN_AFF                   ,RL_COMMON                     ,N,N
640,AC88808                       ,DL_DMS_PHI                    ,RL_COMMON                     ,N,N
641,AC88808                       ,DL_PM_TM_VBESAB01             ,RL_COMMON                     ,N,N
642,AC90100                       ,DL_AA_TM_MAM_S                ,RL_COMMON                     ,N,N
643,AC90100                       ,DL_AQI_GBD_PHI                ,DATALAB_READ_DL_AQI_GBD_PHI   ,N,N
644,AC90100                       ,DL_AQI_GBD_PHI                ,RL_COMMON                     ,N,N
645,AC90100                       ,DL_AQI_MBRSHP_PHI             ,DATALAB_ALL_DL_AQI_MBRSHP_PHI ,N,N
646,AC90100                       ,DL_AQI_MBRSHP_PHI             ,DATALAB_ALL_DL_AQI_MBRSHP_PHI ,N,N
647,AC90100                       ,DL_AQI_MBRSHP_PHI             ,DATALAB_ALL_DL_AQI_MBRSHP_PHI ,N,N
648,AC90100                       ,DL_AQI_MBRSHP_PHI             ,DATALAB_ALL_DL_AQI_MBRSHP_PHI ,N,N
649,AC90100                       ,DL_AQI_MBRSHP_PHI             ,DATALAB_ALL_DL_AQI_MBRSHP_PHI ,N,N
650,AC90100                       ,DL_AQI_MBRSHP_PHI             ,DATALAB_ALL_DL_AQI_MBRSHP_PHI ,N,N
651,AC90100                       ,DL_AQI_MBRSHP_PHI             ,DATALAB_ALL_DL_AQI_MBRSHP_PHI ,N,N
652,AC90100                       ,DL_AQI_MBRSHP_PHI             ,DATALAB_ALL_DL_AQI_MBRSHP_PHI ,N,N
653,AC90100                       ,DL_AQI_MBRSHP_PHI             ,DATALAB_ALL_DL_AQI_MBRSHP_PHI ,N,N
654,AC90100                       ,DL_AQI_MBRSHP_PHI             ,DATALAB_ALL_DL_AQI_MBRSHP_PHI ,N,N
655,AC90100                       ,DL_AQI_MBRSHP_PHI             ,DATALAB_ALL_DL_AQI_MBRSHP_PHI ,N,N
656,AC90100                       ,DL_AQI_MBRSHP_PHI             ,DATALAB_ALL_DL_AQI_MBRSHP_PHI ,N,N
657,AC90100                       ,DL_AQI_MBRSHP_PHI             ,DATALAB_ALL_DL_AQI_MBRSHP_PHI ,N,N
658,AC90100                       ,DL_AQI_MBRSHP_PHI             ,DATALAB_ALL_DL_AQI_MBRSHP_PHI ,N,N
659,AC90100                       ,DL_AQI_MBRSHP_PHI             ,DATALAB_ALL_DL_AQI_MBRSHP_PHI ,N,N
660,AC90100                       ,DL_AQI_MBRSHP_PHI             ,DATALAB_ALL_DL_AQI_MBRSHP_PHI ,N,N
661,AC90100                       ,DL_AQI_MBRSHP_PHI             ,DATALAB_ALL_DL_AQI_MBRSHP_PHI ,N,N
662,AC90100                       ,DL_AQI_MBRSHP_PHI             ,DATALAB_ALL_DL_AQI_MBRSHP_PHI ,N,N
663,AC90100                       ,DL_AQI_MBRSHP_PHI             ,DATALAB_ALL_DL_AQI_MBRSHP_PHI ,N,N
664,AC90100                       ,DL_AQI_MBRSHP_PHI             ,DATALAB_READ_DL_AQI_MBRSHP_PHI,N,N
665,AC90100                       ,DL_AQI_MBRSHP_PHI             ,RL_COMMON                     ,N,N
666,AC90100                       ,DL_AQI_MDCR_QDM               ,DATALAB_ALL_DL_AQI_MDCR_PHI   ,N,N
667,AC90100                       ,DL_AQI_MDCR_QDM               ,DATALAB_ALL_DL_AQI_MDCR_PHI   ,N,N
668,AC90100                       ,DL_AQI_MDCR_QDM               ,DATALAB_ALL_DL_AQI_MDCR_PHI   ,N,N
669,AC90100                       ,DL_AQI_MDCR_QDM               ,DATALAB_ALL_DL_AQI_MDCR_PHI   ,N,N
670,AC90100                       ,DL_AQI_MDCR_QDM               ,DATALAB_ALL_DL_AQI_MDCR_PHI   ,N,N
671,AC90100                       ,DL_AQI_MDCR_QDM               ,DATALAB_ALL_DL_AQI_MDCR_PHI   ,N,N
672,AC90100                       ,DL_AQI_MDCR_QDM               ,DATALAB_ALL_DL_AQI_MDCR_PHI   ,N,N
673,AC90100                       ,DL_AQI_MDCR_QDM               ,DATALAB_ALL_DL_AQI_MDCR_PHI   ,N,N
674,AC90100                       ,DL_AQI_MDCR_QDM               ,DATALAB_ALL_DL_AQI_MDCR_PHI   ,N,N
675,AC90100                       ,DL_AQI_MDCR_QDM               ,DATALAB_ALL_DL_AQI_MDCR_PHI   ,N,N
676,AC90100                       ,DL_AQI_MDCR_QDM               ,DATALAB_ALL_DL_AQI_MDCR_PHI   ,N,N
677,AC90100                       ,DL_AQI_MDCR_QDM               ,DATALAB_ALL_DL_AQI_MDCR_PHI   ,N,N
678,AC90100                       ,DL_AQI_MDCR_QDM               ,DATALAB_ALL_DL_AQI_MDCR_PHI   ,N,N
679,AC90100                       ,DL_AQI_MDCR_QDM               ,DATALAB_ALL_DL_AQI_MDCR_PHI   ,N,N
680,AC90100                       ,DL_AQI_MDCR_QDM               ,DATALAB_ALL_DL_AQI_MDCR_PHI   ,N,N
681,AC90100                       ,DL_AQI_MDCR_QDM               ,DATALAB_ALL_DL_AQI_MDCR_PHI   ,N,N
682,AC90100                       ,DL_AQI_MDCR_QDM               ,DATALAB_ALL_DL_AQI_MDCR_PHI   ,N,N
683,AC90100                       ,DL_AQI_MDCR_QDM               ,DATALAB_ALL_DL_AQI_MDCR_PHI   ,N,N
684,AC90100                       ,DL_AQI_MDCR_QDM               ,DATALAB_ALL_DL_AQI_MDCR_PHI   ,N,N
685,AC90100                       ,DL_AQI_MDCR_QDM               ,DATALAB_READ_DL_AQI_MDCR_PHI  ,N,N
686,AC90100                       ,DL_AQI_MDCR_QDM               ,RL_COMMON                     ,N,N
687,AC90100                       ,DL_AQI_PHI                    ,DATALAB_ALL_DL_AQI_PHI        ,N,N
688,AC90100                       ,DL_AQI_PHI                    ,DATALAB_ALL_DL_AQI_PHI        ,N,N
689,AC90100                       ,DL_AQI_PHI                    ,DATALAB_ALL_DL_AQI_PHI        ,N,N
690,AC90100                       ,DL_AQI_PHI                    ,DATALAB_ALL_DL_AQI_PHI        ,N,N
691,AC90100                       ,DL_AQI_PHI                    ,DATALAB_ALL_DL_AQI_PHI        ,N,N
692,AC90100                       ,DL_AQI_PHI                    ,DATALAB_ALL_DL_AQI_PHI        ,N,N
693,AC90100                       ,DL_AQI_PHI                    ,DATALAB_ALL_DL_AQI_PHI        ,N,N
694,AC90100                       ,DL_AQI_PHI                    ,DATALAB_ALL_DL_AQI_PHI        ,N,N
695,AC90100                       ,DL_AQI_PHI                    ,DATALAB_ALL_DL_AQI_PHI        ,N,N
696,AC90100                       ,DL_AQI_PHI                    ,DATALAB_ALL_DL_AQI_PHI        ,N,N
697,AC90100                       ,DL_AQI_PHI                    ,DATALAB_ALL_DL_AQI_PHI        ,N,N
698,AC90100                       ,DL_AQI_PHI                    ,DATALAB_ALL_DL_AQI_PHI        ,N,N
699,AC90100                       ,DL_AQI_PHI                    ,DATALAB_ALL_DL_AQI_PHI        ,N,N
700,AC90100                       ,DL_AQI_PHI                    ,DATALAB_ALL_DL_AQI_PHI        ,N,N
701,AC90100                       ,DL_AQI_PHI                    ,DATALAB_ALL_DL_AQI_PHI        ,N,N
702,AC90100                       ,DL_AQI_PHI                    ,DATALAB_ALL_DL_AQI_PHI        ,N,N
703,AC90100                       ,DL_AQI_PHI                    ,DATALAB_ALL_DL_AQI_PHI        ,N,N
704,AC90100                       ,DL_AQI_PHI                    ,DATALAB_ALL_DL_AQI_PHI        ,N,N
705,AC90100                       ,DL_AQI_PHI                    ,DATALAB_ALL_DL_AQI_PHI        ,N,N
706,AC90100                       ,DL_AQI_PHI                    ,RL_COMMON                     ,N,N
707,AC90100                       ,DL_AQI_SL_IDW_PHI             ,RL_COMMON                     ,N,N
708,AC90100                       ,DL_CLIN_AFF                   ,RL_COMMON                     ,N,N
709,AC90100                       ,DL_DMS_PHI                    ,RL_COMMON                     ,N,N
710,AC90100                       ,DL_PM_TM_VBESAB01             ,RL_COMMON                     ,N,N
711,AC90531                       ,DL_AA_TM_MAM_S                ,RL_COMMON                     ,N,N
712,AC90531                       ,DL_AQI_GBD_PHI                ,DATALAB_READ_DL_AQI_GBD_PHI   ,N,N
713,AC90531                       ,DL_AQI_GBD_PHI                ,DATALAB_READ_DL_AQI_PHI       ,N,N
714,AC90531                       ,DL_AQI_GBD_PHI                ,RL_COMMON                     ,N,N
715,AC90531                       ,DL_AQI_MBRSHP_PHI             ,DATALAB_READ_DL_AQI_MBRSHP_PHI,N,N
716,AC90531                       ,DL_AQI_MBRSHP_PHI             ,RL_COMMON                     ,N,N
717,AC90531                       ,DL_AQI_MDCR_QDM               ,DATALAB_ALL_DL_AQI_MDCR_PHI   ,N,N
718,AC90531                       ,DL_AQI_MDCR_QDM               ,DATALAB_ALL_DL_AQI_MDCR_PHI   ,N,N
719,AC90531                       ,DL_AQI_MDCR_QDM               ,DATALAB_ALL_DL_AQI_MDCR_PHI   ,N,N
720,AC90531                       ,DL_AQI_MDCR_QDM               ,DATALAB_ALL_DL_AQI_MDCR_PHI   ,N,N
721,AC90531                       ,DL_AQI_MDCR_QDM               ,DATALAB_ALL_DL_AQI_MDCR_PHI   ,N,N
722,AC90531                       ,DL_AQI_MDCR_QDM               ,DATALAB_ALL_DL_AQI_MDCR_PHI   ,N,N
723,AC90531                       ,DL_AQI_MDCR_QDM               ,DATALAB_ALL_DL_AQI_MDCR_PHI   ,N,N
724,AC90531                       ,DL_AQI_MDCR_QDM               ,DATALAB_ALL_DL_AQI_MDCR_PHI   ,N,N
725,AC90531                       ,DL_AQI_MDCR_QDM               ,DATALAB_ALL_DL_AQI_MDCR_PHI   ,N,N
726,AC90531                       ,DL_AQI_MDCR_QDM               ,DATALAB_ALL_DL_AQI_MDCR_PHI   ,N,N
727,AC90531                       ,DL_AQI_MDCR_QDM               ,DATALAB_ALL_DL_AQI_MDCR_PHI   ,N,N
728,AC90531                       ,DL_AQI_MDCR_QDM               ,DATALAB_ALL_DL_AQI_MDCR_PHI   ,N,N
729,AC90531                       ,DL_AQI_MDCR_QDM               ,DATALAB_ALL_DL_AQI_MDCR_PHI   ,N,N
730,AC90531                       ,DL_AQI_MDCR_QDM               ,DATALAB_ALL_DL_AQI_MDCR_PHI   ,N,N
731,AC90531                       ,DL_AQI_MDCR_QDM               ,DATALAB_ALL_DL_AQI_MDCR_PHI   ,N,N
732,AC90531                       ,DL_AQI_MDCR_QDM               ,DATALAB_ALL_DL_AQI_MDCR_PHI   ,N,N
733,AC90531                       ,DL_AQI_MDCR_QDM               ,DATALAB_ALL_DL_AQI_MDCR_PHI   ,N,N
734,AC90531                       ,DL_AQI_MDCR_QDM               ,DATALAB_ALL_DL_AQI_MDCR_PHI   ,N,N
735,AC90531                       ,DL_AQI_MDCR_QDM               ,DATALAB_ALL_DL_AQI_MDCR_PHI   ,N,N
736,AC90531                       ,DL_AQI_MDCR_QDM               ,DATALAB_READ_DL_AQI_MDCR_PHI  ,N,N
737,AC90531                       ,DL_AQI_MDCR_QDM               ,RL_COMMON                     ,N,N
738,AC90531                       ,DL_AQI_PHI                    ,DATALAB_READ_DL_AQI_PHI       ,N,N
739,AC90531                       ,DL_AQI_PHI                    ,RL_COMMON                     ,N,N
740,AC90531                       ,DL_AQI_SL_IDW_PHI             ,RL_COMMON                     ,N,N
741,AC90531                       ,DL_CLIN_AFF                   ,RL_COMMON                     ,N,N
742,AC90531                       ,DL_DMS_PHI                    ,RL_COMMON                     ,N,N
743,AC90531                       ,DL_PM_TM_VBESAB01             ,RL_COMMON                     ,N,N
744,AC91274                       ,DL_AA_TM_MAM_S                ,RL_COMMON                     ,N,N
745,AC91274                       ,DL_AQI_GBD_PHI                ,RL_COMMON                     ,N,N
746,AC91274                       ,DL_AQI_MBRSHP_PHI             ,RL_COMMON                     ,N,N
747,AC91274                       ,DL_AQI_MDCR_QDM               ,RL_COMMON                     ,N,N
748,AC91274                       ,DL_AQI_PHI                    ,RL_COMMON                     ,N,N
749,AC91274                       ,DL_AQI_SL_IDW_PHI             ,RL_COMMON                     ,N,N
750,AC91274                       ,DL_CLIN_AFF                   ,RL_COMMON                     ,N,N
751,AC91274                       ,DL_DMS_PHI                    ,RL_COMMON                     ,N,N
752,AC91274                       ,DL_PM_TM_VBESAB01             ,RL_COMMON                     ,N,N
753,AC93013                       ,DL_AA_TM_MAM_S                ,RL_COMMON                     ,N,N
754,AC93013                       ,DL_AQI_GBD_PHI                ,RL_COMMON                     ,N,N
755,AC93013                       ,DL_AQI_MBRSHP_PHI             ,RL_COMMON                     ,N,N
756,AC93013                       ,DL_AQI_MDCR_QDM               ,RL_COMMON                     ,N,N
757,AC93013                       ,DL_AQI_PHI                    ,RL_COMMON                     ,N,N
758,AC93013                       ,DL_AQI_SL_IDW_PHI             ,RL_COMMON                     ,N,N
759,AC93013                       ,DL_CLIN_AFF                   ,RL_COMMON                     ,N,N
760,AC93013                       ,DL_DMS_PHI                    ,RL_COMMON                     ,N,N
761,AC93013                       ,DL_PM_TM_VBESAB01             ,DATALAB_ALL_DL_PM_TM_VBESAB01 ,N,N
762,AC93013                       ,DL_PM_TM_VBESAB01             ,DATALAB_ALL_DL_PM_TM_VBESAB01 ,N,N
763,AC93013                       ,DL_PM_TM_VBESAB01             ,DATALAB_ALL_DL_PM_TM_VBESAB01 ,N,N
764,AC93013                       ,DL_PM_TM_VBESAB01             ,DATALAB_ALL_DL_PM_TM_VBESAB01 ,N,N
765,AC93013                       ,DL_PM_TM_VBESAB01             ,DATALAB_ALL_DL_PM_TM_VBESAB01 ,N,N
766,AC93013                       ,DL_PM_TM_VBESAB01             ,DATALAB_ALL_DL_PM_TM_VBESAB01 ,N,N
767,AC93013                       ,DL_PM_TM_VBESAB01             ,DATALAB_ALL_DL_PM_TM_VBESAB01 ,N,N
768,AC93013                       ,DL_PM_TM_VBESAB01             ,DATALAB_ALL_DL_PM_TM_VBESAB01 ,N,N
769,AC93013                       ,DL_PM_TM_VBESAB01             ,DATALAB_ALL_DL_PM_TM_VBESAB01 ,N,N
770,AC93013                       ,DL_PM_TM_VBESAB01             ,DATALAB_ALL_DL_PM_TM_VBESAB01 ,N,N
771,AC93013                       ,DL_PM_TM_VBESAB01             ,DATALAB_ALL_DL_PM_TM_VBESAB01 ,N,N
772,AC93013                       ,DL_PM_TM_VBESAB01             ,DATALAB_ALL_DL_PM_TM_VBESAB01 ,N,N
773,AC93013                       ,DL_PM_TM_VBESAB01             ,DATALAB_ALL_DL_PM_TM_VBESAB01 ,N,N
774,AC93013                       ,DL_PM_TM_VBESAB01             ,DATALAB_ALL_DL_PM_TM_VBESAB01 ,N,N
775,AC93013                       ,DL_PM_TM_VBESAB01             ,DATALAB_ALL_DL_PM_TM_VBESAB01 ,N,N
776,AC93013                       ,DL_PM_TM_VBESAB01             ,DATALAB_ALL_DL_PM_TM_VBESAB01 ,N,N
777,AC93013                       ,DL_PM_TM_VBESAB01             ,DATALAB_ALL_DL_PM_TM_VBESAB01 ,N,N
778,AC93013                       ,DL_PM_TM_VBESAB01             ,DATALAB_ALL_DL_PM_TM_VBESAB01 ,N,N
779,AC93013                       ,DL_PM_TM_VBESAB01             ,DATALAB_ALL_DL_PM_TM_VBESAB01 ,N,N
780,AC93013                       ,DL_PM_TM_VBESAB01             ,RL_COMMON                     ,N,N
781,AD08780                       ,DL_AA_TM_MAM_S                ,RL_COMMON                     ,N,N
782,AD08780                       ,DL_AQI_GBD_PHI                ,RL_COMMON                     ,N,N
783,AD08780                       ,DL_AQI_MBRSHP_PHI             ,DATALAB_READ_DL_AQI_MBRSHP_PHI,N,N
784,AD08780                       ,DL_AQI_MBRSHP_PHI             ,RL_COMMON                     ,N,N
785,AD08780                       ,DL_AQI_MDCR_QDM               ,RL_COMMON                     ,N,N
786,AD08780                       ,DL_AQI_PHI                    ,RL_COMMON                     ,N,N
787,AD08780                       ,DL_AQI_SL_IDW_PHI             ,RL_COMMON                     ,N,N
788,AD08780                       ,DL_CLIN_AFF                   ,RL_COMMON                     ,N,N
789,AD08780                       ,DL_DMS_PHI                    ,RL_COMMON                     ,N,N
790,AD08780                       ,DL_PM_TM_VBESAB01             ,RL_COMMON                     ,N,N
791,AD29587                       ,DL_AA_TM_MAM_S                ,RL_COMMON                     ,N,N
792,AD29587                       ,DL_AQI_GBD_PHI                ,RL_COMMON                     ,N,N
793,AD29587                       ,DL_AQI_MBRSHP_PHI             ,RL_COMMON                     ,N,N
794,AD29587                       ,DL_AQI_MDCR_QDM               ,RL_COMMON                     ,N,N
795,AD29587                       ,DL_AQI_PHI                    ,RL_COMMON                     ,N,N
796,AD29587                       ,DL_AQI_SL_IDW_PHI             ,RL_COMMON                     ,N,N
797,AD29587                       ,DL_CLIN_AFF                   ,RL_COMMON                     ,N,N
798,AD29587                       ,DL_DMS_PHI                    ,RL_COMMON                     ,N,N
799,AD29587                       ,DL_PM_TM_VBESAB01             ,DATALAB_ALL_DL_PM_TM_VBESAB01 ,N,N
800,AD29587                       ,DL_PM_TM_VBESAB01             ,DATALAB_ALL_DL_PM_TM_VBESAB01 ,N,N
801,AD29587                       ,DL_PM_TM_VBESAB01             ,DATALAB_ALL_DL_PM_TM_VBESAB01 ,N,N
802,AD29587                       ,DL_PM_TM_VBESAB01             ,DATALAB_ALL_DL_PM_TM_VBESAB01 ,N,N
803,AD29587                       ,DL_PM_TM_VBESAB01             ,DATALAB_ALL_DL_PM_TM_VBESAB01 ,N,N
804,AD29587                       ,DL_PM_TM_VBESAB01             ,DATALAB_ALL_DL_PM_TM_VBESAB01 ,N,N
805,AD29587                       ,DL_PM_TM_VBESAB01             ,DATALAB_ALL_DL_PM_TM_VBESAB01 ,N,N
806,AD29587                       ,DL_PM_TM_VBESAB01             ,DATALAB_ALL_DL_PM_TM_VBESAB01 ,N,N
807,AD29587                       ,DL_PM_TM_VBESAB01             ,DATALAB_ALL_DL_PM_TM_VBESAB01 ,N,N
808,AD29587                       ,DL_PM_TM_VBESAB01             ,DATALAB_ALL_DL_PM_TM_VBESAB01 ,N,N
809,AD29587                       ,DL_PM_TM_VBESAB01             ,DATALAB_ALL_DL_PM_TM_VBESAB01 ,N,N
810,AD29587                       ,DL_PM_TM_VBESAB01             ,DATALAB_ALL_DL_PM_TM_VBESAB01 ,N,N
811,AD29587                       ,DL_PM_TM_VBESAB01             ,DATALAB_ALL_DL_PM_TM_VBESAB01 ,N,N
812,AD29587                       ,DL_PM_TM_VBESAB01             ,DATALAB_ALL_DL_PM_TM_VBESAB01 ,N,N
813,AD29587                       ,DL_PM_TM_VBESAB01             ,DATALAB_ALL_DL_PM_TM_VBESAB01 ,N,N
814,AD29587                       ,DL_PM_TM_VBESAB01             ,DATALAB_ALL_DL_PM_TM_VBESAB01 ,N,N
815,AD29587                       ,DL_PM_TM_VBESAB01             ,DATALAB_ALL_DL_PM_TM_VBESAB01 ,N,N
816,AD29587                       ,DL_PM_TM_VBESAB01             ,DATALAB_ALL_DL_PM_TM_VBESAB01 ,N,N
817,AD29587                       ,DL_PM_TM_VBESAB01             ,DATALAB_ALL_DL_PM_TM_VBESAB01 ,N,N
818,AD29587                       ,DL_PM_TM_VBESAB01             ,RL_COMMON                     ,N,N
819,AD33232                       ,DL_AA_TM_MAM_S                ,RL_COMMON                     ,N,N
820,AD33232                       ,DL_AQI_GBD_PHI                ,RL_COMMON                     ,N,N
821,AD33232                       ,DL_AQI_MBRSHP_PHI             ,RL_COMMON                     ,N,N
822,AD33232                       ,DL_AQI_MDCR_QDM               ,RL_COMMON                     ,N,N
823,AD33232                       ,DL_AQI_PHI                    ,RL_COMMON                     ,N,N
824,AD33232                       ,DL_AQI_SL_IDW_PHI             ,RL_COMMON                     ,N,N
825,AD33232                       ,DL_CLIN_AFF                   ,RL_COMMON                     ,N,N
826,AD33232                       ,DL_DMS_PHI                    ,DATALAB_ALL_DL_DMS_PHI        ,N,N
827,AD33232                       ,DL_DMS_PHI                    ,DATALAB_ALL_DL_DMS_PHI        ,N,N
828,AD33232                       ,DL_DMS_PHI                    ,DATALAB_ALL_DL_DMS_PHI        ,N,N
829,AD33232                       ,DL_DMS_PHI                    ,DATALAB_ALL_DL_DMS_PHI        ,N,N
830,AD33232                       ,DL_DMS_PHI                    ,DATALAB_ALL_DL_DMS_PHI        ,N,N
831,AD33232                       ,DL_DMS_PHI                    ,DATALAB_ALL_DL_DMS_PHI        ,N,N
832,AD33232                       ,DL_DMS_PHI                    ,DATALAB_ALL_DL_DMS_PHI        ,N,N
833,AD33232                       ,DL_DMS_PHI                    ,DATALAB_ALL_DL_DMS_PHI        ,N,N
834,AD33232                       ,DL_DMS_PHI                    ,DATALAB_ALL_DL_DMS_PHI        ,N,N
835,AD33232                       ,DL_DMS_PHI                    ,DATALAB_ALL_DL_DMS_PHI        ,N,N
836,AD33232                       ,DL_DMS_PHI                    ,DATALAB_ALL_DL_DMS_PHI        ,N,N
837,AD33232                       ,DL_DMS_PHI                    ,DATALAB_ALL_DL_DMS_PHI        ,N,N
838,AD33232                       ,DL_DMS_PHI                    ,DATALAB_ALL_DL_DMS_PHI        ,N,N
839,AD33232                       ,DL_DMS_PHI                    ,DATALAB_ALL_DL_DMS_PHI        ,N,N
840,AD33232                       ,DL_DMS_PHI                    ,DATALAB_ALL_DL_DMS_PHI        ,N,N
841,AD33232                       ,DL_DMS_PHI                    ,DATALAB_ALL_DL_DMS_PHI        ,N,N
842,AD33232                       ,DL_DMS_PHI                    ,DATALAB_ALL_DL_DMS_PHI        ,N,N
843,AD33232                       ,DL_DMS_PHI                    ,DATALAB_ALL_DL_DMS_PHI        ,N,N
844,AD33232                       ,DL_DMS_PHI                    ,DATALAB_ALL_DL_DMS_PHI        ,N,N
845,AD33232                       ,DL_DMS_PHI                    ,RL_COMMON                     ,N,N
846,AD33232                       ,DL_PM_TM_VBESAB01             ,RL_COMMON                     ,N,N
847,AD34983                       ,DL_AA_TM_MAM_S                ,RL_COMMON                     ,N,N
848,AD34983                       ,DL_AQI_GBD_PHI                ,RL_COMMON                     ,N,N
849,AD34983                       ,DL_AQI_MBRSHP_PHI             ,RL_COMMON                     ,N,N
850,AD34983                       ,DL_AQI_MDCR_QDM               ,RL_COMMON                     ,N,N
851,AD34983                       ,DL_AQI_PHI                    ,RL_COMMON                     ,N,N
852,AD34983                       ,DL_AQI_SL_IDW_PHI             ,RL_COMMON                     ,N,N
853,AD34983                       ,DL_CLIN_AFF                   ,RL_COMMON                     ,N,N
854,AD34983                       ,DL_DMS_PHI                    ,RL_COMMON                     ,N,N
855,AD34983                       ,DL_PM_TM_VBESAB01             ,DATALAB_ALL_DL_PM_TM_VBESAB01 ,N,N
856,AD34983                       ,DL_PM_TM_VBESAB01             ,DATALAB_ALL_DL_PM_TM_VBESAB01 ,N,N
857,AD34983                       ,DL_PM_TM_VBESAB01             ,DATALAB_ALL_DL_PM_TM_VBESAB01 ,N,N
858,AD34983                       ,DL_PM_TM_VBESAB01             ,DATALAB_ALL_DL_PM_TM_VBESAB01 ,N,N
859,AD34983                       ,DL_PM_TM_VBESAB01             ,DATALAB_ALL_DL_PM_TM_VBESAB01 ,N,N
860,AD34983                       ,DL_PM_TM_VBESAB01             ,DATALAB_ALL_DL_PM_TM_VBESAB01 ,N,N
861,AD34983                       ,DL_PM_TM_VBESAB01             ,DATALAB_ALL_DL_PM_TM_VBESAB01 ,N,N
862,AD34983                       ,DL_PM_TM_VBESAB01             ,DATALAB_ALL_DL_PM_TM_VBESAB01 ,N,N
863,AD34983                       ,DL_PM_TM_VBESAB01             ,DATALAB_ALL_DL_PM_TM_VBESAB01 ,N,N
864,AD34983                       ,DL_PM_TM_VBESAB01             ,DATALAB_ALL_DL_PM_TM_VBESAB01 ,N,N
865,AD34983                       ,DL_PM_TM_VBESAB01             ,DATALAB_ALL_DL_PM_TM_VBESAB01 ,N,N
866,AD34983                       ,DL_PM_TM_VBESAB01             ,DATALAB_ALL_DL_PM_TM_VBESAB01 ,N,N
867,AD34983                       ,DL_PM_TM_VBESAB01             ,DATALAB_ALL_DL_PM_TM_VBESAB01 ,N,N
868,AD34983                       ,DL_PM_TM_VBESAB01             ,DATALAB_ALL_DL_PM_TM_VBESAB01 ,N,N
869,AD34983                       ,DL_PM_TM_VBESAB01             ,DATALAB_ALL_DL_PM_TM_VBESAB01 ,N,N
870,AD34983                       ,DL_PM_TM_VBESAB01             ,DATALAB_ALL_DL_PM_TM_VBESAB01 ,N,N
871,AD34983                       ,DL_PM_TM_VBESAB01             ,DATALAB_ALL_DL_PM_TM_VBESAB01 ,N,N
872,AD34983                       ,DL_PM_TM_VBESAB01             ,DATALAB_ALL_DL_PM_TM_VBESAB01 ,N,N
873,AD34983                       ,DL_PM_TM_VBESAB01             ,DATALAB_ALL_DL_PM_TM_VBESAB01 ,N,N
874,AD34983                       ,DL_PM_TM_VBESAB01             ,RL_COMMON                     ,N,N
875,AD35682                       ,DL_AA_TM_MAM_S                ,RL_COMMON                     ,N,N
876,AD35682                       ,DL_AQI_GBD_PHI                ,DATALAB_READ_DL_AQI_PHI       ,N,N
877,AD35682                       ,DL_AQI_GBD_PHI                ,RL_COMMON                     ,N,N
878,AD35682                       ,DL_AQI_MBRSHP_PHI             ,RL_COMMON                     ,N,N
879,AD35682                       ,DL_AQI_MDCR_QDM               ,RL_COMMON                     ,N,N
880,AD35682                       ,DL_AQI_PHI                    ,DATALAB_ALL_DL_AQI_PHI        ,N,N
881,AD35682                       ,DL_AQI_PHI                    ,DATALAB_ALL_DL_AQI_PHI        ,N,N
882,AD35682                       ,DL_AQI_PHI                    ,DATALAB_ALL_DL_AQI_PHI        ,N,N
883,AD35682                       ,DL_AQI_PHI                    ,DATALAB_ALL_DL_AQI_PHI        ,N,N
884,AD35682                       ,DL_AQI_PHI                    ,DATALAB_ALL_DL_AQI_PHI        ,N,N
885,AD35682                       ,DL_AQI_PHI                    ,DATALAB_ALL_DL_AQI_PHI        ,N,N
886,AD35682                       ,DL_AQI_PHI                    ,DATALAB_ALL_DL_AQI_PHI        ,N,N
887,AD35682                       ,DL_AQI_PHI                    ,DATALAB_ALL_DL_AQI_PHI        ,N,N
888,AD35682                       ,DL_AQI_PHI                    ,DATALAB_ALL_DL_AQI_PHI        ,N,N
889,AD35682                       ,DL_AQI_PHI                    ,DATALAB_ALL_DL_AQI_PHI        ,N,N
890,AD35682                       ,DL_AQI_PHI                    ,DATALAB_ALL_DL_AQI_PHI        ,N,N
891,AD35682                       ,DL_AQI_PHI                    ,DATALAB_ALL_DL_AQI_PHI        ,N,N
892,AD35682                       ,DL_AQI_PHI                    ,DATALAB_ALL_DL_AQI_PHI        ,N,N
893,AD35682                       ,DL_AQI_PHI                    ,DATALAB_ALL_DL_AQI_PHI        ,N,N
894,AD35682                       ,DL_AQI_PHI                    ,DATALAB_ALL_DL_AQI_PHI        ,N,N
895,AD35682                       ,DL_AQI_PHI                    ,DATALAB_ALL_DL_AQI_PHI        ,N,N
896,AD35682                       ,DL_AQI_PHI                    ,DATALAB_ALL_DL_AQI_PHI        ,N,N
897,AD35682                       ,DL_AQI_PHI                    ,DATALAB_ALL_DL_AQI_PHI        ,N,N
898,AD35682                       ,DL_AQI_PHI                    ,DATALAB_ALL_DL_AQI_PHI        ,N,N
899,AD35682                       ,DL_AQI_PHI                    ,DATALAB_READ_DL_AQI_PHI       ,N,N
900,AD35682                       ,DL_AQI_PHI                    ,RL_COMMON                     ,N,N
901,AD35682                       ,DL_AQI_SL_IDW_PHI             ,RL_COMMON                     ,N,N
902,AD35682                       ,DL_CLIN_AFF                   ,RL_COMMON                     ,N,N
903,AD35682                       ,DL_DMS_PHI                    ,RL_COMMON                     ,N,N
904,AD35682                       ,DL_PM_TM_VBESAB01             ,RL_COMMON                     ,N,N
905,AD39075                       ,DL_AA_TM_MAM_S                ,RL_COMMON                     ,N,N
906,AD39075                       ,DL_AQI_GBD_PHI                ,RL_COMMON                     ,N,N
907,AD39075                       ,DL_AQI_MBRSHP_PHI             ,RL_COMMON                     ,N,N
908,AD39075                       ,DL_AQI_MDCR_QDM               ,RL_COMMON                     ,N,N
909,AD39075                       ,DL_AQI_PHI                    ,RL_COMMON                     ,N,N
910,AD39075                       ,DL_AQI_SL_IDW_PHI             ,RL_COMMON                     ,N,N
911,AD39075                       ,DL_CLIN_AFF                   ,RL_COMMON                     ,N,N
912,AD39075                       ,DL_DMS_PHI                    ,DATALAB_ALL_DL_DMS_PHI        ,N,N
913,AD39075                       ,DL_DMS_PHI                    ,DATALAB_ALL_DL_DMS_PHI        ,N,N
914,AD39075                       ,DL_DMS_PHI                    ,DATALAB_ALL_DL_DMS_PHI        ,N,N
915,AD39075                       ,DL_DMS_PHI                    ,DATALAB_ALL_DL_DMS_PHI        ,N,N
916,AD39075                       ,DL_DMS_PHI                    ,DATALAB_ALL_DL_DMS_PHI        ,N,N
917,AD39075                       ,DL_DMS_PHI                    ,DATALAB_ALL_DL_DMS_PHI        ,N,N
918,AD39075                       ,DL_DMS_PHI                    ,DATALAB_ALL_DL_DMS_PHI        ,N,N
919,AD39075                       ,DL_DMS_PHI                    ,DATALAB_ALL_DL_DMS_PHI        ,N,N
920,AD39075                       ,DL_DMS_PHI                    ,DATALAB_ALL_DL_DMS_PHI        ,N,N
921,AD39075                       ,DL_DMS_PHI                    ,DATALAB_ALL_DL_DMS_PHI        ,N,N
922,AD39075                       ,DL_DMS_PHI                    ,DATALAB_ALL_DL_DMS_PHI        ,N,N
923,AD39075                       ,DL_DMS_PHI                    ,DATALAB_ALL_DL_DMS_PHI        ,N,N
924,AD39075                       ,DL_DMS_PHI                    ,DATALAB_ALL_DL_DMS_PHI        ,N,N
925,AD39075                       ,DL_DMS_PHI                    ,DATALAB_ALL_DL_DMS_PHI        ,N,N
926,AD39075                       ,DL_DMS_PHI                    ,DATALAB_ALL_DL_DMS_PHI        ,N,N
927,AD39075                       ,DL_DMS_PHI                    ,DATALAB_ALL_DL_DMS_PHI        ,N,N
928,AD39075                       ,DL_DMS_PHI                    ,DATALAB_ALL_DL_DMS_PHI        ,N,N
929,AD39075                       ,DL_DMS_PHI                    ,DATALAB_ALL_DL_DMS_PHI        ,N,N
930,AD39075                       ,DL_DMS_PHI                    ,DATALAB_ALL_DL_DMS_PHI        ,N,N
931,AD39075                       ,DL_DMS_PHI                    ,RL_COMMON                     ,N,N
932,AD39075                       ,DL_PM_TM_VBESAB01             ,RL_COMMON                     ,N,N
933,AD42417                       ,DL_AA_TM_MAM_S                ,RL_COMMON                     ,N,N
934,AD42417                       ,DL_AQI_GBD_PHI                ,RL_COMMON                     ,N,N
935,AD42417                       ,DL_AQI_MBRSHP_PHI             ,RL_COMMON                     ,N,N
936,AD42417                       ,DL_AQI_MDCR_QDM               ,RL_COMMON                     ,N,N
937,AD42417                       ,DL_AQI_PHI                    ,RL_COMMON                     ,N,N
938,AD42417                       ,DL_AQI_SL_IDW_PHI             ,RL_COMMON                     ,N,N
939,AD42417                       ,DL_CLIN_AFF                   ,RL_COMMON                     ,N,N
940,AD42417                       ,DL_DMS_PHI                    ,RL_COMMON                     ,N,N
941,AD42417                       ,DL_PM_TM_VBESAB01             ,DATALAB_READ_DL_PM_TM_VBESAB01,N,N
942,AD42417                       ,DL_PM_TM_VBESAB01             ,RL_COMMON                     ,N,N
943,AD59256                       ,DL_AA_TM_MAM_S                ,RL_COMMON                     ,N,N
944,AD59256                       ,DL_AQI_GBD_PHI                ,DATALAB_READ_DL_AQI_PHI       ,N,N
945,AD59256                       ,DL_AQI_GBD_PHI                ,RL_COMMON                     ,N,N
946,AD59256                       ,DL_AQI_MBRSHP_PHI             ,RL_COMMON                     ,N,N
947,AD59256                       ,DL_AQI_MDCR_QDM               ,RL_COMMON                     ,N,N
948,AD59256                       ,DL_AQI_PHI                    ,DATALAB_READ_DL_AQI_PHI       ,N,N
949,AD59256                       ,DL_AQI_PHI                    ,RL_COMMON                     ,N,N
950,AD59256                       ,DL_AQI_SL_IDW_PHI             ,DATALAB_READ_DL_AQI_SL_IDW_PHI,N,N
951,AD59256                       ,DL_AQI_SL_IDW_PHI             ,DATALAB_READ_DL_AQI_SL_IDW_PHI,N,N
952,AD59256                       ,DL_AQI_SL_IDW_PHI             ,DATALAB_READ_DL_AQI_SL_IDW_PHI,N,N
953,AD59256                       ,DL_AQI_SL_IDW_PHI             ,DATALAB_READ_DL_AQI_SL_IDW_PHI,N,N
954,AD59256                       ,DL_AQI_SL_IDW_PHI             ,DATALAB_READ_DL_AQI_SL_IDW_PHI,N,N
955,AD59256                       ,DL_AQI_SL_IDW_PHI             ,DATALAB_READ_DL_AQI_SL_IDW_PHI,N,N
956,AD59256                       ,DL_AQI_SL_IDW_PHI             ,DATALAB_READ_DL_AQI_SL_IDW_PHI,N,N
957,AD59256                       ,DL_AQI_SL_IDW_PHI             ,DATALAB_READ_DL_AQI_SL_IDW_PHI,N,N
958,AD59256                       ,DL_AQI_SL_IDW_PHI             ,DATALAB_READ_DL_AQI_SL_IDW_PHI,N,N
959,AD59256                       ,DL_AQI_SL_IDW_PHI             ,DATALAB_READ_DL_AQI_SL_IDW_PHI,N,N
960,AD59256                       ,DL_AQI_SL_IDW_PHI             ,DATALAB_READ_DL_AQI_SL_IDW_PHI,N,N
961,AD59256                       ,DL_AQI_SL_IDW_PHI             ,DATALAB_READ_DL_AQI_SL_IDW_PHI,N,N
962,AD59256                       ,DL_AQI_SL_IDW_PHI             ,DATALAB_READ_DL_AQI_SL_IDW_PHI,N,N
963,AD59256                       ,DL_AQI_SL_IDW_PHI             ,DATALAB_READ_DL_AQI_SL_IDW_PHI,N,N
964,AD59256                       ,DL_AQI_SL_IDW_PHI             ,DATALAB_READ_DL_AQI_SL_IDW_PHI,N,N
965,AD59256                       ,DL_AQI_SL_IDW_PHI             ,DATALAB_READ_DL_AQI_SL_IDW_PHI,N,N
966,AD59256                       ,DL_AQI_SL_IDW_PHI             ,DATALAB_READ_DL_AQI_SL_IDW_PHI,N,N
967,AD59256                       ,DL_AQI_SL_IDW_PHI             ,DATALAB_READ_DL_AQI_SL_IDW_PHI,N,N
968,AD59256                       ,DL_AQI_SL_IDW_PHI             ,DATALAB_READ_DL_AQI_SL_IDW_PHI,N,N
969,AD59256                       ,DL_AQI_SL_IDW_PHI             ,RL_COMMON                     ,N,N
970,AD59256                       ,DL_CLIN_AFF                   ,RL_COMMON                     ,N,N
971,AD59256                       ,DL_DMS_PHI                    ,RL_COMMON                     ,N,N
972,AD59256                       ,DL_PM_TM_VBESAB01             ,RL_COMMON                     ,N,N
973,AD74847                       ,DL_AA_TM_MAM_S                ,RL_COMMON                     ,N,N
974,AD74847                       ,DL_AQI_GBD_PHI                ,RL_COMMON                     ,N,N
975,AD74847                       ,DL_AQI_MBRSHP_PHI             ,RL_COMMON                     ,N,N
976,AD74847                       ,DL_AQI_MDCR_QDM               ,RL_COMMON                     ,N,N
977,AD74847                       ,DL_AQI_PHI                    ,RL_COMMON                     ,N,N
978,AD74847                       ,DL_AQI_SL_IDW_PHI             ,RL_COMMON                     ,N,N
979,AD74847                       ,DL_CLIN_AFF                   ,RL_COMMON                     ,N,N
980,AD74847                       ,DL_DMS_PHI                    ,RL_COMMON                     ,N,N
981,AD74847                       ,DL_PM_TM_VBESAB01             ,RL_COMMON                     ,N,N
982,AD84558                       ,DL_AA_TM_MAM_S                ,RL_COMMON                     ,N,N
983,AD84558                       ,DL_AQI_GBD_PHI                ,DATALAB_READ_DL_AQI_PHI       ,N,N
984,AD84558                       ,DL_AQI_GBD_PHI                ,RL_COMMON                     ,N,N
985,AD84558                       ,DL_AQI_MBRSHP_PHI             ,DATALAB_READ_DL_AQI_MBRSHP_PHI,N,N
986,AD84558                       ,DL_AQI_MBRSHP_PHI             ,RL_COMMON                     ,N,N
987,AD84558                       ,DL_AQI_MDCR_QDM               ,DATALAB_READ_DL_AQI_MDCR_PHI  ,N,N
988,AD84558                       ,DL_AQI_MDCR_QDM               ,RL_COMMON                     ,N,N
989,AD84558                       ,DL_AQI_PHI                    ,DATALAB_ALL_DL_AQI_PHI        ,N,N
990,AD84558                       ,DL_AQI_PHI                    ,DATALAB_ALL_DL_AQI_PHI        ,N,N
991,AD84558                       ,DL_AQI_PHI                    ,DATALAB_ALL_DL_AQI_PHI        ,N,N
992,AD84558                       ,DL_AQI_PHI                    ,DATALAB_ALL_DL_AQI_PHI        ,N,N
993,AD84558                       ,DL_AQI_PHI                    ,DATALAB_ALL_DL_AQI_PHI        ,N,N
994,AD84558                       ,DL_AQI_PHI                    ,DATALAB_ALL_DL_AQI_PHI        ,N,N
995,AD84558                       ,DL_AQI_PHI                    ,DATALAB_ALL_DL_AQI_PHI        ,N,N
996,AD84558                       ,DL_AQI_PHI                    ,DATALAB_ALL_DL_AQI_PHI        ,N,N
997,AD84558                       ,DL_AQI_PHI                    ,DATALAB_ALL_DL_AQI_PHI        ,N,N
998,AD84558                       ,DL_AQI_PHI                    ,DATALAB_ALL_DL_AQI_PHI        ,N,N
999,AD84558                       ,DL_AQI_PHI                    ,DATALAB_ALL_DL_AQI_PHI        ,N,N
1000,AD84558                       ,DL_AQI_PHI                    ,DATALAB_ALL_DL_AQI_PHI        ,N,N
1001,AD84558                       ,DL_AQI_PHI                    ,DATALAB_ALL_DL_AQI_PHI        ,N,N
1002,AD84558                       ,DL_AQI_PHI                    ,DATALAB_ALL_DL_AQI_PHI        ,N,N
1003,AD84558                       ,DL_AQI_PHI                    ,DATALAB_ALL_DL_AQI_PHI        ,N,N
1004,AD84558                       ,DL_AQI_PHI                    ,DATALAB_ALL_DL_AQI_PHI        ,N,N
1005,AD84558                       ,DL_AQI_PHI                    ,DATALAB_ALL_DL_AQI_PHI        ,N,N
1006,AD84558                       ,DL_AQI_PHI                    ,DATALAB_ALL_DL_AQI_PHI        ,N,N
1007,AD84558                       ,DL_AQI_PHI                    ,DATALAB_ALL_DL_AQI_PHI        ,N,N
1008,AD84558                       ,DL_AQI_PHI                    ,DATALAB_READ_DL_AQI_PHI       ,N,N
1009,AD84558                       ,DL_AQI_PHI                    ,RL_COMMON                     ,N,N
1010,AD84558                       ,DL_AQI_SL_IDW_PHI             ,DATALAB_READ_DL_AQI_SL_IDW_PHI,N,N
1011,AD84558                       ,DL_AQI_SL_IDW_PHI             ,DATALAB_READ_DL_AQI_SL_IDW_PHI,N,N
1012,AD84558                       ,DL_AQI_SL_IDW_PHI             ,DATALAB_READ_DL_AQI_SL_IDW_PHI,N,N
1013,AD84558                       ,DL_AQI_SL_IDW_PHI             ,DATALAB_READ_DL_AQI_SL_IDW_PHI,N,N
1014,AD84558                       ,DL_AQI_SL_IDW_PHI             ,DATALAB_READ_DL_AQI_SL_IDW_PHI,N,N
1015,AD84558                       ,DL_AQI_SL_IDW_PHI             ,DATALAB_READ_DL_AQI_SL_IDW_PHI,N,N
1016,AD84558                       ,DL_AQI_SL_IDW_PHI             ,DATALAB_READ_DL_AQI_SL_IDW_PHI,N,N
1017,AD84558                       ,DL_AQI_SL_IDW_PHI             ,DATALAB_READ_DL_AQI_SL_IDW_PHI,N,N
1018,AD84558                       ,DL_AQI_SL_IDW_PHI             ,DATALAB_READ_DL_AQI_SL_IDW_PHI,N,N
1019,AD84558                       ,DL_AQI_SL_IDW_PHI             ,DATALAB_READ_DL_AQI_SL_IDW_PHI,N,N
1020,AD84558                       ,DL_AQI_SL_IDW_PHI             ,DATALAB_READ_DL_AQI_SL_IDW_PHI,N,N
1021,AD84558                       ,DL_AQI_SL_IDW_PHI             ,DATALAB_READ_DL_AQI_SL_IDW_PHI,N,N
1022,AD84558                       ,DL_AQI_SL_IDW_PHI             ,DATALAB_READ_DL_AQI_SL_IDW_PHI,N,N
1023,AD84558                       ,DL_AQI_SL_IDW_PHI             ,DATALAB_READ_DL_AQI_SL_IDW_PHI,N,N
1024,AD84558                       ,DL_AQI_SL_IDW_PHI             ,DATALAB_READ_DL_AQI_SL_IDW_PHI,N,N
1025,AD84558                       ,DL_AQI_SL_IDW_PHI             ,DATALAB_READ_DL_AQI_SL_IDW_PHI,N,N
1026,AD84558                       ,DL_AQI_SL_IDW_PHI             ,DATALAB_READ_DL_AQI_SL_IDW_PHI,N,N
1027,AD84558                       ,DL_AQI_SL_IDW_PHI             ,DATALAB_READ_DL_AQI_SL_IDW_PHI,N,N
1028,AD84558                       ,DL_AQI_SL_IDW_PHI             ,DATALAB_READ_DL_AQI_SL_IDW_PHI,N,N
1029,AD84558                       ,DL_AQI_SL_IDW_PHI             ,RL_COMMON                     ,N,N
1030,AD84558                       ,DL_CLIN_AFF                   ,RL_COMMON                     ,N,N
1031,AD84558                       ,DL_DMS_PHI                    ,RL_COMMON                     ,N,N
1032,AD84558                       ,DL_PM_TM_VBESAB01             ,RL_COMMON                     ,N,N
1033,AD84918                       ,DL_AA_TM_MAM_S                ,RL_COMMON                     ,N,N
1034,AD84918                       ,DL_AQI_GBD_PHI                ,RL_COMMON                     ,N,N
1035,AD84918                       ,DL_AQI_MBRSHP_PHI             ,RL_COMMON                     ,N,N
1036,AD84918                       ,DL_AQI_MDCR_QDM               ,RL_COMMON                     ,N,N
1037,AD84918                       ,DL_AQI_PHI                    ,RL_COMMON                     ,N,N
1038,AD84918                       ,DL_AQI_SL_IDW_PHI             ,RL_COMMON                     ,N,N
1039,AD84918                       ,DL_CLIN_AFF                   ,RL_COMMON                     ,N,N
1040,AD84918                       ,DL_DMS_PHI                    ,DATALAB_ALL_DL_DMS_PHI        ,N,N
1041,AD84918                       ,DL_DMS_PHI                    ,DATALAB_ALL_DL_DMS_PHI        ,N,N
1042,AD84918                       ,DL_DMS_PHI                    ,DATALAB_ALL_DL_DMS_PHI        ,N,N
1043,AD84918                       ,DL_DMS_PHI                    ,DATALAB_ALL_DL_DMS_PHI        ,N,N
1044,AD84918                       ,DL_DMS_PHI                    ,DATALAB_ALL_DL_DMS_PHI        ,N,N
1045,AD84918                       ,DL_DMS_PHI                    ,DATALAB_ALL_DL_DMS_PHI        ,N,N
1046,AD84918                       ,DL_DMS_PHI                    ,DATALAB_ALL_DL_DMS_PHI        ,N,N
1047,AD84918                       ,DL_DMS_PHI                    ,DATALAB_ALL_DL_DMS_PHI        ,N,N
1048,AD84918                       ,DL_DMS_PHI                    ,DATALAB_ALL_DL_DMS_PHI        ,N,N
1049,AD84918                       ,DL_DMS_PHI                    ,DATALAB_ALL_DL_DMS_PHI        ,N,N
1050,AD84918                       ,DL_DMS_PHI                    ,DATALAB_ALL_DL_DMS_PHI        ,N,N
1051,AD84918                       ,DL_DMS_PHI                    ,DATALAB_ALL_DL_DMS_PHI        ,N,N
1052,AD84918                       ,DL_DMS_PHI                    ,DATALAB_ALL_DL_DMS_PHI        ,N,N
1053,AD84918                       ,DL_DMS_PHI                    ,DATALAB_ALL_DL_DMS_PHI        ,N,N
1054,AD84918                       ,DL_DMS_PHI                    ,DATALAB_ALL_DL_DMS_PHI        ,N,N
1055,AD84918                       ,DL_DMS_PHI                    ,DATALAB_ALL_DL_DMS_PHI        ,N,N
1056,AD84918                       ,DL_DMS_PHI                    ,DATALAB_ALL_DL_DMS_PHI        ,N,N
1057,AD84918                       ,DL_DMS_PHI                    ,DATALAB_ALL_DL_DMS_PHI        ,N,N
1058,AD84918                       ,DL_DMS_PHI                    ,DATALAB_ALL_DL_DMS_PHI        ,N,N
1059,AD84918                       ,DL_DMS_PHI                    ,RL_COMMON                     ,N,N
1060,AD84918                       ,DL_PM_TM_VBESAB01             ,RL_COMMON                     ,N,N
1061,AE00295                       ,DL_AA_TM_MAM_S                ,RL_COMMON                     ,N,N
1062,AE00295                       ,DL_AQI_GBD_PHI                ,DATALAB_READ_DL_AQI_GBD_PHI   ,N,N
1063,AE00295                       ,DL_AQI_GBD_PHI                ,DATALAB_READ_DL_AQI_PHI       ,N,N
1064,AE00295                       ,DL_AQI_GBD_PHI                ,RL_COMMON                     ,N,N
1065,AE00295                       ,DL_AQI_MBRSHP_PHI             ,DATALAB_ALL_DL_AQI_MBRSHP_PHI ,N,N
1066,AE00295                       ,DL_AQI_MBRSHP_PHI             ,DATALAB_ALL_DL_AQI_MBRSHP_PHI ,N,N
1067,AE00295                       ,DL_AQI_MBRSHP_PHI             ,DATALAB_ALL_DL_AQI_MBRSHP_PHI ,N,N
1068,AE00295                       ,DL_AQI_MBRSHP_PHI             ,DATALAB_ALL_DL_AQI_MBRSHP_PHI ,N,N
1069,AE00295                       ,DL_AQI_MBRSHP_PHI             ,DATALAB_ALL_DL_AQI_MBRSHP_PHI ,N,N
1070,AE00295                       ,DL_AQI_MBRSHP_PHI             ,DATALAB_ALL_DL_AQI_MBRSHP_PHI ,N,N
1071,AE00295                       ,DL_AQI_MBRSHP_PHI             ,DATALAB_ALL_DL_AQI_MBRSHP_PHI ,N,N
1072,AE00295                       ,DL_AQI_MBRSHP_PHI             ,DATALAB_ALL_DL_AQI_MBRSHP_PHI ,N,N
1073,AE00295                       ,DL_AQI_MBRSHP_PHI             ,DATALAB_ALL_DL_AQI_MBRSHP_PHI ,N,N
1074,AE00295                       ,DL_AQI_MBRSHP_PHI             ,DATALAB_ALL_DL_AQI_MBRSHP_PHI ,N,N
1075,AE00295                       ,DL_AQI_MBRSHP_PHI             ,DATALAB_ALL_DL_AQI_MBRSHP_PHI ,N,N
1076,AE00295                       ,DL_AQI_MBRSHP_PHI             ,DATALAB_ALL_DL_AQI_MBRSHP_PHI ,N,N
1077,AE00295                       ,DL_AQI_MBRSHP_PHI             ,DATALAB_ALL_DL_AQI_MBRSHP_PHI ,N,N
1078,AE00295                       ,DL_AQI_MBRSHP_PHI             ,DATALAB_ALL_DL_AQI_MBRSHP_PHI ,N,N
1079,AE00295                       ,DL_AQI_MBRSHP_PHI             ,DATALAB_ALL_DL_AQI_MBRSHP_PHI ,N,N
1080,AE00295                       ,DL_AQI_MBRSHP_PHI             ,DATALAB_ALL_DL_AQI_MBRSHP_PHI ,N,N
1081,AE00295                       ,DL_AQI_MBRSHP_PHI             ,DATALAB_ALL_DL_AQI_MBRSHP_PHI ,N,N
1082,AE00295                       ,DL_AQI_MBRSHP_PHI             ,DATALAB_ALL_DL_AQI_MBRSHP_PHI ,N,N
1083,AE00295                       ,DL_AQI_MBRSHP_PHI             ,DATALAB_ALL_DL_AQI_MBRSHP_PHI ,N,N
1084,AE00295                       ,DL_AQI_MBRSHP_PHI             ,RL_COMMON                     ,N,N
1085,AE00295                       ,DL_AQI_MDCR_QDM               ,DATALAB_ALL_DL_AQI_MDCR_PHI   ,N,N
1086,AE00295                       ,DL_AQI_MDCR_QDM               ,DATALAB_ALL_DL_AQI_MDCR_PHI   ,N,N
1087,AE00295                       ,DL_AQI_MDCR_QDM               ,DATALAB_ALL_DL_AQI_MDCR_PHI   ,N,N
1088,AE00295                       ,DL_AQI_MDCR_QDM               ,DATALAB_ALL_DL_AQI_MDCR_PHI   ,N,N
1089,AE00295                       ,DL_AQI_MDCR_QDM               ,DATALAB_ALL_DL_AQI_MDCR_PHI   ,N,N
1090,AE00295                       ,DL_AQI_MDCR_QDM               ,DATALAB_ALL_DL_AQI_MDCR_PHI   ,N,N
1091,AE00295                       ,DL_AQI_MDCR_QDM               ,DATALAB_ALL_DL_AQI_MDCR_PHI   ,N,N
1092,AE00295                       ,DL_AQI_MDCR_QDM               ,DATALAB_ALL_DL_AQI_MDCR_PHI   ,N,N
1093,AE00295                       ,DL_AQI_MDCR_QDM               ,DATALAB_ALL_DL_AQI_MDCR_PHI   ,N,N
1094,AE00295                       ,DL_AQI_MDCR_QDM               ,DATALAB_ALL_DL_AQI_MDCR_PHI   ,N,N
1095,AE00295                       ,DL_AQI_MDCR_QDM               ,DATALAB_ALL_DL_AQI_MDCR_PHI   ,N,N
1096,AE00295                       ,DL_AQI_MDCR_QDM               ,DATALAB_ALL_DL_AQI_MDCR_PHI   ,N,N
1097,AE00295                       ,DL_AQI_MDCR_QDM               ,DATALAB_ALL_DL_AQI_MDCR_PHI   ,N,N
1098,AE00295                       ,DL_AQI_MDCR_QDM               ,DATALAB_ALL_DL_AQI_MDCR_PHI   ,N,N
1099,AE00295                       ,DL_AQI_MDCR_QDM               ,DATALAB_ALL_DL_AQI_MDCR_PHI   ,N,N
1100,AE00295                       ,DL_AQI_MDCR_QDM               ,DATALAB_ALL_DL_AQI_MDCR_PHI   ,N,N
1101,AE00295                       ,DL_AQI_MDCR_QDM               ,DATALAB_ALL_DL_AQI_MDCR_PHI   ,N,N
1102,AE00295                       ,DL_AQI_MDCR_QDM               ,DATALAB_ALL_DL_AQI_MDCR_PHI   ,N,N
1103,AE00295                       ,DL_AQI_MDCR_QDM               ,DATALAB_ALL_DL_AQI_MDCR_PHI   ,N,N
1104,AE00295                       ,DL_AQI_MDCR_QDM               ,DATALAB_READ_DL_AQI_MDCR_PHI  ,N,N
1105,AE00295                       ,DL_AQI_MDCR_QDM               ,RL_COMMON                     ,N,N
1106,AE00295                       ,DL_AQI_PHI                    ,DATALAB_ALL_DL_AQI_PHI        ,N,N
1107,AE00295                       ,DL_AQI_PHI                    ,DATALAB_ALL_DL_AQI_PHI        ,N,N
1108,AE00295                       ,DL_AQI_PHI                    ,DATALAB_ALL_DL_AQI_PHI        ,N,N
1109,AE00295                       ,DL_AQI_PHI                    ,DATALAB_ALL_DL_AQI_PHI        ,N,N
1110,AE00295                       ,DL_AQI_PHI                    ,DATALAB_ALL_DL_AQI_PHI        ,N,N
1111,AE00295                       ,DL_AQI_PHI                    ,DATALAB_ALL_DL_AQI_PHI        ,N,N
1112,AE00295                       ,DL_AQI_PHI                    ,DATALAB_ALL_DL_AQI_PHI        ,N,N
1113,AE00295                       ,DL_AQI_PHI                    ,DATALAB_ALL_DL_AQI_PHI        ,N,N
1114,AE00295                       ,DL_AQI_PHI                    ,DATALAB_ALL_DL_AQI_PHI        ,N,N
1115,AE00295                       ,DL_AQI_PHI                    ,DATALAB_ALL_DL_AQI_PHI        ,N,N
1116,AE00295                       ,DL_AQI_PHI                    ,DATALAB_ALL_DL_AQI_PHI        ,N,N
1117,AE00295                       ,DL_AQI_PHI                    ,DATALAB_ALL_DL_AQI_PHI        ,N,N
1118,AE00295                       ,DL_AQI_PHI                    ,DATALAB_ALL_DL_AQI_PHI        ,N,N
1119,AE00295                       ,DL_AQI_PHI                    ,DATALAB_ALL_DL_AQI_PHI        ,N,N
1120,AE00295                       ,DL_AQI_PHI                    ,DATALAB_ALL_DL_AQI_PHI        ,N,N
1121,AE00295                       ,DL_AQI_PHI                    ,DATALAB_ALL_DL_AQI_PHI        ,N,N
1122,AE00295                       ,DL_AQI_PHI                    ,DATALAB_ALL_DL_AQI_PHI        ,N,N
1123,AE00295                       ,DL_AQI_PHI                    ,DATALAB_ALL_DL_AQI_PHI        ,N,N
1124,AE00295                       ,DL_AQI_PHI                    ,DATALAB_ALL_DL_AQI_PHI        ,N,N
1125,AE00295                       ,DL_AQI_PHI                    ,DATALAB_READ_DL_AQI_PHI       ,N,N
1126,AE00295                       ,DL_AQI_PHI                    ,RL_COMMON                     ,N,N
1127,AE00295                       ,DL_AQI_SL_IDW_PHI             ,DATALAB_READ_DL_AQI_SL_IDW_PHI,N,N
1128,AE00295                       ,DL_AQI_SL_IDW_PHI             ,DATALAB_READ_DL_AQI_SL_IDW_PHI,N,N
1129,AE00295                       ,DL_AQI_SL_IDW_PHI             ,DATALAB_READ_DL_AQI_SL_IDW_PHI,N,N
1130,AE00295                       ,DL_AQI_SL_IDW_PHI             ,DATALAB_READ_DL_AQI_SL_IDW_PHI,N,N
1131,AE00295                       ,DL_AQI_SL_IDW_PHI             ,DATALAB_READ_DL_AQI_SL_IDW_PHI,N,N
1132,AE00295                       ,DL_AQI_SL_IDW_PHI             ,DATALAB_READ_DL_AQI_SL_IDW_PHI,N,N
1133,AE00295                       ,DL_AQI_SL_IDW_PHI             ,DATALAB_READ_DL_AQI_SL_IDW_PHI,N,N
1134,AE00295                       ,DL_AQI_SL_IDW_PHI             ,DATALAB_READ_DL_AQI_SL_IDW_PHI,N,N
1135,AE00295                       ,DL_AQI_SL_IDW_PHI             ,DATALAB_READ_DL_AQI_SL_IDW_PHI,N,N
1136,AE00295                       ,DL_AQI_SL_IDW_PHI             ,DATALAB_READ_DL_AQI_SL_IDW_PHI,N,N
1137,AE00295                       ,DL_AQI_SL_IDW_PHI             ,DATALAB_READ_DL_AQI_SL_IDW_PHI,N,N
1138,AE00295                       ,DL_AQI_SL_IDW_PHI             ,DATALAB_READ_DL_AQI_SL_IDW_PHI,N,N
1139,AE00295                       ,DL_AQI_SL_IDW_PHI             ,DATALAB_READ_DL_AQI_SL_IDW_PHI,N,N
1140,AE00295                       ,DL_AQI_SL_IDW_PHI             ,DATALAB_READ_DL_AQI_SL_IDW_PHI,N,N
1141,AE00295                       ,DL_AQI_SL_IDW_PHI             ,DATALAB_READ_DL_AQI_SL_IDW_PHI,N,N
1142,AE00295                       ,DL_AQI_SL_IDW_PHI             ,DATALAB_READ_DL_AQI_SL_IDW_PHI,N,N
1143,AE00295                       ,DL_AQI_SL_IDW_PHI             ,DATALAB_READ_DL_AQI_SL_IDW_PHI,N,N
1144,AE00295                       ,DL_AQI_SL_IDW_PHI             ,DATALAB_READ_DL_AQI_SL_IDW_PHI,N,N
1145,AE00295                       ,DL_AQI_SL_IDW_PHI             ,DATALAB_READ_DL_AQI_SL_IDW_PHI,N,N
1146,AE00295                       ,DL_AQI_SL_IDW_PHI             ,RL_COMMON                     ,N,N
1147,AE00295                       ,DL_CLIN_AFF                   ,RL_COMMON                     ,N,N
1148,AE00295                       ,DL_DMS_PHI                    ,RL_COMMON                     ,N,N
1149,AE00295                       ,DL_PM_TM_VBESAB01             ,RL_COMMON                     ,N,N
1150,AE01573                       ,DL_AA_TM_MAM_S                ,RL_COMMON                     ,N,N
1151,AE01573                       ,DL_AQI_GBD_PHI                ,RL_COMMON                     ,N,N
1152,AE01573                       ,DL_AQI_MBRSHP_PHI             ,RL_COMMON                     ,N,N
1153,AE01573                       ,DL_AQI_MDCR_QDM               ,RL_COMMON                     ,N,N
1154,AE01573                       ,DL_AQI_PHI                    ,RL_COMMON                     ,N,N
1155,AE01573                       ,DL_AQI_SL_IDW_PHI             ,RL_COMMON                     ,N,N
1156,AE01573                       ,DL_CLIN_AFF                   ,RL_COMMON                     ,N,N
1157,AE01573                       ,DL_DMS_PHI                    ,RL_COMMON                     ,N,N
1158,AE01573                       ,DL_PM_TM_VBESAB01             ,RL_COMMON                     ,N,N
1159,AE06244                       ,DL_AA_TM_MAM_S                ,RL_COMMON                     ,N,N
1160,AE06244                       ,DL_AQI_GBD_PHI                ,RL_COMMON                     ,N,N
1161,AE06244                       ,DL_AQI_MBRSHP_PHI             ,RL_COMMON                     ,N,N
1162,AE06244                       ,DL_AQI_MDCR_QDM               ,RL_COMMON                     ,N,N
1163,AE06244                       ,DL_AQI_PHI                    ,RL_COMMON                     ,N,N
1164,AE06244                       ,DL_AQI_SL_IDW_PHI             ,RL_COMMON                     ,N,N
1165,AE06244                       ,DL_CLIN_AFF                   ,RL_COMMON                     ,N,N
1166,AE06244                       ,DL_DMS_PHI                    ,RL_COMMON                     ,N,N
1167,AE06244                       ,DL_PM_TM_VBESAB01             ,DATALAB_ALL_DL_PM_TM_VBESAB01 ,N,N
1168,AE06244                       ,DL_PM_TM_VBESAB01             ,DATALAB_ALL_DL_PM_TM_VBESAB01 ,N,N
1169,AE06244                       ,DL_PM_TM_VBESAB01             ,DATALAB_ALL_DL_PM_TM_VBESAB01 ,N,N
1170,AE06244                       ,DL_PM_TM_VBESAB01             ,DATALAB_ALL_DL_PM_TM_VBESAB01 ,N,N
1171,AE06244                       ,DL_PM_TM_VBESAB01             ,DATALAB_ALL_DL_PM_TM_VBESAB01 ,N,N
1172,AE06244                       ,DL_PM_TM_VBESAB01             ,DATALAB_ALL_DL_PM_TM_VBESAB01 ,N,N
1173,AE06244                       ,DL_PM_TM_VBESAB01             ,DATALAB_ALL_DL_PM_TM_VBESAB01 ,N,N
1174,AE06244                       ,DL_PM_TM_VBESAB01             ,DATALAB_ALL_DL_PM_TM_VBESAB01 ,N,N
1175,AE06244                       ,DL_PM_TM_VBESAB01             ,DATALAB_ALL_DL_PM_TM_VBESAB01 ,N,N
1176,AE06244                       ,DL_PM_TM_VBESAB01             ,DATALAB_ALL_DL_PM_TM_VBESAB01 ,N,N
1177,AE06244                       ,DL_PM_TM_VBESAB01             ,DATALAB_ALL_DL_PM_TM_VBESAB01 ,N,N
1178,AE06244                       ,DL_PM_TM_VBESAB01             ,DATALAB_ALL_DL_PM_TM_VBESAB01 ,N,N
1179,AE06244                       ,DL_PM_TM_VBESAB01             ,DATALAB_ALL_DL_PM_TM_VBESAB01 ,N,N
1180,AE06244                       ,DL_PM_TM_VBESAB01             ,DATALAB_ALL_DL_PM_TM_VBESAB01 ,N,N
1181,AE06244                       ,DL_PM_TM_VBESAB01             ,DATALAB_ALL_DL_PM_TM_VBESAB01 ,N,N
1182,AE06244                       ,DL_PM_TM_VBESAB01             ,DATALAB_ALL_DL_PM_TM_VBESAB01 ,N,N
1183,AE06244                       ,DL_PM_TM_VBESAB01             ,DATALAB_ALL_DL_PM_TM_VBESAB01 ,N,N
1184,AE06244                       ,DL_PM_TM_VBESAB01             ,DATALAB_ALL_DL_PM_TM_VBESAB01 ,N,N
1185,AE06244                       ,DL_PM_TM_VBESAB01             ,DATALAB_ALL_DL_PM_TM_VBESAB01 ,N,N
1186,AE06244                       ,DL_PM_TM_VBESAB01             ,DATALAB_READ_DL_PM_TM_VBESAB01,N,N
1187,AE06244                       ,DL_PM_TM_VBESAB01             ,RL_COMMON                     ,N,N
1188,AE06784                       ,DL_AA_TM_MAM_S                ,RL_COMMON                     ,N,N
1189,AE06784                       ,DL_AQI_GBD_PHI                ,RL_COMMON                     ,N,N
1190,AE06784                       ,DL_AQI_MBRSHP_PHI             ,RL_COMMON                     ,N,N
1191,AE06784                       ,DL_AQI_MDCR_QDM               ,RL_COMMON                     ,N,N
1192,AE06784                       ,DL_AQI_PHI                    ,RL_COMMON                     ,N,N
1193,AE06784                       ,DL_AQI_SL_IDW_PHI             ,RL_COMMON                     ,N,N
1194,AE06784                       ,DL_CLIN_AFF                   ,RL_COMMON                     ,N,N
1195,AE06784                       ,DL_DMS_PHI                    ,RL_COMMON                     ,N,N
1196,AE06784                       ,DL_PM_TM_VBESAB01             ,RL_COMMON                     ,N,N
1197,AE08291                       ,DL_AA_TM_MAM_S                ,RL_COMMON                     ,N,N
1198,AE08291                       ,DL_AQI_GBD_PHI                ,DATALAB_READ_DL_AQI_GBD_PHI   ,N,N
1199,AE08291                       ,DL_AQI_GBD_PHI                ,RL_COMMON                     ,N,N
1200,AE08291                       ,DL_AQI_MBRSHP_PHI             ,RL_COMMON                     ,N,N
1201,AE08291                       ,DL_AQI_MDCR_QDM               ,DATALAB_READ_DL_AQI_MDCR_PHI  ,N,N
1202,AE08291                       ,DL_AQI_MDCR_QDM               ,RL_COMMON                     ,N,N
1203,AE08291                       ,DL_AQI_PHI                    ,DATALAB_ALL_DL_AQI_PHI        ,N,N
1204,AE08291                       ,DL_AQI_PHI                    ,DATALAB_ALL_DL_AQI_PHI        ,N,N
1205,AE08291                       ,DL_AQI_PHI                    ,DATALAB_ALL_DL_AQI_PHI        ,N,N
1206,AE08291                       ,DL_AQI_PHI                    ,DATALAB_ALL_DL_AQI_PHI        ,N,N
1207,AE08291                       ,DL_AQI_PHI                    ,DATALAB_ALL_DL_AQI_PHI        ,N,N
1208,AE08291                       ,DL_AQI_PHI                    ,DATALAB_ALL_DL_AQI_PHI        ,N,N
1209,AE08291                       ,DL_AQI_PHI                    ,DATALAB_ALL_DL_AQI_PHI        ,N,N
1210,AE08291                       ,DL_AQI_PHI                    ,DATALAB_ALL_DL_AQI_PHI        ,N,N
1211,AE08291                       ,DL_AQI_PHI                    ,DATALAB_ALL_DL_AQI_PHI        ,N,N
1212,AE08291                       ,DL_AQI_PHI                    ,DATALAB_ALL_DL_AQI_PHI        ,N,N
1213,AE08291                       ,DL_AQI_PHI                    ,DATALAB_ALL_DL_AQI_PHI        ,N,N
1214,AE08291                       ,DL_AQI_PHI                    ,DATALAB_ALL_DL_AQI_PHI        ,N,N
1215,AE08291                       ,DL_AQI_PHI                    ,DATALAB_ALL_DL_AQI_PHI        ,N,N
1216,AE08291                       ,DL_AQI_PHI                    ,DATALAB_ALL_DL_AQI_PHI        ,N,N
1217,AE08291                       ,DL_AQI_PHI                    ,DATALAB_ALL_DL_AQI_PHI        ,N,N
1218,AE08291                       ,DL_AQI_PHI                    ,DATALAB_ALL_DL_AQI_PHI        ,N,N
1219,AE08291                       ,DL_AQI_PHI                    ,DATALAB_ALL_DL_AQI_PHI        ,N,N
1220,AE08291                       ,DL_AQI_PHI                    ,DATALAB_ALL_DL_AQI_PHI        ,N,N
1221,AE08291                       ,DL_AQI_PHI                    ,DATALAB_ALL_DL_AQI_PHI        ,N,N
1222,AE08291                       ,DL_AQI_PHI                    ,RL_COMMON                     ,N,N
1223,AE08291                       ,DL_AQI_SL_IDW_PHI             ,RL_COMMON                     ,N,N
1224,AE08291                       ,DL_CLIN_AFF                   ,RL_COMMON                     ,N,N
1225,AE08291                       ,DL_DMS_PHI                    ,RL_COMMON                     ,N,N
1226,AE08291                       ,DL_PM_TM_VBESAB01             ,RL_COMMON                     ,N,N
1227,AF18413                       ,DL_AA_TM_MAM_S                ,RL_COMMON                     ,N,N
1228,AF18413                       ,DL_AQI_GBD_PHI                ,RL_COMMON                     ,N,N
1229,AF18413                       ,DL_AQI_MBRSHP_PHI             ,RL_COMMON                     ,N,N
1230,AF18413                       ,DL_AQI_MDCR_QDM               ,RL_COMMON                     ,N,N
1231,AF18413                       ,DL_AQI_PHI                    ,RL_COMMON                     ,N,N
1232,AF18413                       ,DL_AQI_SL_IDW_PHI             ,RL_COMMON                     ,N,N
1233,AF18413                       ,DL_CLIN_AFF                   ,RL_COMMON                     ,N,N
1234,AF18413                       ,DL_DMS_PHI                    ,DATALAB_ALL_DL_DMS_PHI        ,N,N
1235,AF18413                       ,DL_DMS_PHI                    ,DATALAB_ALL_DL_DMS_PHI        ,N,N
1236,AF18413                       ,DL_DMS_PHI                    ,DATALAB_ALL_DL_DMS_PHI        ,N,N
1237,AF18413                       ,DL_DMS_PHI                    ,DATALAB_ALL_DL_DMS_PHI        ,N,N
1238,AF18413                       ,DL_DMS_PHI                    ,DATALAB_ALL_DL_DMS_PHI        ,N,N
1239,AF18413                       ,DL_DMS_PHI                    ,DATALAB_ALL_DL_DMS_PHI        ,N,N
1240,AF18413                       ,DL_DMS_PHI                    ,DATALAB_ALL_DL_DMS_PHI        ,N,N
1241,AF18413                       ,DL_DMS_PHI                    ,DATALAB_ALL_DL_DMS_PHI        ,N,N
1242,AF18413                       ,DL_DMS_PHI                    ,DATALAB_ALL_DL_DMS_PHI        ,N,N
1243,AF18413                       ,DL_DMS_PHI                    ,DATALAB_ALL_DL_DMS_PHI        ,N,N
1244,AF18413                       ,DL_DMS_PHI                    ,DATALAB_ALL_DL_DMS_PHI        ,N,N
1245,AF18413                       ,DL_DMS_PHI                    ,DATALAB_ALL_DL_DMS_PHI        ,N,N
1246,AF18413                       ,DL_DMS_PHI                    ,DATALAB_ALL_DL_DMS_PHI        ,N,N
1247,AF18413                       ,DL_DMS_PHI                    ,DATALAB_ALL_DL_DMS_PHI        ,N,N
1248,AF18413                       ,DL_DMS_PHI                    ,DATALAB_ALL_DL_DMS_PHI        ,N,N
1249,AF18413                       ,DL_DMS_PHI                    ,DATALAB_ALL_DL_DMS_PHI        ,N,N
1250,AF18413                       ,DL_DMS_PHI                    ,DATALAB_ALL_DL_DMS_PHI        ,N,N
1251,AF18413                       ,DL_DMS_PHI                    ,DATALAB_ALL_DL_DMS_PHI        ,N,N
1252,AF18413                       ,DL_DMS_PHI                    ,DATALAB_ALL_DL_DMS_PHI        ,N,N
1253,AF18413                       ,DL_DMS_PHI                    ,RL_COMMON                     ,N,N
1254,AF18413                       ,DL_PM_TM_VBESAB01             ,RL_COMMON                     ,N,N
1255,AF29118                       ,DL_AA_TM_MAM_S                ,RL_COMMON                     ,N,N
1256,AF29118                       ,DL_AQI_GBD_PHI                ,RL_COMMON                     ,N,N
1257,AF29118                       ,DL_AQI_MBRSHP_PHI             ,RL_COMMON                     ,N,N
1258,AF29118                       ,DL_AQI_MDCR_QDM               ,RL_COMMON                     ,N,N
1259,AF29118                       ,DL_AQI_PHI                    ,RL_COMMON                     ,N,N
1260,AF29118                       ,DL_AQI_SL_IDW_PHI             ,RL_COMMON                     ,N,N
1261,AF29118                       ,DL_CLIN_AFF                   ,RL_COMMON                     ,N,N
1262,AF29118                       ,DL_DMS_PHI                    ,DATALAB_ALL_DL_DMS_PHI        ,N,N
1263,AF29118                       ,DL_DMS_PHI                    ,DATALAB_ALL_DL_DMS_PHI        ,N,N
1264,AF29118                       ,DL_DMS_PHI                    ,DATALAB_ALL_DL_DMS_PHI        ,N,N
1265,AF29118                       ,DL_DMS_PHI                    ,DATALAB_ALL_DL_DMS_PHI        ,N,N
1266,AF29118                       ,DL_DMS_PHI                    ,DATALAB_ALL_DL_DMS_PHI        ,N,N
1267,AF29118                       ,DL_DMS_PHI                    ,DATALAB_ALL_DL_DMS_PHI        ,N,N
1268,AF29118                       ,DL_DMS_PHI                    ,DATALAB_ALL_DL_DMS_PHI        ,N,N
1269,AF29118                       ,DL_DMS_PHI                    ,DATALAB_ALL_DL_DMS_PHI        ,N,N
1270,AF29118                       ,DL_DMS_PHI                    ,DATALAB_ALL_DL_DMS_PHI        ,N,N
1271,AF29118                       ,DL_DMS_PHI                    ,DATALAB_ALL_DL_DMS_PHI        ,N,N
1272,AF29118                       ,DL_DMS_PHI                    ,DATALAB_ALL_DL_DMS_PHI        ,N,N
1273,AF29118                       ,DL_DMS_PHI                    ,DATALAB_ALL_DL_DMS_PHI        ,N,N
1274,AF29118                       ,DL_DMS_PHI                    ,DATALAB_ALL_DL_DMS_PHI        ,N,N
1275,AF29118                       ,DL_DMS_PHI                    ,DATALAB_ALL_DL_DMS_PHI        ,N,N
1276,AF29118                       ,DL_DMS_PHI                    ,DATALAB_ALL_DL_DMS_PHI        ,N,N
1277,AF29118                       ,DL_DMS_PHI                    ,DATALAB_ALL_DL_DMS_PHI        ,N,N
1278,AF29118                       ,DL_DMS_PHI                    ,DATALAB_ALL_DL_DMS_PHI        ,N,N
1279,AF29118                       ,DL_DMS_PHI                    ,DATALAB_ALL_DL_DMS_PHI        ,N,N
1280,AF29118                       ,DL_DMS_PHI                    ,DATALAB_ALL_DL_DMS_PHI        ,N,N
1281,AF29118                       ,DL_DMS_PHI                    ,RL_COMMON                     ,N,N
1282,AF29118                       ,DL_PM_TM_VBESAB01             ,RL_COMMON                     ,N,N
1283,AF31875                       ,DL_AA_TM_MAM_S                ,RL_COMMON                     ,N,N
1284,AF31875                       ,DL_AQI_GBD_PHI                ,RL_COMMON                     ,N,N
1285,AF31875                       ,DL_AQI_MBRSHP_PHI             ,RL_COMMON                     ,N,N
1286,AF31875                       ,DL_AQI_MDCR_QDM               ,RL_COMMON                     ,N,N
1287,AF31875                       ,DL_AQI_PHI                    ,RL_COMMON                     ,N,N
1288,AF31875                       ,DL_AQI_SL_IDW_PHI             ,RL_COMMON                     ,N,N
1289,AF31875                       ,DL_CLIN_AFF                   ,RL_COMMON                     ,N,N
1290,AF31875                       ,DL_DMS_PHI                    ,RL_COMMON                     ,N,N
1291,AF31875                       ,DL_PM_TM_VBESAB01             ,DATALAB_READ_DL_PM_TM_VBESAB01,N,N
1292,AF31875                       ,DL_PM_TM_VBESAB01             ,RL_COMMON                     ,N,N
1293,AF33991                       ,DL_AA_TM_MAM_S                ,RL_COMMON                     ,N,N
1294,AF33991                       ,DL_AQI_GBD_PHI                ,RL_COMMON                     ,N,N
1295,AF33991                       ,DL_AQI_MBRSHP_PHI             ,RL_COMMON                     ,N,N
1296,AF33991                       ,DL_AQI_MDCR_QDM               ,RL_COMMON                     ,N,N
1297,AF33991                       ,DL_AQI_PHI                    ,RL_COMMON                     ,N,N
1298,AF33991                       ,DL_AQI_SL_IDW_PHI             ,RL_COMMON                     ,N,N
1299,AF33991                       ,DL_CLIN_AFF                   ,RL_COMMON                     ,N,N
1300,AF33991                       ,DL_DMS_PHI                    ,RL_COMMON                     ,N,N
1301,AF33991                       ,DL_PM_TM_VBESAB01             ,RL_COMMON                     ,N,N
1302,AF34392                       ,DL_AA_TM_MAM_S                ,RL_COMMON                     ,N,N
1303,AF34392                       ,DL_AQI_GBD_PHI                ,DATALAB_READ_DL_AQI_GBD_PHI   ,N,N
1304,AF34392                       ,DL_AQI_GBD_PHI                ,RL_COMMON                     ,N,N
1305,AF34392                       ,DL_AQI_MBRSHP_PHI             ,RL_COMMON                     ,N,N
1306,AF34392                       ,DL_AQI_MDCR_QDM               ,RL_COMMON                     ,N,N
1307,AF34392                       ,DL_AQI_PHI                    ,RL_COMMON                     ,N,N
1308,AF34392                       ,DL_AQI_SL_IDW_PHI             ,DATALAB_READ_DL_AQI_SL_IDW_PHI,N,N
1309,AF34392                       ,DL_AQI_SL_IDW_PHI             ,DATALAB_READ_DL_AQI_SL_IDW_PHI,N,N
1310,AF34392                       ,DL_AQI_SL_IDW_PHI             ,DATALAB_READ_DL_AQI_SL_IDW_PHI,N,N
1311,AF34392                       ,DL_AQI_SL_IDW_PHI             ,DATALAB_READ_DL_AQI_SL_IDW_PHI,N,N
1312,AF34392                       ,DL_AQI_SL_IDW_PHI             ,DATALAB_READ_DL_AQI_SL_IDW_PHI,N,N
1313,AF34392                       ,DL_AQI_SL_IDW_PHI             ,DATALAB_READ_DL_AQI_SL_IDW_PHI,N,N
1314,AF34392                       ,DL_AQI_SL_IDW_PHI             ,DATALAB_READ_DL_AQI_SL_IDW_PHI,N,N
1315,AF34392                       ,DL_AQI_SL_IDW_PHI             ,DATALAB_READ_DL_AQI_SL_IDW_PHI,N,N
1316,AF34392                       ,DL_AQI_SL_IDW_PHI             ,DATALAB_READ_DL_AQI_SL_IDW_PHI,N,N
1317,AF34392                       ,DL_AQI_SL_IDW_PHI             ,DATALAB_READ_DL_AQI_SL_IDW_PHI,N,N
1318,AF34392                       ,DL_AQI_SL_IDW_PHI             ,DATALAB_READ_DL_AQI_SL_IDW_PHI,N,N
1319,AF34392                       ,DL_AQI_SL_IDW_PHI             ,DATALAB_READ_DL_AQI_SL_IDW_PHI,N,N
1320,AF34392                       ,DL_AQI_SL_IDW_PHI             ,DATALAB_READ_DL_AQI_SL_IDW_PHI,N,N
1321,AF34392                       ,DL_AQI_SL_IDW_PHI             ,DATALAB_READ_DL_AQI_SL_IDW_PHI,N,N
1322,AF34392                       ,DL_AQI_SL_IDW_PHI             ,DATALAB_READ_DL_AQI_SL_IDW_PHI,N,N
1323,AF34392                       ,DL_AQI_SL_IDW_PHI             ,DATALAB_READ_DL_AQI_SL_IDW_PHI,N,N
1324,AF34392                       ,DL_AQI_SL_IDW_PHI             ,DATALAB_READ_DL_AQI_SL_IDW_PHI,N,N
1325,AF34392                       ,DL_AQI_SL_IDW_PHI             ,DATALAB_READ_DL_AQI_SL_IDW_PHI,N,N
1326,AF34392                       ,DL_AQI_SL_IDW_PHI             ,DATALAB_READ_DL_AQI_SL_IDW_PHI,N,N
1327,AF34392                       ,DL_AQI_SL_IDW_PHI             ,RL_COMMON                     ,N,N
1328,AF34392                       ,DL_CLIN_AFF                   ,RL_COMMON                     ,N,N
1329,AF34392                       ,DL_DMS_PHI                    ,RL_COMMON                     ,N,N
1330,AF34392                       ,DL_PM_TM_VBESAB01             ,RL_COMMON                     ,N,N
1331,AF42535                       ,DL_AA_TM_MAM_S                ,RL_COMMON                     ,N,N
1332,AF42535                       ,DL_AQI_GBD_PHI                ,RL_COMMON                     ,N,N
1333,AF42535                       ,DL_AQI_MBRSHP_PHI             ,RL_COMMON                     ,N,N
1334,AF42535                       ,DL_AQI_MDCR_QDM               ,RL_COMMON                     ,N,N
1335,AF42535                       ,DL_AQI_PHI                    ,RL_COMMON                     ,N,N
1336,AF42535                       ,DL_AQI_SL_IDW_PHI             ,RL_COMMON                     ,N,N
1337,AF42535                       ,DL_CLIN_AFF                   ,RL_COMMON                     ,N,N
1338,AF42535                       ,DL_DMS_PHI                    ,RL_COMMON                     ,N,N
1339,AF42535                       ,DL_PM_TM_VBESAB01             ,DATALAB_ALL_DL_PM_TM_VBESAB01 ,N,Y
1340,AF42535                       ,DL_PM_TM_VBESAB01             ,DATALAB_ALL_DL_PM_TM_VBESAB01 ,N,Y
1341,AF42535                       ,DL_PM_TM_VBESAB01             ,DATALAB_ALL_DL_PM_TM_VBESAB01 ,N,Y
1342,AF42535                       ,DL_PM_TM_VBESAB01             ,DATALAB_ALL_DL_PM_TM_VBESAB01 ,N,Y
1343,AF42535                       ,DL_PM_TM_VBESAB01             ,DATALAB_ALL_DL_PM_TM_VBESAB01 ,N,Y
1344,AF42535                       ,DL_PM_TM_VBESAB01             ,DATALAB_ALL_DL_PM_TM_VBESAB01 ,N,Y
1345,AF42535                       ,DL_PM_TM_VBESAB01             ,DATALAB_ALL_DL_PM_TM_VBESAB01 ,N,Y
1346,AF42535                       ,DL_PM_TM_VBESAB01             ,DATALAB_ALL_DL_PM_TM_VBESAB01 ,N,Y
1347,AF42535                       ,DL_PM_TM_VBESAB01             ,DATALAB_ALL_DL_PM_TM_VBESAB01 ,N,Y
1348,AF42535                       ,DL_PM_TM_VBESAB01             ,DATALAB_ALL_DL_PM_TM_VBESAB01 ,N,Y
1349,AF42535                       ,DL_PM_TM_VBESAB01             ,DATALAB_ALL_DL_PM_TM_VBESAB01 ,N,Y
1350,AF42535                       ,DL_PM_TM_VBESAB01             ,DATALAB_ALL_DL_PM_TM_VBESAB01 ,N,Y
1351,AF42535                       ,DL_PM_TM_VBESAB01             ,DATALAB_ALL_DL_PM_TM_VBESAB01 ,N,Y
1352,AF42535                       ,DL_PM_TM_VBESAB01             ,DATALAB_ALL_DL_PM_TM_VBESAB01 ,N,Y
1353,AF42535                       ,DL_PM_TM_VBESAB01             ,DATALAB_ALL_DL_PM_TM_VBESAB01 ,N,Y
1354,AF42535                       ,DL_PM_TM_VBESAB01             ,DATALAB_ALL_DL_PM_TM_VBESAB01 ,N,Y
1355,AF42535                       ,DL_PM_TM_VBESAB01             ,DATALAB_ALL_DL_PM_TM_VBESAB01 ,N,Y
1356,AF42535                       ,DL_PM_TM_VBESAB01             ,DATALAB_ALL_DL_PM_TM_VBESAB01 ,N,Y
1357,AF42535                       ,DL_PM_TM_VBESAB01             ,DATALAB_ALL_DL_PM_TM_VBESAB01 ,N,Y
1358,AF42535                       ,DL_PM_TM_VBESAB01             ,DATALAB_READ_DL_PM_TM_VBESAB01,N,Y
1359,AF42535                       ,DL_PM_TM_VBESAB01             ,RL_COMMON                     ,N,N
1360,AF54257                       ,DL_AA_TM_MAM_S                ,RL_COMMON                     ,N,N
1361,AF54257                       ,DL_AQI_GBD_PHI                ,DATALAB_READ_DL_AQI_PHI       ,N,N
1362,AF54257                       ,DL_AQI_GBD_PHI                ,RL_COMMON                     ,N,N
1363,AF54257                       ,DL_AQI_MBRSHP_PHI             ,RL_COMMON                     ,N,N
1364,AF54257                       ,DL_AQI_MDCR_QDM               ,RL_COMMON                     ,N,N
1365,AF54257                       ,DL_AQI_PHI                    ,DATALAB_ALL_DL_AQI_PHI        ,N,N
1366,AF54257                       ,DL_AQI_PHI                    ,DATALAB_ALL_DL_AQI_PHI        ,N,N
1367,AF54257                       ,DL_AQI_PHI                    ,DATALAB_ALL_DL_AQI_PHI        ,N,N
1368,AF54257                       ,DL_AQI_PHI                    ,DATALAB_ALL_DL_AQI_PHI        ,N,N
1369,AF54257                       ,DL_AQI_PHI                    ,DATALAB_ALL_DL_AQI_PHI        ,N,N
1370,AF54257                       ,DL_AQI_PHI                    ,DATALAB_ALL_DL_AQI_PHI        ,N,N
1371,AF54257                       ,DL_AQI_PHI                    ,DATALAB_ALL_DL_AQI_PHI        ,N,N
1372,AF54257                       ,DL_AQI_PHI                    ,DATALAB_ALL_DL_AQI_PHI        ,N,N
1373,AF54257                       ,DL_AQI_PHI                    ,DATALAB_ALL_DL_AQI_PHI        ,N,N
1374,AF54257                       ,DL_AQI_PHI                    ,DATALAB_ALL_DL_AQI_PHI        ,N,N
1375,AF54257                       ,DL_AQI_PHI                    ,DATALAB_ALL_DL_AQI_PHI        ,N,N
1376,AF54257                       ,DL_AQI_PHI                    ,DATALAB_ALL_DL_AQI_PHI        ,N,N
1377,AF54257                       ,DL_AQI_PHI                    ,DATALAB_ALL_DL_AQI_PHI        ,N,N
1378,AF54257                       ,DL_AQI_PHI                    ,DATALAB_ALL_DL_AQI_PHI        ,N,N
1379,AF54257                       ,DL_AQI_PHI                    ,DATALAB_ALL_DL_AQI_PHI        ,N,N
1380,AF54257                       ,DL_AQI_PHI                    ,DATALAB_ALL_DL_AQI_PHI        ,N,N
1381,AF54257                       ,DL_AQI_PHI                    ,DATALAB_ALL_DL_AQI_PHI        ,N,N
1382,AF54257                       ,DL_AQI_PHI                    ,DATALAB_ALL_DL_AQI_PHI        ,N,N
1383,AF54257                       ,DL_AQI_PHI                    ,DATALAB_ALL_DL_AQI_PHI        ,N,N
1384,AF54257                       ,DL_AQI_PHI                    ,DATALAB_READ_DL_AQI_PHI       ,N,N
1385,AF54257                       ,DL_AQI_PHI                    ,RL_COMMON                     ,N,N
1386,AF54257                       ,DL_AQI_SL_IDW_PHI             ,RL_COMMON                     ,N,N
1387,AF54257                       ,DL_CLIN_AFF                   ,RL_COMMON                     ,N,N
1388,AF54257                       ,DL_DMS_PHI                    ,RL_COMMON                     ,N,N
1389,AF54257                       ,DL_PM_TM_VBESAB01             ,RL_COMMON                     ,N,N
1390,AF61948                       ,DL_AA_TM_MAM_S                ,RL_COMMON                     ,N,N
1391,AF61948                       ,DL_AQI_GBD_PHI                ,RL_COMMON                     ,N,N
1392,AF61948                       ,DL_AQI_MBRSHP_PHI             ,RL_COMMON                     ,N,N
1393,AF61948                       ,DL_AQI_MDCR_QDM               ,RL_COMMON                     ,N,N
1394,AF61948                       ,DL_AQI_PHI                    ,RL_COMMON                     ,N,N
1395,AF61948                       ,DL_AQI_SL_IDW_PHI             ,RL_COMMON                     ,N,N
1396,AF61948                       ,DL_CLIN_AFF                   ,RL_COMMON                     ,N,N
1397,AF61948                       ,DL_DMS_PHI                    ,RL_COMMON                     ,N,N
1398,AF61948                       ,DL_PM_TM_VBESAB01             ,DATALAB_ALL_DL_PM_TM_VBESAB01 ,N,N
1399,AF61948                       ,DL_PM_TM_VBESAB01             ,DATALAB_ALL_DL_PM_TM_VBESAB01 ,N,N
1400,AF61948                       ,DL_PM_TM_VBESAB01             ,DATALAB_ALL_DL_PM_TM_VBESAB01 ,N,N
1401,AF61948                       ,DL_PM_TM_VBESAB01             ,DATALAB_ALL_DL_PM_TM_VBESAB01 ,N,N
1402,AF61948                       ,DL_PM_TM_VBESAB01             ,DATALAB_ALL_DL_PM_TM_VBESAB01 ,N,N
1403,AF61948                       ,DL_PM_TM_VBESAB01             ,DATALAB_ALL_DL_PM_TM_VBESAB01 ,N,N
1404,AF61948                       ,DL_PM_TM_VBESAB01             ,DATALAB_ALL_DL_PM_TM_VBESAB01 ,N,N
1405,AF61948                       ,DL_PM_TM_VBESAB01             ,DATALAB_ALL_DL_PM_TM_VBESAB01 ,N,N
1406,AF61948                       ,DL_PM_TM_VBESAB01             ,DATALAB_ALL_DL_PM_TM_VBESAB01 ,N,N
1407,AF61948                       ,DL_PM_TM_VBESAB01             ,DATALAB_ALL_DL_PM_TM_VBESAB01 ,N,N
1408,AF61948                       ,DL_PM_TM_VBESAB01             ,DATALAB_ALL_DL_PM_TM_VBESAB01 ,N,N
1409,AF61948                       ,DL_PM_TM_VBESAB01             ,DATALAB_ALL_DL_PM_TM_VBESAB01 ,N,N
1410,AF61948                       ,DL_PM_TM_VBESAB01             ,DATALAB_ALL_DL_PM_TM_VBESAB01 ,N,N
1411,AF61948                       ,DL_PM_TM_VBESAB01             ,DATALAB_ALL_DL_PM_TM_VBESAB01 ,N,N
1412,AF61948                       ,DL_PM_TM_VBESAB01             ,DATALAB_ALL_DL_PM_TM_VBESAB01 ,N,N
1413,AF61948                       ,DL_PM_TM_VBESAB01             ,DATALAB_ALL_DL_PM_TM_VBESAB01 ,N,N
1414,AF61948                       ,DL_PM_TM_VBESAB01             ,DATALAB_ALL_DL_PM_TM_VBESAB01 ,N,N
1415,AF61948                       ,DL_PM_TM_VBESAB01             ,DATALAB_ALL_DL_PM_TM_VBESAB01 ,N,N
1416,AF61948                       ,DL_PM_TM_VBESAB01             ,DATALAB_ALL_DL_PM_TM_VBESAB01 ,N,N
1417,AF61948                       ,DL_PM_TM_VBESAB01             ,DATALAB_READ_DL_PM_TM_VBESAB01,N,N
1418,AF61948                       ,DL_PM_TM_VBESAB01             ,RL_COMMON                     ,N,N
1419,AF62488                       ,DL_AA_TM_MAM_S                ,RL_COMMON                     ,N,N
1420,AF62488                       ,DL_AQI_GBD_PHI                ,RL_COMMON                     ,N,N
1421,AF62488                       ,DL_AQI_MBRSHP_PHI             ,RL_COMMON                     ,N,N
1422,AF62488                       ,DL_AQI_MDCR_QDM               ,RL_COMMON                     ,N,N
1423,AF62488                       ,DL_AQI_PHI                    ,RL_COMMON                     ,N,N
1424,AF62488                       ,DL_AQI_SL_IDW_PHI             ,RL_COMMON                     ,N,N
1425,AF62488                       ,DL_CLIN_AFF                   ,RL_COMMON                     ,N,N
1426,AF62488                       ,DL_DMS_PHI                    ,DATALAB_ALL_DL_DMS_PHI        ,N,N
1427,AF62488                       ,DL_DMS_PHI                    ,DATALAB_ALL_DL_DMS_PHI        ,N,N
1428,AF62488                       ,DL_DMS_PHI                    ,DATALAB_ALL_DL_DMS_PHI        ,N,N
1429,AF62488                       ,DL_DMS_PHI                    ,DATALAB_ALL_DL_DMS_PHI        ,N,N
1430,AF62488                       ,DL_DMS_PHI                    ,DATALAB_ALL_DL_DMS_PHI        ,N,N
1431,AF62488                       ,DL_DMS_PHI                    ,DATALAB_ALL_DL_DMS_PHI        ,N,N
1432,AF62488                       ,DL_DMS_PHI                    ,DATALAB_ALL_DL_DMS_PHI        ,N,N
1433,AF62488                       ,DL_DMS_PHI                    ,DATALAB_ALL_DL_DMS_PHI        ,N,N
1434,AF62488                       ,DL_DMS_PHI                    ,DATALAB_ALL_DL_DMS_PHI        ,N,N
1435,AF62488                       ,DL_DMS_PHI                    ,DATALAB_ALL_DL_DMS_PHI        ,N,N
1436,AF62488                       ,DL_DMS_PHI                    ,DATALAB_ALL_DL_DMS_PHI        ,N,N
1437,AF62488                       ,DL_DMS_PHI                    ,DATALAB_ALL_DL_DMS_PHI        ,N,N
1438,AF62488                       ,DL_DMS_PHI                    ,DATALAB_ALL_DL_DMS_PHI        ,N,N
1439,AF62488                       ,DL_DMS_PHI                    ,DATALAB_ALL_DL_DMS_PHI        ,N,N
1440,AF62488                       ,DL_DMS_PHI                    ,DATALAB_ALL_DL_DMS_PHI        ,N,N
1441,AF62488                       ,DL_DMS_PHI                    ,DATALAB_ALL_DL_DMS_PHI        ,N,N
1442,AF62488                       ,DL_DMS_PHI                    ,DATALAB_ALL_DL_DMS_PHI        ,N,N
1443,AF62488                       ,DL_DMS_PHI                    ,DATALAB_ALL_DL_DMS_PHI        ,N,N
1444,AF62488                       ,DL_DMS_PHI                    ,DATALAB_ALL_DL_DMS_PHI        ,N,N
1445,AF62488                       ,DL_DMS_PHI                    ,RL_COMMON                     ,N,N
1446,AF62488                       ,DL_PM_TM_VBESAB01             ,RL_COMMON                     ,N,N
1447,AF65477                       ,DL_AA_TM_MAM_S                ,RL_COMMON                     ,N,N
1448,AF65477                       ,DL_AQI_GBD_PHI                ,RL_COMMON                     ,N,N
1449,AF65477                       ,DL_AQI_MBRSHP_PHI             ,RL_COMMON                     ,N,N
1450,AF65477                       ,DL_AQI_MDCR_QDM               ,RL_COMMON                     ,N,N
1451,AF65477                       ,DL_AQI_PHI                    ,RL_COMMON                     ,N,N
1452,AF65477                       ,DL_AQI_SL_IDW_PHI             ,RL_COMMON                     ,N,N
1453,AF65477                       ,DL_CLIN_AFF                   ,RL_COMMON                     ,N,N
1454,AF65477                       ,DL_DMS_PHI                    ,RL_COMMON                     ,N,N
1455,AF65477                       ,DL_PM_TM_VBESAB01             ,RL_COMMON                     ,N,N
1456,AF67451                       ,DL_AA_TM_MAM_S                ,RL_COMMON                     ,N,N
1457,AF67451                       ,DL_AQI_GBD_PHI                ,DATALAB_READ_DL_AQI_PHI       ,N,N
1458,AF67451                       ,DL_AQI_GBD_PHI                ,RL_COMMON                     ,N,N
1459,AF67451                       ,DL_AQI_MBRSHP_PHI             ,RL_COMMON                     ,N,N
1460,AF67451                       ,DL_AQI_MDCR_QDM               ,RL_COMMON                     ,N,N
1461,AF67451                       ,DL_AQI_PHI                    ,DATALAB_READ_DL_AQI_PHI       ,N,N
1462,AF67451                       ,DL_AQI_PHI                    ,RL_COMMON                     ,N,N
1463,AF67451                       ,DL_AQI_SL_IDW_PHI             ,RL_COMMON                     ,N,N
1464,AF67451                       ,DL_CLIN_AFF                   ,RL_COMMON                     ,N,N
1465,AF67451                       ,DL_DMS_PHI                    ,RL_COMMON                     ,N,N
1466,AF67451                       ,DL_PM_TM_VBESAB01             ,RL_COMMON                     ,N,N
1467,AF75104                       ,DL_AA_TM_MAM_S                ,RL_COMMON                     ,N,N
1468,AF75104                       ,DL_AQI_GBD_PHI                ,RL_COMMON                     ,N,N
1469,AF75104                       ,DL_AQI_MBRSHP_PHI             ,RL_COMMON                     ,N,N
1470,AF75104                       ,DL_AQI_MDCR_QDM               ,RL_COMMON                     ,N,N
1471,AF75104                       ,DL_AQI_PHI                    ,RL_COMMON                     ,N,N
1472,AF75104                       ,DL_AQI_SL_IDW_PHI             ,RL_COMMON                     ,N,N
1473,AF75104                       ,DL_CLIN_AFF                   ,RL_COMMON                     ,N,N
1474,AF75104                       ,DL_DMS_PHI                    ,DATALAB_ALL_DL_DMS_PHI        ,N,N
1475,AF75104                       ,DL_DMS_PHI                    ,DATALAB_ALL_DL_DMS_PHI        ,N,N
1476,AF75104                       ,DL_DMS_PHI                    ,DATALAB_ALL_DL_DMS_PHI        ,N,N
1477,AF75104                       ,DL_DMS_PHI                    ,DATALAB_ALL_DL_DMS_PHI        ,N,N
1478,AF75104                       ,DL_DMS_PHI                    ,DATALAB_ALL_DL_DMS_PHI        ,N,N
1479,AF75104                       ,DL_DMS_PHI                    ,DATALAB_ALL_DL_DMS_PHI        ,N,N
1480,AF75104                       ,DL_DMS_PHI                    ,DATALAB_ALL_DL_DMS_PHI        ,N,N
1481,AF75104                       ,DL_DMS_PHI                    ,DATALAB_ALL_DL_DMS_PHI        ,N,N
1482,AF75104                       ,DL_DMS_PHI                    ,DATALAB_ALL_DL_DMS_PHI        ,N,N
1483,AF75104                       ,DL_DMS_PHI                    ,DATALAB_ALL_DL_DMS_PHI        ,N,N
1484,AF75104                       ,DL_DMS_PHI                    ,DATALAB_ALL_DL_DMS_PHI        ,N,N
1485,AF75104                       ,DL_DMS_PHI                    ,DATALAB_ALL_DL_DMS_PHI        ,N,N
1486,AF75104                       ,DL_DMS_PHI                    ,DATALAB_ALL_DL_DMS_PHI        ,N,N
1487,AF75104                       ,DL_DMS_PHI                    ,DATALAB_ALL_DL_DMS_PHI        ,N,N
1488,AF75104                       ,DL_DMS_PHI                    ,DATALAB_ALL_DL_DMS_PHI        ,N,N
1489,AF75104                       ,DL_DMS_PHI                    ,DATALAB_ALL_DL_DMS_PHI        ,N,N
1490,AF75104                       ,DL_DMS_PHI                    ,DATALAB_ALL_DL_DMS_PHI        ,N,N
1491,AF75104                       ,DL_DMS_PHI                    ,DATALAB_ALL_DL_DMS_PHI        ,N,N
1492,AF75104                       ,DL_DMS_PHI                    ,DATALAB_ALL_DL_DMS_PHI        ,N,N
1493,AF75104                       ,DL_DMS_PHI                    ,RL_COMMON                     ,N,N
1494,AF75104                       ,DL_PM_TM_VBESAB01             ,RL_COMMON                     ,N,N
1495,AF82192                       ,DL_AA_TM_MAM_S                ,RL_COMMON                     ,N,N
1496,AF82192                       ,DL_AQI_GBD_PHI                ,RL_COMMON                     ,N,N
1497,AF82192                       ,DL_AQI_MBRSHP_PHI             ,RL_COMMON                     ,N,N
1498,AF82192                       ,DL_AQI_MDCR_QDM               ,RL_COMMON                     ,N,N
1499,AF82192                       ,DL_AQI_PHI                    ,RL_COMMON                     ,N,N
1500,AF82192                       ,DL_AQI_SL_IDW_PHI             ,RL_COMMON                     ,N,N
1501,AF82192                       ,DL_CLIN_AFF                   ,RL_COMMON                     ,N,N
1502,AF82192                       ,DL_DMS_PHI                    ,RL_COMMON                     ,N,N
1503,AF82192                       ,DL_PM_TM_VBESAB01             ,RL_COMMON                     ,N,N
1504,AF85716                       ,DL_AA_TM_MAM_S                ,RL_COMMON                     ,N,N
1505,AF85716                       ,DL_AQI_GBD_PHI                ,DATALAB_READ_DL_AQI_PHI       ,N,N
1506,AF85716                       ,DL_AQI_GBD_PHI                ,RL_COMMON                     ,N,N
1507,AF85716                       ,DL_AQI_MBRSHP_PHI             ,RL_COMMON                     ,N,N
1508,AF85716                       ,DL_AQI_MDCR_QDM               ,RL_COMMON                     ,N,N
1509,AF85716                       ,DL_AQI_PHI                    ,DATALAB_ALL_DL_AQI_PHI        ,N,N
1510,AF85716                       ,DL_AQI_PHI                    ,DATALAB_ALL_DL_AQI_PHI        ,N,N
1511,AF85716                       ,DL_AQI_PHI                    ,DATALAB_ALL_DL_AQI_PHI        ,N,N
1512,AF85716                       ,DL_AQI_PHI                    ,DATALAB_ALL_DL_AQI_PHI        ,N,N
1513,AF85716                       ,DL_AQI_PHI                    ,DATALAB_ALL_DL_AQI_PHI        ,N,N
1514,AF85716                       ,DL_AQI_PHI                    ,DATALAB_ALL_DL_AQI_PHI        ,N,N
1515,AF85716                       ,DL_AQI_PHI                    ,DATALAB_ALL_DL_AQI_PHI        ,N,N
1516,AF85716                       ,DL_AQI_PHI                    ,DATALAB_ALL_DL_AQI_PHI        ,N,N
1517,AF85716                       ,DL_AQI_PHI                    ,DATALAB_ALL_DL_AQI_PHI        ,N,N
1518,AF85716                       ,DL_AQI_PHI                    ,DATALAB_ALL_DL_AQI_PHI        ,N,N
1519,AF85716                       ,DL_AQI_PHI                    ,DATALAB_ALL_DL_AQI_PHI        ,N,N
1520,AF85716                       ,DL_AQI_PHI                    ,DATALAB_ALL_DL_AQI_PHI        ,N,N
1521,AF85716                       ,DL_AQI_PHI                    ,DATALAB_ALL_DL_AQI_PHI        ,N,N
1522,AF85716                       ,DL_AQI_PHI                    ,DATALAB_ALL_DL_AQI_PHI        ,N,N
1523,AF85716                       ,DL_AQI_PHI                    ,DATALAB_ALL_DL_AQI_PHI        ,N,N
1524,AF85716                       ,DL_AQI_PHI                    ,DATALAB_ALL_DL_AQI_PHI        ,N,N
1525,AF85716                       ,DL_AQI_PHI                    ,DATALAB_ALL_DL_AQI_PHI        ,N,N
1526,AF85716                       ,DL_AQI_PHI                    ,DATALAB_ALL_DL_AQI_PHI        ,N,N
1527,AF85716                       ,DL_AQI_PHI                    ,DATALAB_ALL_DL_AQI_PHI        ,N,N
1528,AF85716                       ,DL_AQI_PHI                    ,DATALAB_READ_DL_AQI_PHI       ,N,N
1529,AF85716                       ,DL_AQI_PHI                    ,RL_COMMON                     ,N,N
1530,AF85716                       ,DL_AQI_SL_IDW_PHI             ,RL_COMMON                     ,N,N
1531,AF85716                       ,DL_CLIN_AFF                   ,RL_COMMON                     ,N,N
1532,AF85716                       ,DL_DMS_PHI                    ,RL_COMMON                     ,N,N
1533,AF85716                       ,DL_PM_TM_VBESAB01             ,RL_COMMON                     ,N,N
1534,AF97785                       ,DL_AA_TM_MAM_S                ,RL_COMMON                     ,N,N
1535,AF97785                       ,DL_AQI_GBD_PHI                ,RL_COMMON                     ,N,N
1536,AF97785                       ,DL_AQI_MBRSHP_PHI             ,RL_COMMON                     ,N,N
1537,AF97785                       ,DL_AQI_MDCR_QDM               ,RL_COMMON                     ,N,N
1538,AF97785                       ,DL_AQI_PHI                    ,RL_COMMON                     ,N,N
1539,AF97785                       ,DL_AQI_SL_IDW_PHI             ,RL_COMMON                     ,N,N
1540,AF97785                       ,DL_CLIN_AFF                   ,RL_COMMON                     ,N,N
1541,AF97785                       ,DL_DMS_PHI                    ,RL_COMMON                     ,N,N
1542,AF97785                       ,DL_PM_TM_VBESAB01             ,RL_COMMON                     ,N,N
1543,AG10664                       ,DL_AA_TM_MAM_S                ,RL_COMMON                     ,N,N
1544,AG10664                       ,DL_AQI_GBD_PHI                ,DATALAB_READ_DL_AQI_GBD_PHI   ,N,N
1545,AG10664                       ,DL_AQI_GBD_PHI                ,RL_COMMON                     ,N,N
1546,AG10664                       ,DL_AQI_MBRSHP_PHI             ,RL_COMMON                     ,N,N
1547,AG10664                       ,DL_AQI_MDCR_QDM               ,RL_COMMON                     ,N,N
1548,AG10664                       ,DL_AQI_PHI                    ,RL_COMMON                     ,N,N
1549,AG10664                       ,DL_AQI_SL_IDW_PHI             ,RL_COMMON                     ,N,N
1550,AG10664                       ,DL_CLIN_AFF                   ,RL_COMMON                     ,N,N
1551,AG10664                       ,DL_DMS_PHI                    ,RL_COMMON                     ,N,N
1552,AG10664                       ,DL_PM_TM_VBESAB01             ,RL_COMMON                     ,N,N
1553,AG11940                       ,DL_AA_TM_MAM_S                ,RL_COMMON                     ,N,N
1554,AG11940                       ,DL_AQI_GBD_PHI                ,DATALAB_READ_DL_AQI_PHI       ,N,N
1555,AG11940                       ,DL_AQI_GBD_PHI                ,RL_COMMON                     ,N,N
1556,AG11940                       ,DL_AQI_MBRSHP_PHI             ,RL_COMMON                     ,N,N
1557,AG11940                       ,DL_AQI_MDCR_QDM               ,RL_COMMON                     ,N,N
1558,AG11940                       ,DL_AQI_PHI                    ,DATALAB_READ_DL_AQI_PHI       ,N,N
1559,AG11940                       ,DL_AQI_PHI                    ,RL_COMMON                     ,N,N
1560,AG11940                       ,DL_AQI_SL_IDW_PHI             ,RL_COMMON                     ,N,N
1561,AG11940                       ,DL_CLIN_AFF                   ,RL_COMMON                     ,N,N
1562,AG11940                       ,DL_DMS_PHI                    ,RL_COMMON                     ,N,N
1563,AG11940                       ,DL_PM_TM_VBESAB01             ,RL_COMMON                     ,N,N
1564,AG22890                       ,DL_AA_TM_MAM_S                ,RL_COMMON                     ,N,N
1565,AG22890                       ,DL_AQI_GBD_PHI                ,RL_COMMON                     ,N,N
1566,AG22890                       ,DL_AQI_MBRSHP_PHI             ,RL_COMMON                     ,N,N
1567,AG22890                       ,DL_AQI_MDCR_QDM               ,RL_COMMON                     ,N,N
1568,AG22890                       ,DL_AQI_PHI                    ,RL_COMMON                     ,N,N
1569,AG22890                       ,DL_AQI_SL_IDW_PHI             ,RL_COMMON                     ,N,N
1570,AG22890                       ,DL_CLIN_AFF                   ,RL_COMMON                     ,N,N
1571,AG22890                       ,DL_DMS_PHI                    ,RL_COMMON                     ,N,N
1572,AG22890                       ,DL_PM_TM_VBESAB01             ,DATALAB_ALL_DL_PM_TM_VBESAB01 ,N,N
1573,AG22890                       ,DL_PM_TM_VBESAB01             ,DATALAB_ALL_DL_PM_TM_VBESAB01 ,N,N
1574,AG22890                       ,DL_PM_TM_VBESAB01             ,DATALAB_ALL_DL_PM_TM_VBESAB01 ,N,N
1575,AG22890                       ,DL_PM_TM_VBESAB01             ,DATALAB_ALL_DL_PM_TM_VBESAB01 ,N,N
1576,AG22890                       ,DL_PM_TM_VBESAB01             ,DATALAB_ALL_DL_PM_TM_VBESAB01 ,N,N
1577,AG22890                       ,DL_PM_TM_VBESAB01             ,DATALAB_ALL_DL_PM_TM_VBESAB01 ,N,N
1578,AG22890                       ,DL_PM_TM_VBESAB01             ,DATALAB_ALL_DL_PM_TM_VBESAB01 ,N,N
1579,AG22890                       ,DL_PM_TM_VBESAB01             ,DATALAB_ALL_DL_PM_TM_VBESAB01 ,N,N
1580,AG22890                       ,DL_PM_TM_VBESAB01             ,DATALAB_ALL_DL_PM_TM_VBESAB01 ,N,N
1581,AG22890                       ,DL_PM_TM_VBESAB01             ,DATALAB_ALL_DL_PM_TM_VBESAB01 ,N,N
1582,AG22890                       ,DL_PM_TM_VBESAB01             ,DATALAB_ALL_DL_PM_TM_VBESAB01 ,N,N
1583,AG22890                       ,DL_PM_TM_VBESAB01             ,DATALAB_ALL_DL_PM_TM_VBESAB01 ,N,N
1584,AG22890                       ,DL_PM_TM_VBESAB01             ,DATALAB_ALL_DL_PM_TM_VBESAB01 ,N,N
1585,AG22890                       ,DL_PM_TM_VBESAB01             ,DATALAB_ALL_DL_PM_TM_VBESAB01 ,N,N
1586,AG22890                       ,DL_PM_TM_VBESAB01             ,DATALAB_ALL_DL_PM_TM_VBESAB01 ,N,N
1587,AG22890                       ,DL_PM_TM_VBESAB01             ,DATALAB_ALL_DL_PM_TM_VBESAB01 ,N,N
1588,AG22890                       ,DL_PM_TM_VBESAB01             ,DATALAB_ALL_DL_PM_TM_VBESAB01 ,N,N
1589,AG22890                       ,DL_PM_TM_VBESAB01             ,DATALAB_ALL_DL_PM_TM_VBESAB01 ,N,N
1590,AG22890                       ,DL_PM_TM_VBESAB01             ,DATALAB_ALL_DL_PM_TM_VBESAB01 ,N,N
1591,AG22890                       ,DL_PM_TM_VBESAB01             ,RL_COMMON                     ,N,N
1592,AG23264                       ,DL_AA_TM_MAM_S                ,RL_COMMON                     ,N,N
1593,AG23264                       ,DL_AQI_GBD_PHI                ,RL_COMMON                     ,N,N
1594,AG23264                       ,DL_AQI_MBRSHP_PHI             ,RL_COMMON                     ,N,N
1595,AG23264                       ,DL_AQI_MDCR_QDM               ,RL_COMMON                     ,N,N
1596,AG23264                       ,DL_AQI_PHI                    ,RL_COMMON                     ,N,N
1597,AG23264                       ,DL_AQI_SL_IDW_PHI             ,RL_COMMON                     ,N,N
1598,AG23264                       ,DL_CLIN_AFF                   ,RL_COMMON                     ,N,N
1599,AG23264                       ,DL_DMS_PHI                    ,RL_COMMON                     ,N,N
1600,AG23264                       ,DL_PM_TM_VBESAB01             ,RL_COMMON                     ,N,N
1601,AG24005                       ,DL_AA_TM_MAM_S                ,RL_COMMON                     ,N,N
1602,AG24005                       ,DL_AQI_GBD_PHI                ,RL_COMMON                     ,N,N
1603,AG24005                       ,DL_AQI_MBRSHP_PHI             ,RL_COMMON                     ,N,N
1604,AG24005                       ,DL_AQI_MDCR_QDM               ,RL_COMMON                     ,N,N
1605,AG24005                       ,DL_AQI_PHI                    ,RL_COMMON                     ,N,N
1606,AG24005                       ,DL_AQI_SL_IDW_PHI             ,DATALAB_READ_DL_AQI_SL_IDW_PHI,N,N
1607,AG24005                       ,DL_AQI_SL_IDW_PHI             ,DATALAB_READ_DL_AQI_SL_IDW_PHI,N,N
1608,AG24005                       ,DL_AQI_SL_IDW_PHI             ,DATALAB_READ_DL_AQI_SL_IDW_PHI,N,N
1609,AG24005                       ,DL_AQI_SL_IDW_PHI             ,DATALAB_READ_DL_AQI_SL_IDW_PHI,N,N
1610,AG24005                       ,DL_AQI_SL_IDW_PHI             ,DATALAB_READ_DL_AQI_SL_IDW_PHI,N,N
1611,AG24005                       ,DL_AQI_SL_IDW_PHI             ,DATALAB_READ_DL_AQI_SL_IDW_PHI,N,N
1612,AG24005                       ,DL_AQI_SL_IDW_PHI             ,DATALAB_READ_DL_AQI_SL_IDW_PHI,N,N
1613,AG24005                       ,DL_AQI_SL_IDW_PHI             ,DATALAB_READ_DL_AQI_SL_IDW_PHI,N,N
1614,AG24005                       ,DL_AQI_SL_IDW_PHI             ,DATALAB_READ_DL_AQI_SL_IDW_PHI,N,N
1615,AG24005                       ,DL_AQI_SL_IDW_PHI             ,DATALAB_READ_DL_AQI_SL_IDW_PHI,N,N
1616,AG24005                       ,DL_AQI_SL_IDW_PHI             ,DATALAB_READ_DL_AQI_SL_IDW_PHI,N,N
1617,AG24005                       ,DL_AQI_SL_IDW_PHI             ,DATALAB_READ_DL_AQI_SL_IDW_PHI,N,N
1618,AG24005                       ,DL_AQI_SL_IDW_PHI             ,DATALAB_READ_DL_AQI_SL_IDW_PHI,N,N
1619,AG24005                       ,DL_AQI_SL_IDW_PHI             ,DATALAB_READ_DL_AQI_SL_IDW_PHI,N,N
1620,AG24005                       ,DL_AQI_SL_IDW_PHI             ,DATALAB_READ_DL_AQI_SL_IDW_PHI,N,N
1621,AG24005                       ,DL_AQI_SL_IDW_PHI             ,DATALAB_READ_DL_AQI_SL_IDW_PHI,N,N
1622,AG24005                       ,DL_AQI_SL_IDW_PHI             ,DATALAB_READ_DL_AQI_SL_IDW_PHI,N,N
1623,AG24005                       ,DL_AQI_SL_IDW_PHI             ,DATALAB_READ_DL_AQI_SL_IDW_PHI,N,N
1624,AG24005                       ,DL_AQI_SL_IDW_PHI             ,DATALAB_READ_DL_AQI_SL_IDW_PHI,N,N
1625,AG24005                       ,DL_AQI_SL_IDW_PHI             ,RL_COMMON                     ,N,N
1626,AG24005                       ,DL_CLIN_AFF                   ,RL_COMMON                     ,N,N
1627,AG24005                       ,DL_DMS_PHI                    ,RL_COMMON                     ,N,N
1628,AG24005                       ,DL_PM_TM_VBESAB01             ,RL_COMMON                     ,N,N
1629,AG28963                       ,DL_AA_TM_MAM_S                ,RL_COMMON                     ,N,N
1630,AG28963                       ,DL_AQI_GBD_PHI                ,DATALAB_READ_DL_AQI_GBD_PHI   ,N,N
1631,AG28963                       ,DL_AQI_GBD_PHI                ,RL_COMMON                     ,N,N
1632,AG28963                       ,DL_AQI_MBRSHP_PHI             ,RL_COMMON                     ,N,N
1633,AG28963                       ,DL_AQI_MDCR_QDM               ,DATALAB_READ_DL_AQI_MDCR_PHI  ,N,N
1634,AG28963                       ,DL_AQI_MDCR_QDM               ,RL_COMMON                     ,N,N
1635,AG28963                       ,DL_AQI_PHI                    ,RL_COMMON                     ,N,N
1636,AG28963                       ,DL_AQI_SL_IDW_PHI             ,DATALAB_READ_DL_AQI_SL_IDW_PHI,N,N
1637,AG28963                       ,DL_AQI_SL_IDW_PHI             ,DATALAB_READ_DL_AQI_SL_IDW_PHI,N,N
1638,AG28963                       ,DL_AQI_SL_IDW_PHI             ,DATALAB_READ_DL_AQI_SL_IDW_PHI,N,N
1639,AG28963                       ,DL_AQI_SL_IDW_PHI             ,DATALAB_READ_DL_AQI_SL_IDW_PHI,N,N
1640,AG28963                       ,DL_AQI_SL_IDW_PHI             ,DATALAB_READ_DL_AQI_SL_IDW_PHI,N,N
1641,AG28963                       ,DL_AQI_SL_IDW_PHI             ,DATALAB_READ_DL_AQI_SL_IDW_PHI,N,N
1642,AG28963                       ,DL_AQI_SL_IDW_PHI             ,DATALAB_READ_DL_AQI_SL_IDW_PHI,N,N
1643,AG28963                       ,DL_AQI_SL_IDW_PHI             ,DATALAB_READ_DL_AQI_SL_IDW_PHI,N,N
1644,AG28963                       ,DL_AQI_SL_IDW_PHI             ,DATALAB_READ_DL_AQI_SL_IDW_PHI,N,N
1645,AG28963                       ,DL_AQI_SL_IDW_PHI             ,DATALAB_READ_DL_AQI_SL_IDW_PHI,N,N
1646,AG28963                       ,DL_AQI_SL_IDW_PHI             ,DATALAB_READ_DL_AQI_SL_IDW_PHI,N,N
1647,AG28963                       ,DL_AQI_SL_IDW_PHI             ,DATALAB_READ_DL_AQI_SL_IDW_PHI,N,N
1648,AG28963                       ,DL_AQI_SL_IDW_PHI             ,DATALAB_READ_DL_AQI_SL_IDW_PHI,N,N
1649,AG28963                       ,DL_AQI_SL_IDW_PHI             ,DATALAB_READ_DL_AQI_SL_IDW_PHI,N,N
1650,AG28963                       ,DL_AQI_SL_IDW_PHI             ,DATALAB_READ_DL_AQI_SL_IDW_PHI,N,N
1651,AG28963                       ,DL_AQI_SL_IDW_PHI             ,DATALAB_READ_DL_AQI_SL_IDW_PHI,N,N
1652,AG28963                       ,DL_AQI_SL_IDW_PHI             ,DATALAB_READ_DL_AQI_SL_IDW_PHI,N,N
1653,AG28963                       ,DL_AQI_SL_IDW_PHI             ,DATALAB_READ_DL_AQI_SL_IDW_PHI,N,N
1654,AG28963                       ,DL_AQI_SL_IDW_PHI             ,DATALAB_READ_DL_AQI_SL_IDW_PHI,N,N
1655,AG28963                       ,DL_AQI_SL_IDW_PHI             ,RL_COMMON                     ,N,N
1656,AG28963                       ,DL_CLIN_AFF                   ,RL_COMMON                     ,N,N
1657,AG28963                       ,DL_DMS_PHI                    ,RL_COMMON                     ,N,N
1658,AG28963                       ,DL_PM_TM_VBESAB01             ,RL_COMMON                     ,N,N
1659,AG38820                       ,DL_AA_TM_MAM_S                ,RL_COMMON                     ,N,N
1660,AG38820                       ,DL_AQI_GBD_PHI                ,RL_COMMON                     ,N,N
1661,AG38820                       ,DL_AQI_MBRSHP_PHI             ,RL_COMMON                     ,N,N
1662,AG38820                       ,DL_AQI_MDCR_QDM               ,RL_COMMON                     ,N,N
1663,AG38820                       ,DL_AQI_PHI                    ,RL_COMMON                     ,N,N
1664,AG38820                       ,DL_AQI_SL_IDW_PHI             ,RL_COMMON                     ,N,N
1665,AG38820                       ,DL_CLIN_AFF                   ,RL_COMMON                     ,N,N
1666,AG38820                       ,DL_DMS_PHI                    ,RL_COMMON                     ,N,N
1667,AG38820                       ,DL_PM_TM_VBESAB01             ,DATALAB_ALL_DL_PM_TM_VBESAB01 ,N,N
1668,AG38820                       ,DL_PM_TM_VBESAB01             ,DATALAB_ALL_DL_PM_TM_VBESAB01 ,N,N
1669,AG38820                       ,DL_PM_TM_VBESAB01             ,DATALAB_ALL_DL_PM_TM_VBESAB01 ,N,N
1670,AG38820                       ,DL_PM_TM_VBESAB01             ,DATALAB_ALL_DL_PM_TM_VBESAB01 ,N,N
1671,AG38820                       ,DL_PM_TM_VBESAB01             ,DATALAB_ALL_DL_PM_TM_VBESAB01 ,N,N
1672,AG38820                       ,DL_PM_TM_VBESAB01             ,DATALAB_ALL_DL_PM_TM_VBESAB01 ,N,N
1673,AG38820                       ,DL_PM_TM_VBESAB01             ,DATALAB_ALL_DL_PM_TM_VBESAB01 ,N,N
1674,AG38820                       ,DL_PM_TM_VBESAB01             ,DATALAB_ALL_DL_PM_TM_VBESAB01 ,N,N
1675,AG38820                       ,DL_PM_TM_VBESAB01             ,DATALAB_ALL_DL_PM_TM_VBESAB01 ,N,N
1676,AG38820                       ,DL_PM_TM_VBESAB01             ,DATALAB_ALL_DL_PM_TM_VBESAB01 ,N,N
1677,AG38820                       ,DL_PM_TM_VBESAB01             ,DATALAB_ALL_DL_PM_TM_VBESAB01 ,N,N
1678,AG38820                       ,DL_PM_TM_VBESAB01             ,DATALAB_ALL_DL_PM_TM_VBESAB01 ,N,N
1679,AG38820                       ,DL_PM_TM_VBESAB01             ,DATALAB_ALL_DL_PM_TM_VBESAB01 ,N,N
1680,AG38820                       ,DL_PM_TM_VBESAB01             ,DATALAB_ALL_DL_PM_TM_VBESAB01 ,N,N
1681,AG38820                       ,DL_PM_TM_VBESAB01             ,DATALAB_ALL_DL_PM_TM_VBESAB01 ,N,N
1682,AG38820                       ,DL_PM_TM_VBESAB01             ,DATALAB_ALL_DL_PM_TM_VBESAB01 ,N,N
1683,AG38820                       ,DL_PM_TM_VBESAB01             ,DATALAB_ALL_DL_PM_TM_VBESAB01 ,N,N
1684,AG38820                       ,DL_PM_TM_VBESAB01             ,DATALAB_ALL_DL_PM_TM_VBESAB01 ,N,N
1685,AG38820                       ,DL_PM_TM_VBESAB01             ,DATALAB_ALL_DL_PM_TM_VBESAB01 ,N,N
1686,AG38820                       ,DL_PM_TM_VBESAB01             ,RL_COMMON                     ,N,N
1687,AG70224                       ,DL_AA_TM_MAM_S                ,RL_COMMON                     ,N,N
1688,AG70224                       ,DL_AQI_GBD_PHI                ,RL_COMMON                     ,N,N
1689,AG70224                       ,DL_AQI_MBRSHP_PHI             ,RL_COMMON                     ,N,N
1690,AG70224                       ,DL_AQI_MDCR_QDM               ,RL_COMMON                     ,N,N
1691,AG70224                       ,DL_AQI_PHI                    ,RL_COMMON                     ,N,N
1692,AG70224                       ,DL_AQI_SL_IDW_PHI             ,RL_COMMON                     ,N,N
1693,AG70224                       ,DL_CLIN_AFF                   ,RL_COMMON                     ,N,N
1694,AG70224                       ,DL_DMS_PHI                    ,RL_COMMON                     ,N,N
1695,AG70224                       ,DL_PM_TM_VBESAB01             ,DATALAB_ALL_DL_PM_TM_VBESAB01 ,N,N
1696,AG70224                       ,DL_PM_TM_VBESAB01             ,DATALAB_ALL_DL_PM_TM_VBESAB01 ,N,N
1697,AG70224                       ,DL_PM_TM_VBESAB01             ,DATALAB_ALL_DL_PM_TM_VBESAB01 ,N,N
1698,AG70224                       ,DL_PM_TM_VBESAB01             ,DATALAB_ALL_DL_PM_TM_VBESAB01 ,N,N
1699,AG70224                       ,DL_PM_TM_VBESAB01             ,DATALAB_ALL_DL_PM_TM_VBESAB01 ,N,N
1700,AG70224                       ,DL_PM_TM_VBESAB01             ,DATALAB_ALL_DL_PM_TM_VBESAB01 ,N,N
1701,AG70224                       ,DL_PM_TM_VBESAB01             ,DATALAB_ALL_DL_PM_TM_VBESAB01 ,N,N
1702,AG70224                       ,DL_PM_TM_VBESAB01             ,DATALAB_ALL_DL_PM_TM_VBESAB01 ,N,N
1703,AG70224                       ,DL_PM_TM_VBESAB01             ,DATALAB_ALL_DL_PM_TM_VBESAB01 ,N,N
1704,AG70224                       ,DL_PM_TM_VBESAB01             ,DATALAB_ALL_DL_PM_TM_VBESAB01 ,N,N
1705,AG70224                       ,DL_PM_TM_VBESAB01             ,DATALAB_ALL_DL_PM_TM_VBESAB01 ,N,N
1706,AG70224                       ,DL_PM_TM_VBESAB01             ,DATALAB_ALL_DL_PM_TM_VBESAB01 ,N,N
1707,AG70224                       ,DL_PM_TM_VBESAB01             ,DATALAB_ALL_DL_PM_TM_VBESAB01 ,N,N
1708,AG70224                       ,DL_PM_TM_VBESAB01             ,DATALAB_ALL_DL_PM_TM_VBESAB01 ,N,N
1709,AG70224                       ,DL_PM_TM_VBESAB01             ,DATALAB_ALL_DL_PM_TM_VBESAB01 ,N,N
1710,AG70224                       ,DL_PM_TM_VBESAB01             ,DATALAB_ALL_DL_PM_TM_VBESAB01 ,N,N
1711,AG70224                       ,DL_PM_TM_VBESAB01             ,DATALAB_ALL_DL_PM_TM_VBESAB01 ,N,N
1712,AG70224                       ,DL_PM_TM_VBESAB01             ,DATALAB_ALL_DL_PM_TM_VBESAB01 ,N,N
1713,AG70224                       ,DL_PM_TM_VBESAB01             ,DATALAB_ALL_DL_PM_TM_VBESAB01 ,N,N
1714,AG70224                       ,DL_PM_TM_VBESAB01             ,RL_COMMON                     ,N,N
1715,AG76768                       ,DL_AA_TM_MAM_S                ,RL_COMMON                     ,N,N
1716,AG76768                       ,DL_AQI_GBD_PHI                ,DATALAB_READ_DL_AQI_GBD_PHI   ,N,N
1717,AG76768                       ,DL_AQI_GBD_PHI                ,DATALAB_READ_DL_AQI_PHI       ,N,N
1718,AG76768                       ,DL_AQI_GBD_PHI                ,RL_COMMON                     ,N,N
1719,AG76768                       ,DL_AQI_MBRSHP_PHI             ,RL_COMMON                     ,N,N
1720,AG76768                       ,DL_AQI_MDCR_QDM               ,RL_COMMON                     ,N,N
1721,AG76768                       ,DL_AQI_PHI                    ,DATALAB_READ_DL_AQI_PHI       ,N,N
1722,AG76768                       ,DL_AQI_PHI                    ,RL_COMMON                     ,N,N
1723,AG76768                       ,DL_AQI_SL_IDW_PHI             ,RL_COMMON                     ,N,N
1724,AG76768                       ,DL_CLIN_AFF                   ,RL_COMMON                     ,N,N
1725,AG76768                       ,DL_DMS_PHI                    ,RL_COMMON                     ,N,N
1726,AG76768                       ,DL_PM_TM_VBESAB01             ,RL_COMMON                     ,N,N
1727,AH16388                       ,DL_AA_TM_MAM_S                ,RL_COMMON                     ,N,N
1728,AH16388                       ,DL_AQI_GBD_PHI                ,DATALAB_READ_DL_AQI_PHI       ,N,N
1729,AH16388                       ,DL_AQI_GBD_PHI                ,RL_COMMON                     ,N,N
1730,AH16388                       ,DL_AQI_MBRSHP_PHI             ,DATALAB_READ_DL_AQI_MBRSHP_PHI,N,N
1731,AH16388                       ,DL_AQI_MBRSHP_PHI             ,RL_COMMON                     ,N,N
1732,AH16388                       ,DL_AQI_MDCR_QDM               ,RL_COMMON                     ,N,N
1733,AH16388                       ,DL_AQI_PHI                    ,DATALAB_ALL_DL_AQI_PHI        ,N,N
1734,AH16388                       ,DL_AQI_PHI                    ,DATALAB_ALL_DL_AQI_PHI        ,N,N
1735,AH16388                       ,DL_AQI_PHI                    ,DATALAB_ALL_DL_AQI_PHI        ,N,N
1736,AH16388                       ,DL_AQI_PHI                    ,DATALAB_ALL_DL_AQI_PHI        ,N,N
1737,AH16388                       ,DL_AQI_PHI                    ,DATALAB_ALL_DL_AQI_PHI        ,N,N
1738,AH16388                       ,DL_AQI_PHI                    ,DATALAB_ALL_DL_AQI_PHI        ,N,N
1739,AH16388                       ,DL_AQI_PHI                    ,DATALAB_ALL_DL_AQI_PHI        ,N,N
1740,AH16388                       ,DL_AQI_PHI                    ,DATALAB_ALL_DL_AQI_PHI        ,N,N
1741,AH16388                       ,DL_AQI_PHI                    ,DATALAB_ALL_DL_AQI_PHI        ,N,N
1742,AH16388                       ,DL_AQI_PHI                    ,DATALAB_ALL_DL_AQI_PHI        ,N,N
1743,AH16388                       ,DL_AQI_PHI                    ,DATALAB_ALL_DL_AQI_PHI        ,N,N
1744,AH16388                       ,DL_AQI_PHI                    ,DATALAB_ALL_DL_AQI_PHI        ,N,N
1745,AH16388                       ,DL_AQI_PHI                    ,DATALAB_ALL_DL_AQI_PHI        ,N,N
1746,AH16388                       ,DL_AQI_PHI                    ,DATALAB_ALL_DL_AQI_PHI        ,N,N
1747,AH16388                       ,DL_AQI_PHI                    ,DATALAB_ALL_DL_AQI_PHI        ,N,N
1748,AH16388                       ,DL_AQI_PHI                    ,DATALAB_ALL_DL_AQI_PHI        ,N,N
1749,AH16388                       ,DL_AQI_PHI                    ,DATALAB_ALL_DL_AQI_PHI        ,N,N
1750,AH16388                       ,DL_AQI_PHI                    ,DATALAB_ALL_DL_AQI_PHI        ,N,N
1751,AH16388                       ,DL_AQI_PHI                    ,DATALAB_ALL_DL_AQI_PHI        ,N,N
1752,AH16388                       ,DL_AQI_PHI                    ,DATALAB_READ_DL_AQI_PHI       ,N,N
1753,AH16388                       ,DL_AQI_PHI                    ,RL_COMMON                     ,N,N
1754,AH16388                       ,DL_AQI_SL_IDW_PHI             ,DATALAB_READ_DL_AQI_SL_IDW_PHI,N,N
1755,AH16388                       ,DL_AQI_SL_IDW_PHI             ,DATALAB_READ_DL_AQI_SL_IDW_PHI,N,N
1756,AH16388                       ,DL_AQI_SL_IDW_PHI             ,DATALAB_READ_DL_AQI_SL_IDW_PHI,N,N
1757,AH16388                       ,DL_AQI_SL_IDW_PHI             ,DATALAB_READ_DL_AQI_SL_IDW_PHI,N,N
1758,AH16388                       ,DL_AQI_SL_IDW_PHI             ,DATALAB_READ_DL_AQI_SL_IDW_PHI,N,N
1759,AH16388                       ,DL_AQI_SL_IDW_PHI             ,DATALAB_READ_DL_AQI_SL_IDW_PHI,N,N
1760,AH16388                       ,DL_AQI_SL_IDW_PHI             ,DATALAB_READ_DL_AQI_SL_IDW_PHI,N,N
1761,AH16388                       ,DL_AQI_SL_IDW_PHI             ,DATALAB_READ_DL_AQI_SL_IDW_PHI,N,N
1762,AH16388                       ,DL_AQI_SL_IDW_PHI             ,DATALAB_READ_DL_AQI_SL_IDW_PHI,N,N
1763,AH16388                       ,DL_AQI_SL_IDW_PHI             ,DATALAB_READ_DL_AQI_SL_IDW_PHI,N,N
1764,AH16388                       ,DL_AQI_SL_IDW_PHI             ,DATALAB_READ_DL_AQI_SL_IDW_PHI,N,N
1765,AH16388                       ,DL_AQI_SL_IDW_PHI             ,DATALAB_READ_DL_AQI_SL_IDW_PHI,N,N
1766,AH16388                       ,DL_AQI_SL_IDW_PHI             ,DATALAB_READ_DL_AQI_SL_IDW_PHI,N,N
1767,AH16388                       ,DL_AQI_SL_IDW_PHI             ,DATALAB_READ_DL_AQI_SL_IDW_PHI,N,N
1768,AH16388                       ,DL_AQI_SL_IDW_PHI             ,DATALAB_READ_DL_AQI_SL_IDW_PHI,N,N
1769,AH16388                       ,DL_AQI_SL_IDW_PHI             ,DATALAB_READ_DL_AQI_SL_IDW_PHI,N,N
1770,AH16388                       ,DL_AQI_SL_IDW_PHI             ,DATALAB_READ_DL_AQI_SL_IDW_PHI,N,N
1771,AH16388                       ,DL_AQI_SL_IDW_PHI             ,DATALAB_READ_DL_AQI_SL_IDW_PHI,N,N
1772,AH16388                       ,DL_AQI_SL_IDW_PHI             ,DATALAB_READ_DL_AQI_SL_IDW_PHI,N,N
1773,AH16388                       ,DL_AQI_SL_IDW_PHI             ,RL_COMMON                     ,N,N
1774,AH16388                       ,DL_CLIN_AFF                   ,RL_COMMON                     ,N,N
1775,AH16388                       ,DL_DMS_PHI                    ,RL_COMMON                     ,N,N
1776,AH16388                       ,DL_PM_TM_VBESAB01             ,RL_COMMON                     ,N,N
1777,AH20955                       ,DL_AA_TM_MAM_S                ,RL_COMMON                     ,N,N
1778,AH20955                       ,DL_AQI_GBD_PHI                ,DATALAB_READ_DL_AQI_PHI       ,N,N
1779,AH20955                       ,DL_AQI_GBD_PHI                ,RL_COMMON                     ,N,N
1780,AH20955                       ,DL_AQI_MBRSHP_PHI             ,RL_COMMON                     ,N,N
1781,AH20955                       ,DL_AQI_MDCR_QDM               ,RL_COMMON                     ,N,N
1782,AH20955                       ,DL_AQI_PHI                    ,DATALAB_READ_DL_AQI_PHI       ,N,N
1783,AH20955                       ,DL_AQI_PHI                    ,RL_COMMON                     ,N,N
1784,AH20955                       ,DL_AQI_SL_IDW_PHI             ,DATALAB_READ_DL_AQI_SL_IDW_PHI,N,N
1785,AH20955                       ,DL_AQI_SL_IDW_PHI             ,DATALAB_READ_DL_AQI_SL_IDW_PHI,N,N
1786,AH20955                       ,DL_AQI_SL_IDW_PHI             ,DATALAB_READ_DL_AQI_SL_IDW_PHI,N,N
1787,AH20955                       ,DL_AQI_SL_IDW_PHI             ,DATALAB_READ_DL_AQI_SL_IDW_PHI,N,N
1788,AH20955                       ,DL_AQI_SL_IDW_PHI             ,DATALAB_READ_DL_AQI_SL_IDW_PHI,N,N
1789,AH20955                       ,DL_AQI_SL_IDW_PHI             ,DATALAB_READ_DL_AQI_SL_IDW_PHI,N,N
1790,AH20955                       ,DL_AQI_SL_IDW_PHI             ,DATALAB_READ_DL_AQI_SL_IDW_PHI,N,N
1791,AH20955                       ,DL_AQI_SL_IDW_PHI             ,DATALAB_READ_DL_AQI_SL_IDW_PHI,N,N
1792,AH20955                       ,DL_AQI_SL_IDW_PHI             ,DATALAB_READ_DL_AQI_SL_IDW_PHI,N,N
1793,AH20955                       ,DL_AQI_SL_IDW_PHI             ,DATALAB_READ_DL_AQI_SL_IDW_PHI,N,N
1794,AH20955                       ,DL_AQI_SL_IDW_PHI             ,DATALAB_READ_DL_AQI_SL_IDW_PHI,N,N
1795,AH20955                       ,DL_AQI_SL_IDW_PHI             ,DATALAB_READ_DL_AQI_SL_IDW_PHI,N,N
1796,AH20955                       ,DL_AQI_SL_IDW_PHI             ,DATALAB_READ_DL_AQI_SL_IDW_PHI,N,N
1797,AH20955                       ,DL_AQI_SL_IDW_PHI             ,DATALAB_READ_DL_AQI_SL_IDW_PHI,N,N
1798,AH20955                       ,DL_AQI_SL_IDW_PHI             ,DATALAB_READ_DL_AQI_SL_IDW_PHI,N,N
1799,AH20955                       ,DL_AQI_SL_IDW_PHI             ,DATALAB_READ_DL_AQI_SL_IDW_PHI,N,N
1800,AH20955                       ,DL_AQI_SL_IDW_PHI             ,DATALAB_READ_DL_AQI_SL_IDW_PHI,N,N
1801,AH20955                       ,DL_AQI_SL_IDW_PHI             ,DATALAB_READ_DL_AQI_SL_IDW_PHI,N,N
1802,AH20955                       ,DL_AQI_SL_IDW_PHI             ,DATALAB_READ_DL_AQI_SL_IDW_PHI,N,N
1803,AH20955                       ,DL_AQI_SL_IDW_PHI             ,RL_COMMON                     ,N,N
1804,AH20955                       ,DL_CLIN_AFF                   ,RL_COMMON                     ,N,N
1805,AH20955                       ,DL_DMS_PHI                    ,RL_COMMON                     ,N,N
1806,AH20955                       ,DL_PM_TM_VBESAB01             ,RL_COMMON                     ,N,N
1807,AH54096                       ,DL_AA_TM_MAM_S                ,RL_COMMON                     ,N,N
1808,AH54096                       ,DL_AQI_GBD_PHI                ,DATALAB_READ_DL_AQI_GBD_PHI   ,N,N
1809,AH54096                       ,DL_AQI_GBD_PHI                ,RL_COMMON                     ,N,N
1810,AH54096                       ,DL_AQI_MBRSHP_PHI             ,RL_COMMON                     ,N,N
1811,AH54096                       ,DL_AQI_MDCR_QDM               ,RL_COMMON                     ,N,N
1812,AH54096                       ,DL_AQI_PHI                    ,RL_COMMON                     ,N,N
1813,AH54096                       ,DL_AQI_SL_IDW_PHI             ,DATALAB_READ_DL_AQI_SL_IDW_PHI,N,N
1814,AH54096                       ,DL_AQI_SL_IDW_PHI             ,DATALAB_READ_DL_AQI_SL_IDW_PHI,N,N
1815,AH54096                       ,DL_AQI_SL_IDW_PHI             ,DATALAB_READ_DL_AQI_SL_IDW_PHI,N,N
1816,AH54096                       ,DL_AQI_SL_IDW_PHI             ,DATALAB_READ_DL_AQI_SL_IDW_PHI,N,N
1817,AH54096                       ,DL_AQI_SL_IDW_PHI             ,DATALAB_READ_DL_AQI_SL_IDW_PHI,N,N
1818,AH54096                       ,DL_AQI_SL_IDW_PHI             ,DATALAB_READ_DL_AQI_SL_IDW_PHI,N,N
1819,AH54096                       ,DL_AQI_SL_IDW_PHI             ,DATALAB_READ_DL_AQI_SL_IDW_PHI,N,N
1820,AH54096                       ,DL_AQI_SL_IDW_PHI             ,DATALAB_READ_DL_AQI_SL_IDW_PHI,N,N
1821,AH54096                       ,DL_AQI_SL_IDW_PHI             ,DATALAB_READ_DL_AQI_SL_IDW_PHI,N,N
1822,AH54096                       ,DL_AQI_SL_IDW_PHI             ,DATALAB_READ_DL_AQI_SL_IDW_PHI,N,N
1823,AH54096                       ,DL_AQI_SL_IDW_PHI             ,DATALAB_READ_DL_AQI_SL_IDW_PHI,N,N
1824,AH54096                       ,DL_AQI_SL_IDW_PHI             ,DATALAB_READ_DL_AQI_SL_IDW_PHI,N,N
1825,AH54096                       ,DL_AQI_SL_IDW_PHI             ,DATALAB_READ_DL_AQI_SL_IDW_PHI,N,N
1826,AH54096                       ,DL_AQI_SL_IDW_PHI             ,DATALAB_READ_DL_AQI_SL_IDW_PHI,N,N
1827,AH54096                       ,DL_AQI_SL_IDW_PHI             ,DATALAB_READ_DL_AQI_SL_IDW_PHI,N,N
1828,AH54096                       ,DL_AQI_SL_IDW_PHI             ,DATALAB_READ_DL_AQI_SL_IDW_PHI,N,N
1829,AH54096                       ,DL_AQI_SL_IDW_PHI             ,DATALAB_READ_DL_AQI_SL_IDW_PHI,N,N
1830,AH54096                       ,DL_AQI_SL_IDW_PHI             ,DATALAB_READ_DL_AQI_SL_IDW_PHI,N,N
1831,AH54096                       ,DL_AQI_SL_IDW_PHI             ,DATALAB_READ_DL_AQI_SL_IDW_PHI,N,N
1832,AH54096                       ,DL_AQI_SL_IDW_PHI             ,RL_COMMON                     ,N,N
1833,AH54096                       ,DL_CLIN_AFF                   ,RL_COMMON                     ,N,N
1834,AH54096                       ,DL_DMS_PHI                    ,RL_COMMON                     ,N,N
1835,AH54096                       ,DL_PM_TM_VBESAB01             ,RL_COMMON                     ,N,N
1836,AH56552                       ,DL_AA_TM_MAM_S                ,RL_COMMON                     ,N,N
1837,AH56552                       ,DL_AQI_GBD_PHI                ,RL_COMMON                     ,N,N
1838,AH56552                       ,DL_AQI_MBRSHP_PHI             ,RL_COMMON                     ,N,N
1839,AH56552                       ,DL_AQI_MDCR_QDM               ,DATALAB_READ_DL_AQI_MDCR_PHI  ,N,N
1840,AH56552                       ,DL_AQI_MDCR_QDM               ,RL_COMMON                     ,N,N
1841,AH56552                       ,DL_AQI_PHI                    ,RL_COMMON                     ,N,N
1842,AH56552                       ,DL_AQI_SL_IDW_PHI             ,RL_COMMON                     ,N,N
1843,AH56552                       ,DL_CLIN_AFF                   ,RL_COMMON                     ,N,N
1844,AH56552                       ,DL_DMS_PHI                    ,RL_COMMON                     ,N,N
1845,AH56552                       ,DL_PM_TM_VBESAB01             ,RL_COMMON                     ,N,N
1846,AH72466                       ,DL_AA_TM_MAM_S                ,RL_COMMON                     ,N,N
1847,AH72466                       ,DL_AQI_GBD_PHI                ,DATALAB_READ_DL_AQI_GBD_PHI   ,N,N
1848,AH72466                       ,DL_AQI_GBD_PHI                ,DATALAB_READ_DL_AQI_PHI       ,N,N
1849,AH72466                       ,DL_AQI_GBD_PHI                ,RL_COMMON                     ,N,N
1850,AH72466                       ,DL_AQI_MBRSHP_PHI             ,RL_COMMON                     ,N,N
1851,AH72466                       ,DL_AQI_MDCR_QDM               ,DATALAB_READ_DL_AQI_MDCR_PHI  ,N,N
1852,AH72466                       ,DL_AQI_MDCR_QDM               ,RL_COMMON                     ,N,N
1853,AH72466                       ,DL_AQI_PHI                    ,DATALAB_READ_DL_AQI_PHI       ,N,N
1854,AH72466                       ,DL_AQI_PHI                    ,RL_COMMON                     ,N,N
1855,AH72466                       ,DL_AQI_SL_IDW_PHI             ,DATALAB_READ_DL_AQI_SL_IDW_PHI,N,N
1856,AH72466                       ,DL_AQI_SL_IDW_PHI             ,DATALAB_READ_DL_AQI_SL_IDW_PHI,N,N
1857,AH72466                       ,DL_AQI_SL_IDW_PHI             ,DATALAB_READ_DL_AQI_SL_IDW_PHI,N,N
1858,AH72466                       ,DL_AQI_SL_IDW_PHI             ,DATALAB_READ_DL_AQI_SL_IDW_PHI,N,N
1859,AH72466                       ,DL_AQI_SL_IDW_PHI             ,DATALAB_READ_DL_AQI_SL_IDW_PHI,N,N
1860,AH72466                       ,DL_AQI_SL_IDW_PHI             ,DATALAB_READ_DL_AQI_SL_IDW_PHI,N,N
1861,AH72466                       ,DL_AQI_SL_IDW_PHI             ,DATALAB_READ_DL_AQI_SL_IDW_PHI,N,N
1862,AH72466                       ,DL_AQI_SL_IDW_PHI             ,DATALAB_READ_DL_AQI_SL_IDW_PHI,N,N
1863,AH72466                       ,DL_AQI_SL_IDW_PHI             ,DATALAB_READ_DL_AQI_SL_IDW_PHI,N,N
1864,AH72466                       ,DL_AQI_SL_IDW_PHI             ,DATALAB_READ_DL_AQI_SL_IDW_PHI,N,N
1865,AH72466                       ,DL_AQI_SL_IDW_PHI             ,DATALAB_READ_DL_AQI_SL_IDW_PHI,N,N
1866,AH72466                       ,DL_AQI_SL_IDW_PHI             ,DATALAB_READ_DL_AQI_SL_IDW_PHI,N,N
1867,AH72466                       ,DL_AQI_SL_IDW_PHI             ,DATALAB_READ_DL_AQI_SL_IDW_PHI,N,N
1868,AH72466                       ,DL_AQI_SL_IDW_PHI             ,DATALAB_READ_DL_AQI_SL_IDW_PHI,N,N
1869,AH72466                       ,DL_AQI_SL_IDW_PHI             ,DATALAB_READ_DL_AQI_SL_IDW_PHI,N,N
1870,AH72466                       ,DL_AQI_SL_IDW_PHI             ,DATALAB_READ_DL_AQI_SL_IDW_PHI,N,N
1871,AH72466                       ,DL_AQI_SL_IDW_PHI             ,DATALAB_READ_DL_AQI_SL_IDW_PHI,N,N
1872,AH72466                       ,DL_AQI_SL_IDW_PHI             ,DATALAB_READ_DL_AQI_SL_IDW_PHI,N,N
1873,AH72466                       ,DL_AQI_SL_IDW_PHI             ,DATALAB_READ_DL_AQI_SL_IDW_PHI,N,N
1874,AH72466                       ,DL_AQI_SL_IDW_PHI             ,RL_COMMON                     ,N,N
1875,AH72466                       ,DL_CLIN_AFF                   ,RL_COMMON                     ,N,N
1876,AH72466                       ,DL_DMS_PHI                    ,RL_COMMON                     ,N,N
1877,AH72466                       ,DL_PM_TM_VBESAB01             ,RL_COMMON                     ,N,N
1878,AL30091                       ,DL_AA_TM_MAM_S                ,RL_COMMON                     ,N,N
1879,AL30091                       ,DL_AQI_GBD_PHI                ,RL_COMMON                     ,N,N
1880,AL30091                       ,DL_AQI_MBRSHP_PHI             ,RL_COMMON                     ,N,N
1881,AL30091                       ,DL_AQI_MDCR_QDM               ,RL_COMMON                     ,N,N
1882,AL30091                       ,DL_AQI_PHI                    ,RL_COMMON                     ,N,N
1883,AL30091                       ,DL_AQI_SL_IDW_PHI             ,RL_COMMON                     ,N,N
1884,AL30091                       ,DL_CLIN_AFF                   ,RL_COMMON                     ,N,N
1885,AL30091                       ,DL_DMS_PHI                    ,RL_COMMON                     ,N,N
1886,AL30091                       ,DL_PM_TM_VBESAB01             ,RL_COMMON                     ,N,N
1887,AL32363                       ,DL_AA_TM_MAM_S                ,RL_COMMON                     ,N,N
1888,AL32363                       ,DL_AQI_GBD_PHI                ,RL_COMMON                     ,N,N
1889,AL32363                       ,DL_AQI_MBRSHP_PHI             ,RL_COMMON                     ,N,N
1890,AL32363                       ,DL_AQI_MDCR_QDM               ,DATALAB_READ_DL_AQI_MDCR_PHI  ,N,N
1891,AL32363                       ,DL_AQI_MDCR_QDM               ,RL_COMMON                     ,N,N
1892,AL32363                       ,DL_AQI_PHI                    ,RL_COMMON                     ,N,N
1893,AL32363                       ,DL_AQI_SL_IDW_PHI             ,RL_COMMON                     ,N,N
1894,AL32363                       ,DL_CLIN_AFF                   ,RL_COMMON                     ,N,N
1895,AL32363                       ,DL_DMS_PHI                    ,RL_COMMON                     ,N,N
1896,AL32363                       ,DL_PM_TM_VBESAB01             ,RL_COMMON                     ,N,N
1897,AL35587                       ,DL_AA_TM_MAM_S                ,RL_COMMON                     ,N,N
1898,AL35587                       ,DL_AQI_GBD_PHI                ,DATALAB_READ_DL_AQI_GBD_PHI   ,N,N
1899,AL35587                       ,DL_AQI_GBD_PHI                ,DATALAB_READ_DL_AQI_PHI       ,N,N
1900,AL35587                       ,DL_AQI_GBD_PHI                ,RL_COMMON                     ,N,N
1901,AL35587                       ,DL_AQI_MBRSHP_PHI             ,DATALAB_READ_DL_AQI_MBRSHP_PHI,N,N
1902,AL35587                       ,DL_AQI_MBRSHP_PHI             ,RL_COMMON                     ,N,N
1903,AL35587                       ,DL_AQI_MDCR_QDM               ,DATALAB_READ_DL_AQI_MDCR_PHI  ,N,N
1904,AL35587                       ,DL_AQI_MDCR_QDM               ,RL_COMMON                     ,N,N
1905,AL35587                       ,DL_AQI_PHI                    ,DATALAB_READ_DL_AQI_PHI       ,N,N
1906,AL35587                       ,DL_AQI_PHI                    ,RL_COMMON                     ,N,N
1907,AL35587                       ,DL_AQI_SL_IDW_PHI             ,RL_COMMON                     ,N,N
1908,AL35587                       ,DL_CLIN_AFF                   ,RL_COMMON                     ,N,N
1909,AL35587                       ,DL_DMS_PHI                    ,RL_COMMON                     ,N,N
1910,AL35587                       ,DL_PM_TM_VBESAB01             ,RL_COMMON                     ,N,N
1911,AL44531                       ,DL_AA_TM_MAM_S                ,RL_COMMON                     ,N,N
1912,AL44531                       ,DL_AQI_GBD_PHI                ,RL_COMMON                     ,N,N
1913,AL44531                       ,DL_AQI_MBRSHP_PHI             ,RL_COMMON                     ,N,N
1914,AL44531                       ,DL_AQI_MDCR_QDM               ,RL_COMMON                     ,N,N
1915,AL44531                       ,DL_AQI_PHI                    ,RL_COMMON                     ,N,N
1916,AL44531                       ,DL_AQI_SL_IDW_PHI             ,RL_COMMON                     ,N,N
1917,AL44531                       ,DL_CLIN_AFF                   ,RL_COMMON                     ,N,N
1918,AL44531                       ,DL_DMS_PHI                    ,RL_COMMON                     ,N,N
1919,AL44531                       ,DL_PM_TM_VBESAB01             ,RL_COMMON                     ,N,N
1920,AL46704                       ,DL_AA_TM_MAM_S                ,RL_COMMON                     ,N,N
1921,AL46704                       ,DL_AQI_GBD_PHI                ,RL_COMMON                     ,N,N
1922,AL46704                       ,DL_AQI_MBRSHP_PHI             ,RL_COMMON                     ,N,N
1923,AL46704                       ,DL_AQI_MDCR_QDM               ,RL_COMMON                     ,N,N
1924,AL46704                       ,DL_AQI_PHI                    ,RL_COMMON                     ,N,N
1925,AL46704                       ,DL_AQI_SL_IDW_PHI             ,RL_COMMON                     ,N,N
1926,AL46704                       ,DL_CLIN_AFF                   ,RL_COMMON                     ,N,N
1927,AL46704                       ,DL_DMS_PHI                    ,RL_COMMON                     ,N,N
1928,AL46704                       ,DL_PM_TM_VBESAB01             ,RL_COMMON                     ,N,N
1929,AL47338                       ,DL_AA_TM_MAM_S                ,RL_COMMON                     ,N,N
1930,AL47338                       ,DL_AQI_GBD_PHI                ,RL_COMMON                     ,N,N
1931,AL47338                       ,DL_AQI_MBRSHP_PHI             ,RL_COMMON                     ,N,N
1932,AL47338                       ,DL_AQI_MDCR_QDM               ,RL_COMMON                     ,N,N
1933,AL47338                       ,DL_AQI_PHI                    ,RL_COMMON                     ,N,N
1934,AL47338                       ,DL_AQI_SL_IDW_PHI             ,RL_COMMON                     ,N,N
1935,AL47338                       ,DL_CLIN_AFF                   ,RL_COMMON                     ,N,N
1936,AL47338                       ,DL_DMS_PHI                    ,RL_COMMON                     ,N,N
1937,AL47338                       ,DL_PM_TM_VBESAB01             ,DATALAB_ALL_DL_PM_TM_VBESAB01 ,N,N
1938,AL47338                       ,DL_PM_TM_VBESAB01             ,DATALAB_ALL_DL_PM_TM_VBESAB01 ,N,N
1939,AL47338                       ,DL_PM_TM_VBESAB01             ,DATALAB_ALL_DL_PM_TM_VBESAB01 ,N,N
1940,AL47338                       ,DL_PM_TM_VBESAB01             ,DATALAB_ALL_DL_PM_TM_VBESAB01 ,N,N
1941,AL47338                       ,DL_PM_TM_VBESAB01             ,DATALAB_ALL_DL_PM_TM_VBESAB01 ,N,N
1942,AL47338                       ,DL_PM_TM_VBESAB01             ,DATALAB_ALL_DL_PM_TM_VBESAB01 ,N,N
1943,AL47338                       ,DL_PM_TM_VBESAB01             ,DATALAB_ALL_DL_PM_TM_VBESAB01 ,N,N
1944,AL47338                       ,DL_PM_TM_VBESAB01             ,DATALAB_ALL_DL_PM_TM_VBESAB01 ,N,N
1945,AL47338                       ,DL_PM_TM_VBESAB01             ,DATALAB_ALL_DL_PM_TM_VBESAB01 ,N,N
1946,AL47338                       ,DL_PM_TM_VBESAB01             ,DATALAB_ALL_DL_PM_TM_VBESAB01 ,N,N
1947,AL47338                       ,DL_PM_TM_VBESAB01             ,DATALAB_ALL_DL_PM_TM_VBESAB01 ,N,N
1948,AL47338                       ,DL_PM_TM_VBESAB01             ,DATALAB_ALL_DL_PM_TM_VBESAB01 ,N,N
1949,AL47338                       ,DL_PM_TM_VBESAB01             ,DATALAB_ALL_DL_PM_TM_VBESAB01 ,N,N
1950,AL47338                       ,DL_PM_TM_VBESAB01             ,DATALAB_ALL_DL_PM_TM_VBESAB01 ,N,N
1951,AL47338                       ,DL_PM_TM_VBESAB01             ,DATALAB_ALL_DL_PM_TM_VBESAB01 ,N,N
1952,AL47338                       ,DL_PM_TM_VBESAB01             ,DATALAB_ALL_DL_PM_TM_VBESAB01 ,N,N
1953,AL47338                       ,DL_PM_TM_VBESAB01             ,DATALAB_ALL_DL_PM_TM_VBESAB01 ,N,N
1954,AL47338                       ,DL_PM_TM_VBESAB01             ,DATALAB_ALL_DL_PM_TM_VBESAB01 ,N,N
1955,AL47338                       ,DL_PM_TM_VBESAB01             ,DATALAB_ALL_DL_PM_TM_VBESAB01 ,N,N
1956,AL47338                       ,DL_PM_TM_VBESAB01             ,RL_COMMON                     ,N,N
1957,AL47967                       ,DL_AA_TM_MAM_S                ,RL_COMMON                     ,N,N
1958,AL47967                       ,DL_AQI_GBD_PHI                ,DATALAB_READ_DL_AQI_GBD_PHI   ,N,N
1959,AL47967                       ,DL_AQI_GBD_PHI                ,DATALAB_READ_DL_AQI_PHI       ,N,N
1960,AL47967                       ,DL_AQI_GBD_PHI                ,RL_COMMON                     ,N,N
1961,AL47967                       ,DL_AQI_MBRSHP_PHI             ,DATALAB_ALL_DL_AQI_MBRSHP_PHI ,N,N
1962,AL47967                       ,DL_AQI_MBRSHP_PHI             ,DATALAB_ALL_DL_AQI_MBRSHP_PHI ,N,N
1963,AL47967                       ,DL_AQI_MBRSHP_PHI             ,DATALAB_ALL_DL_AQI_MBRSHP_PHI ,N,N
1964,AL47967                       ,DL_AQI_MBRSHP_PHI             ,DATALAB_ALL_DL_AQI_MBRSHP_PHI ,N,N
1965,AL47967                       ,DL_AQI_MBRSHP_PHI             ,DATALAB_ALL_DL_AQI_MBRSHP_PHI ,N,N
1966,AL47967                       ,DL_AQI_MBRSHP_PHI             ,DATALAB_ALL_DL_AQI_MBRSHP_PHI ,N,N
1967,AL47967                       ,DL_AQI_MBRSHP_PHI             ,DATALAB_ALL_DL_AQI_MBRSHP_PHI ,N,N
1968,AL47967                       ,DL_AQI_MBRSHP_PHI             ,DATALAB_ALL_DL_AQI_MBRSHP_PHI ,N,N
1969,AL47967                       ,DL_AQI_MBRSHP_PHI             ,DATALAB_ALL_DL_AQI_MBRSHP_PHI ,N,N
1970,AL47967                       ,DL_AQI_MBRSHP_PHI             ,DATALAB_ALL_DL_AQI_MBRSHP_PHI ,N,N
1971,AL47967                       ,DL_AQI_MBRSHP_PHI             ,DATALAB_ALL_DL_AQI_MBRSHP_PHI ,N,N
1972,AL47967                       ,DL_AQI_MBRSHP_PHI             ,DATALAB_ALL_DL_AQI_MBRSHP_PHI ,N,N
1973,AL47967                       ,DL_AQI_MBRSHP_PHI             ,DATALAB_ALL_DL_AQI_MBRSHP_PHI ,N,N
1974,AL47967                       ,DL_AQI_MBRSHP_PHI             ,DATALAB_ALL_DL_AQI_MBRSHP_PHI ,N,N
1975,AL47967                       ,DL_AQI_MBRSHP_PHI             ,DATALAB_ALL_DL_AQI_MBRSHP_PHI ,N,N
1976,AL47967                       ,DL_AQI_MBRSHP_PHI             ,DATALAB_ALL_DL_AQI_MBRSHP_PHI ,N,N
1977,AL47967                       ,DL_AQI_MBRSHP_PHI             ,DATALAB_ALL_DL_AQI_MBRSHP_PHI ,N,N
1978,AL47967                       ,DL_AQI_MBRSHP_PHI             ,DATALAB_ALL_DL_AQI_MBRSHP_PHI ,N,N
1979,AL47967                       ,DL_AQI_MBRSHP_PHI             ,DATALAB_ALL_DL_AQI_MBRSHP_PHI ,N,N
1980,AL47967                       ,DL_AQI_MBRSHP_PHI             ,DATALAB_READ_DL_AQI_MBRSHP_PHI,N,N
1981,AL47967                       ,DL_AQI_MBRSHP_PHI             ,RL_COMMON                     ,N,N
1982,AL47967                       ,DL_AQI_MDCR_QDM               ,DATALAB_READ_DL_AQI_MDCR_PHI  ,N,N
1983,AL47967                       ,DL_AQI_MDCR_QDM               ,RL_COMMON                     ,N,N
1984,AL47967                       ,DL_AQI_PHI                    ,DATALAB_ALL_DL_AQI_PHI        ,N,N
1985,AL47967                       ,DL_AQI_PHI                    ,DATALAB_ALL_DL_AQI_PHI        ,N,N
1986,AL47967                       ,DL_AQI_PHI                    ,DATALAB_ALL_DL_AQI_PHI        ,N,N
1987,AL47967                       ,DL_AQI_PHI                    ,DATALAB_ALL_DL_AQI_PHI        ,N,N
1988,AL47967                       ,DL_AQI_PHI                    ,DATALAB_ALL_DL_AQI_PHI        ,N,N
1989,AL47967                       ,DL_AQI_PHI                    ,DATALAB_ALL_DL_AQI_PHI        ,N,N
1990,AL47967                       ,DL_AQI_PHI                    ,DATALAB_ALL_DL_AQI_PHI        ,N,N
1991,AL47967                       ,DL_AQI_PHI                    ,DATALAB_ALL_DL_AQI_PHI        ,N,N
1992,AL47967                       ,DL_AQI_PHI                    ,DATALAB_ALL_DL_AQI_PHI        ,N,N
1993,AL47967                       ,DL_AQI_PHI                    ,DATALAB_ALL_DL_AQI_PHI        ,N,N
1994,AL47967                       ,DL_AQI_PHI                    ,DATALAB_ALL_DL_AQI_PHI        ,N,N
1995,AL47967                       ,DL_AQI_PHI                    ,DATALAB_ALL_DL_AQI_PHI        ,N,N
1996,AL47967                       ,DL_AQI_PHI                    ,DATALAB_ALL_DL_AQI_PHI        ,N,N
1997,AL47967                       ,DL_AQI_PHI                    ,DATALAB_ALL_DL_AQI_PHI        ,N,N
1998,AL47967                       ,DL_AQI_PHI                    ,DATALAB_ALL_DL_AQI_PHI        ,N,N
1999,AL47967                       ,DL_AQI_PHI                    ,DATALAB_ALL_DL_AQI_PHI        ,N,N
2000,AL47967                       ,DL_AQI_PHI                    ,DATALAB_ALL_DL_AQI_PHI        ,N,N
2001,AL47967                       ,DL_AQI_PHI                    ,DATALAB_ALL_DL_AQI_PHI        ,N,N
2002,AL47967                       ,DL_AQI_PHI                    ,DATALAB_ALL_DL_AQI_PHI        ,N,N
2003,AL47967                       ,DL_AQI_PHI                    ,DATALAB_READ_DL_AQI_PHI       ,N,N
2004,AL47967                       ,DL_AQI_PHI                    ,RL_COMMON                     ,N,N
2005,AL47967                       ,DL_AQI_SL_IDW_PHI             ,DATALAB_READ_DL_AQI_SL_IDW_PHI,N,N
2006,AL47967                       ,DL_AQI_SL_IDW_PHI             ,DATALAB_READ_DL_AQI_SL_IDW_PHI,N,N
2007,AL47967                       ,DL_AQI_SL_IDW_PHI             ,DATALAB_READ_DL_AQI_SL_IDW_PHI,N,N
2008,AL47967                       ,DL_AQI_SL_IDW_PHI             ,DATALAB_READ_DL_AQI_SL_IDW_PHI,N,N
2009,AL47967                       ,DL_AQI_SL_IDW_PHI             ,DATALAB_READ_DL_AQI_SL_IDW_PHI,N,N
2010,AL47967                       ,DL_AQI_SL_IDW_PHI             ,DATALAB_READ_DL_AQI_SL_IDW_PHI,N,N
2011,AL47967                       ,DL_AQI_SL_IDW_PHI             ,DATALAB_READ_DL_AQI_SL_IDW_PHI,N,N
2012,AL47967                       ,DL_AQI_SL_IDW_PHI             ,DATALAB_READ_DL_AQI_SL_IDW_PHI,N,N
2013,AL47967                       ,DL_AQI_SL_IDW_PHI             ,DATALAB_READ_DL_AQI_SL_IDW_PHI,N,N
2014,AL47967                       ,DL_AQI_SL_IDW_PHI             ,DATALAB_READ_DL_AQI_SL_IDW_PHI,N,N
2015,AL47967                       ,DL_AQI_SL_IDW_PHI             ,DATALAB_READ_DL_AQI_SL_IDW_PHI,N,N
2016,AL47967                       ,DL_AQI_SL_IDW_PHI             ,DATALAB_READ_DL_AQI_SL_IDW_PHI,N,N
2017,AL47967                       ,DL_AQI_SL_IDW_PHI             ,DATALAB_READ_DL_AQI_SL_IDW_PHI,N,N
2018,AL47967                       ,DL_AQI_SL_IDW_PHI             ,DATALAB_READ_DL_AQI_SL_IDW_PHI,N,N
2019,AL47967                       ,DL_AQI_SL_IDW_PHI             ,DATALAB_READ_DL_AQI_SL_IDW_PHI,N,N
2020,AL47967                       ,DL_AQI_SL_IDW_PHI             ,DATALAB_READ_DL_AQI_SL_IDW_PHI,N,N
2021,AL47967                       ,DL_AQI_SL_IDW_PHI             ,DATALAB_READ_DL_AQI_SL_IDW_PHI,N,N
2022,AL47967                       ,DL_AQI_SL_IDW_PHI             ,DATALAB_READ_DL_AQI_SL_IDW_PHI,N,N
2023,AL47967                       ,DL_AQI_SL_IDW_PHI             ,DATALAB_READ_DL_AQI_SL_IDW_PHI,N,N
2024,AL47967                       ,DL_AQI_SL_IDW_PHI             ,RL_COMMON                     ,N,N
2025,AL47967                       ,DL_CLIN_AFF                   ,RL_COMMON                     ,N,N
2026,AL47967                       ,DL_DMS_PHI                    ,RL_COMMON                     ,N,N
2027,AL47967                       ,DL_PM_TM_VBESAB01             ,RL_COMMON                     ,N,N
2028,AL93414                       ,DL_AA_TM_MAM_S                ,RL_COMMON                     ,N,N
2029,AL93414                       ,DL_AQI_GBD_PHI                ,RL_COMMON                     ,N,N
2030,AL93414                       ,DL_AQI_MBRSHP_PHI             ,RL_COMMON                     ,N,N
2031,AL93414                       ,DL_AQI_MDCR_QDM               ,RL_COMMON                     ,N,N
2032,AL93414                       ,DL_AQI_PHI                    ,RL_COMMON                     ,N,N
2033,AL93414                       ,DL_AQI_SL_IDW_PHI             ,RL_COMMON                     ,N,N
2034,AL93414                       ,DL_CLIN_AFF                   ,RL_COMMON                     ,N,N
2035,AL93414                       ,DL_DMS_PHI                    ,RL_COMMON                     ,N,N
2036,AL93414                       ,DL_PM_TM_VBESAB01             ,RL_COMMON                     ,N,N
2037,AL95413                       ,DL_AA_TM_MAM_S                ,RL_COMMON                     ,N,N
2038,AL95413                       ,DL_AQI_GBD_PHI                ,RL_COMMON                     ,N,N
2039,AL95413                       ,DL_AQI_MBRSHP_PHI             ,RL_COMMON                     ,N,N
2040,AL95413                       ,DL_AQI_MDCR_QDM               ,RL_COMMON                     ,N,N
2041,AL95413                       ,DL_AQI_PHI                    ,RL_COMMON                     ,N,N
2042,AL95413                       ,DL_AQI_SL_IDW_PHI             ,RL_COMMON                     ,N,N
2043,AL95413                       ,DL_CLIN_AFF                   ,RL_COMMON                     ,N,N
2044,AL95413                       ,DL_DMS_PHI                    ,RL_COMMON                     ,N,N
2045,AL95413                       ,DL_PM_TM_VBESAB01             ,DATALAB_READ_DL_PM_TM_VBESAB01,N,N
2046,AL95413                       ,DL_PM_TM_VBESAB01             ,RL_COMMON                     ,N,N
2047,AL95783                       ,DL_AA_TM_MAM_S                ,RL_COMMON                     ,N,N
2048,AL95783                       ,DL_AQI_GBD_PHI                ,RL_COMMON                     ,N,N
2049,AL95783                       ,DL_AQI_MBRSHP_PHI             ,RL_COMMON                     ,N,N
2050,AL95783                       ,DL_AQI_MDCR_QDM               ,RL_COMMON                     ,N,N
2051,AL95783                       ,DL_AQI_PHI                    ,RL_COMMON                     ,N,N
2052,AL95783                       ,DL_AQI_SL_IDW_PHI             ,RL_COMMON                     ,N,N
2053,AL95783                       ,DL_CLIN_AFF                   ,RL_COMMON                     ,N,N
2054,AL95783                       ,DL_DMS_PHI                    ,RL_COMMON                     ,N,N
2055,AL95783                       ,DL_PM_TM_VBESAB01             ,DATALAB_READ_DL_PM_TM_VBESAB01,N,N
2056,AL95783                       ,DL_PM_TM_VBESAB01             ,RL_COMMON                     ,N,N
2057,AM45487                       ,DL_AA_TM_MAM_S                ,RL_COMMON                     ,N,N
2058,AM45487                       ,DL_AQI_GBD_PHI                ,RL_COMMON                     ,N,N
2059,AM45487                       ,DL_AQI_MBRSHP_PHI             ,RL_COMMON                     ,N,N
2060,AM45487                       ,DL_AQI_MDCR_QDM               ,RL_COMMON                     ,N,N
2061,AM45487                       ,DL_AQI_PHI                    ,RL_COMMON                     ,N,N
2062,AM45487                       ,DL_AQI_SL_IDW_PHI             ,RL_COMMON                     ,N,N
2063,AM45487                       ,DL_CLIN_AFF                   ,RL_COMMON                     ,N,N
2064,AM45487                       ,DL_DMS_PHI                    ,RL_COMMON                     ,N,N
2065,AM45487                       ,DL_PM_TM_VBESAB01             ,RL_COMMON                     ,N,N
2066,AM45488                       ,DL_AA_TM_MAM_S                ,RL_COMMON                     ,N,N
2067,AM45488                       ,DL_AQI_GBD_PHI                ,RL_COMMON                     ,N,N
2068,AM45488                       ,DL_AQI_MBRSHP_PHI             ,RL_COMMON                     ,N,N
2069,AM45488                       ,DL_AQI_MDCR_QDM               ,RL_COMMON                     ,N,N
2070,AM45488                       ,DL_AQI_PHI                    ,RL_COMMON                     ,N,N
2071,AM45488                       ,DL_AQI_SL_IDW_PHI             ,RL_COMMON                     ,N,N
2072,AM45488                       ,DL_CLIN_AFF                   ,RL_COMMON                     ,N,N
2073,AM45488                       ,DL_DMS_PHI                    ,RL_COMMON                     ,N,N
2074,AM45488                       ,DL_PM_TM_VBESAB01             ,RL_COMMON                     ,N,N
2075,AM80065                       ,DL_AA_TM_MAM_S                ,RL_COMMON                     ,N,N
2076,AM80065                       ,DL_AQI_GBD_PHI                ,RL_COMMON                     ,N,N
2077,AM80065                       ,DL_AQI_MBRSHP_PHI             ,RL_COMMON                     ,N,N
2078,AM80065                       ,DL_AQI_MDCR_QDM               ,RL_COMMON                     ,N,N
2079,AM80065                       ,DL_AQI_PHI                    ,RL_COMMON                     ,N,N
2080,AM80065                       ,DL_AQI_SL_IDW_PHI             ,RL_COMMON                     ,N,N
2081,AM80065                       ,DL_CLIN_AFF                   ,RL_COMMON                     ,N,N
2082,AM80065                       ,DL_DMS_PHI                    ,DATALAB_READ_DL_DMS_PHI       ,N,N
2083,AM80065                       ,DL_DMS_PHI                    ,RL_COMMON                     ,N,N
2084,AM80065                       ,DL_PM_TM_VBESAB01             ,DATALAB_READ_DL_PM_TM_VBESAB01,N,N
2085,AM80065                       ,DL_PM_TM_VBESAB01             ,RL_COMMON                     ,N,N
2086,AM84597                       ,DL_AA_TM_MAM_S                ,RL_COMMON                     ,N,N
2087,AM84597                       ,DL_AQI_GBD_PHI                ,RL_COMMON                     ,N,N
2088,AM84597                       ,DL_AQI_MBRSHP_PHI             ,RL_COMMON                     ,N,N
2089,AM84597                       ,DL_AQI_MDCR_QDM               ,RL_COMMON                     ,N,N
2090,AM84597                       ,DL_AQI_PHI                    ,RL_COMMON                     ,N,N
2091,AM84597                       ,DL_AQI_SL_IDW_PHI             ,RL_COMMON                     ,N,N
2092,AM84597                       ,DL_CLIN_AFF                   ,RL_COMMON                     ,N,N
2093,AM84597                       ,DL_DMS_PHI                    ,DATALAB_READ_DL_DMS_PHI       ,N,N
2094,AM84597                       ,DL_DMS_PHI                    ,RL_COMMON                     ,N,N
2095,AM84597                       ,DL_PM_TM_VBESAB01             ,DATALAB_READ_DL_PM_TM_VBESAB01,N,N
2096,AM84597                       ,DL_PM_TM_VBESAB01             ,RL_COMMON                     ,N,N
2097,AM84604                       ,DL_AA_TM_MAM_S                ,RL_COMMON                     ,N,N
2098,AM84604                       ,DL_AQI_GBD_PHI                ,RL_COMMON                     ,N,N
2099,AM84604                       ,DL_AQI_MBRSHP_PHI             ,RL_COMMON                     ,N,N
2100,AM84604                       ,DL_AQI_MDCR_QDM               ,RL_COMMON                     ,N,N
2101,AM84604                       ,DL_AQI_PHI                    ,RL_COMMON                     ,N,N
2102,AM84604                       ,DL_AQI_SL_IDW_PHI             ,RL_COMMON                     ,N,N
2103,AM84604                       ,DL_CLIN_AFF                   ,RL_COMMON                     ,N,N
2104,AM84604                       ,DL_DMS_PHI                    ,DATALAB_READ_DL_DMS_PHI       ,N,N
2105,AM84604                       ,DL_DMS_PHI                    ,RL_COMMON                     ,N,N
2106,AM84604                       ,DL_PM_TM_VBESAB01             ,DATALAB_READ_DL_PM_TM_VBESAB01,N,N
2107,AM84604                       ,DL_PM_TM_VBESAB01             ,RL_COMMON                     ,N,N
2108,AM85808                       ,DL_AA_TM_MAM_S                ,RL_COMMON                     ,N,N
2109,AM85808                       ,DL_AQI_GBD_PHI                ,RL_COMMON                     ,N,N
2110,AM85808                       ,DL_AQI_MBRSHP_PHI             ,RL_COMMON                     ,N,N
2111,AM85808                       ,DL_AQI_MDCR_QDM               ,RL_COMMON                     ,N,N
2112,AM85808                       ,DL_AQI_PHI                    ,RL_COMMON                     ,N,N
2113,AM85808                       ,DL_AQI_SL_IDW_PHI             ,RL_COMMON                     ,N,N
2114,AM85808                       ,DL_CLIN_AFF                   ,RL_COMMON                     ,N,N
2115,AM85808                       ,DL_DMS_PHI                    ,DATALAB_READ_DL_DMS_PHI       ,N,N
2116,AM85808                       ,DL_DMS_PHI                    ,RL_COMMON                     ,N,N
2117,AM85808                       ,DL_PM_TM_VBESAB01             ,DATALAB_READ_DL_PM_TM_VBESAB01,N,N
2118,AM85808                       ,DL_PM_TM_VBESAB01             ,RL_COMMON                     ,N,N
2119,AN311679AD                    ,DL_AA_TM_MAM_S                ,RL_COMMON                     ,N,N
2120,AN311679AD                    ,DL_AQI_GBD_PHI                ,RL_COMMON                     ,N,N
2121,AN311679AD                    ,DL_AQI_MBRSHP_PHI             ,RL_COMMON                     ,N,N
2122,AN311679AD                    ,DL_AQI_MDCR_QDM               ,RL_COMMON                     ,N,N
2123,AN311679AD                    ,DL_AQI_PHI                    ,RL_COMMON                     ,N,N
2124,AN311679AD                    ,DL_AQI_SL_IDW_PHI             ,RL_COMMON                     ,N,N
2125,AN311679AD                    ,DL_CLIN_AFF                   ,RL_COMMON                     ,N,N
2126,AN311679AD                    ,DL_DMS_PHI                    ,DATALAB_ALL_DL_DMS_PHI        ,N,N
2127,AN311679AD                    ,DL_DMS_PHI                    ,DATALAB_ALL_DL_DMS_PHI        ,N,N
2128,AN311679AD                    ,DL_DMS_PHI                    ,DATALAB_ALL_DL_DMS_PHI        ,N,N
2129,AN311679AD                    ,DL_DMS_PHI                    ,DATALAB_ALL_DL_DMS_PHI        ,N,N
2130,AN311679AD                    ,DL_DMS_PHI                    ,DATALAB_ALL_DL_DMS_PHI        ,N,N
2131,AN311679AD                    ,DL_DMS_PHI                    ,DATALAB_ALL_DL_DMS_PHI        ,N,N
2132,AN311679AD                    ,DL_DMS_PHI                    ,DATALAB_ALL_DL_DMS_PHI        ,N,N
2133,AN311679AD                    ,DL_DMS_PHI                    ,DATALAB_ALL_DL_DMS_PHI        ,N,N
2134,AN311679AD                    ,DL_DMS_PHI                    ,DATALAB_ALL_DL_DMS_PHI        ,N,N
2135,AN311679AD                    ,DL_DMS_PHI                    ,DATALAB_ALL_DL_DMS_PHI        ,N,N
2136,AN311679AD                    ,DL_DMS_PHI                    ,DATALAB_ALL_DL_DMS_PHI        ,N,N
2137,AN311679AD                    ,DL_DMS_PHI                    ,DATALAB_ALL_DL_DMS_PHI        ,N,N
2138,AN311679AD                    ,DL_DMS_PHI                    ,DATALAB_ALL_DL_DMS_PHI        ,N,N
2139,AN311679AD                    ,DL_DMS_PHI                    ,DATALAB_ALL_DL_DMS_PHI        ,N,N
2140,AN311679AD                    ,DL_DMS_PHI                    ,DATALAB_ALL_DL_DMS_PHI        ,N,N
2141,AN311679AD                    ,DL_DMS_PHI                    ,DATALAB_ALL_DL_DMS_PHI        ,N,N
2142,AN311679AD                    ,DL_DMS_PHI                    ,DATALAB_ALL_DL_DMS_PHI        ,N,N
2143,AN311679AD                    ,DL_DMS_PHI                    ,DATALAB_ALL_DL_DMS_PHI        ,N,N
2144,AN311679AD                    ,DL_DMS_PHI                    ,DATALAB_ALL_DL_DMS_PHI        ,N,N
2145,AN311679AD                    ,DL_DMS_PHI                    ,RL_COMMON                     ,N,N
2146,AN311679AD                    ,DL_PM_TM_VBESAB01             ,RL_COMMON                     ,N,N
2147,AN366039AD                    ,DL_AA_TM_MAM_S                ,RL_COMMON                     ,N,N
2148,AN366039AD                    ,DL_AQI_GBD_PHI                ,RL_COMMON                     ,N,N
2149,AN366039AD                    ,DL_AQI_MBRSHP_PHI             ,RL_COMMON                     ,N,N
2150,AN366039AD                    ,DL_AQI_MDCR_QDM               ,RL_COMMON                     ,N,N
2151,AN366039AD                    ,DL_AQI_PHI                    ,RL_COMMON                     ,N,N
2152,AN366039AD                    ,DL_AQI_SL_IDW_PHI             ,RL_COMMON                     ,N,N
2153,AN366039AD                    ,DL_CLIN_AFF                   ,RL_COMMON                     ,N,N
2154,AN366039AD                    ,DL_DMS_PHI                    ,DATALAB_ALL_DL_DMS_PHI        ,N,N
2155,AN366039AD                    ,DL_DMS_PHI                    ,DATALAB_ALL_DL_DMS_PHI        ,N,N
2156,AN366039AD                    ,DL_DMS_PHI                    ,DATALAB_ALL_DL_DMS_PHI        ,N,N
2157,AN366039AD                    ,DL_DMS_PHI                    ,DATALAB_ALL_DL_DMS_PHI        ,N,N
2158,AN366039AD                    ,DL_DMS_PHI                    ,DATALAB_ALL_DL_DMS_PHI        ,N,N
2159,AN366039AD                    ,DL_DMS_PHI                    ,DATALAB_ALL_DL_DMS_PHI        ,N,N
2160,AN366039AD                    ,DL_DMS_PHI                    ,DATALAB_ALL_DL_DMS_PHI        ,N,N
2161,AN366039AD                    ,DL_DMS_PHI                    ,DATALAB_ALL_DL_DMS_PHI        ,N,N
2162,AN366039AD                    ,DL_DMS_PHI                    ,DATALAB_ALL_DL_DMS_PHI        ,N,N
2163,AN366039AD                    ,DL_DMS_PHI                    ,DATALAB_ALL_DL_DMS_PHI        ,N,N
2164,AN366039AD                    ,DL_DMS_PHI                    ,DATALAB_ALL_DL_DMS_PHI        ,N,N
2165,AN366039AD                    ,DL_DMS_PHI                    ,DATALAB_ALL_DL_DMS_PHI        ,N,N
2166,AN366039AD                    ,DL_DMS_PHI                    ,DATALAB_ALL_DL_DMS_PHI        ,N,N
2167,AN366039AD                    ,DL_DMS_PHI                    ,DATALAB_ALL_DL_DMS_PHI        ,N,N
2168,AN366039AD                    ,DL_DMS_PHI                    ,DATALAB_ALL_DL_DMS_PHI        ,N,N
2169,AN366039AD                    ,DL_DMS_PHI                    ,DATALAB_ALL_DL_DMS_PHI        ,N,N
2170,AN366039AD                    ,DL_DMS_PHI                    ,DATALAB_ALL_DL_DMS_PHI        ,N,N
2171,AN366039AD                    ,DL_DMS_PHI                    ,DATALAB_ALL_DL_DMS_PHI        ,N,N
2172,AN366039AD                    ,DL_DMS_PHI                    ,DATALAB_ALL_DL_DMS_PHI        ,N,N
2173,AN366039AD                    ,DL_DMS_PHI                    ,RL_COMMON                     ,N,N
2174,AN366039AD                    ,DL_PM_TM_VBESAB01             ,RL_COMMON                     ,N,N
2175,AN396909AD                    ,DL_AA_TM_MAM_S                ,RL_COMMON                     ,N,N
2176,AN396909AD                    ,DL_AQI_GBD_PHI                ,RL_COMMON                     ,N,N
2177,AN396909AD                    ,DL_AQI_MBRSHP_PHI             ,RL_COMMON                     ,N,N
2178,AN396909AD                    ,DL_AQI_MDCR_QDM               ,RL_COMMON                     ,N,N
2179,AN396909AD                    ,DL_AQI_PHI                    ,RL_COMMON                     ,N,N
2180,AN396909AD                    ,DL_AQI_SL_IDW_PHI             ,RL_COMMON                     ,N,N
2181,AN396909AD                    ,DL_CLIN_AFF                   ,RL_COMMON                     ,N,N
2182,AN396909AD                    ,DL_DMS_PHI                    ,DATALAB_ALL_DL_DMS_PHI        ,N,N
2183,AN396909AD                    ,DL_DMS_PHI                    ,DATALAB_ALL_DL_DMS_PHI        ,N,N
2184,AN396909AD                    ,DL_DMS_PHI                    ,DATALAB_ALL_DL_DMS_PHI        ,N,N
2185,AN396909AD                    ,DL_DMS_PHI                    ,DATALAB_ALL_DL_DMS_PHI        ,N,N
2186,AN396909AD                    ,DL_DMS_PHI                    ,DATALAB_ALL_DL_DMS_PHI        ,N,N
2187,AN396909AD                    ,DL_DMS_PHI                    ,DATALAB_ALL_DL_DMS_PHI        ,N,N
2188,AN396909AD                    ,DL_DMS_PHI                    ,DATALAB_ALL_DL_DMS_PHI        ,N,N
2189,AN396909AD                    ,DL_DMS_PHI                    ,DATALAB_ALL_DL_DMS_PHI        ,N,N
2190,AN396909AD                    ,DL_DMS_PHI                    ,DATALAB_ALL_DL_DMS_PHI        ,N,N
2191,AN396909AD                    ,DL_DMS_PHI                    ,DATALAB_ALL_DL_DMS_PHI        ,N,N
2192,AN396909AD                    ,DL_DMS_PHI                    ,DATALAB_ALL_DL_DMS_PHI        ,N,N
2193,AN396909AD                    ,DL_DMS_PHI                    ,DATALAB_ALL_DL_DMS_PHI        ,N,N
2194,AN396909AD                    ,DL_DMS_PHI                    ,DATALAB_ALL_DL_DMS_PHI        ,N,N
2195,AN396909AD                    ,DL_DMS_PHI                    ,DATALAB_ALL_DL_DMS_PHI        ,N,N
2196,AN396909AD                    ,DL_DMS_PHI                    ,DATALAB_ALL_DL_DMS_PHI        ,N,N
2197,AN396909AD                    ,DL_DMS_PHI                    ,DATALAB_ALL_DL_DMS_PHI        ,N,N
2198,AN396909AD                    ,DL_DMS_PHI                    ,DATALAB_ALL_DL_DMS_PHI        ,N,N
2199,AN396909AD                    ,DL_DMS_PHI                    ,DATALAB_ALL_DL_DMS_PHI        ,N,N
2200,AN396909AD                    ,DL_DMS_PHI                    ,DATALAB_ALL_DL_DMS_PHI        ,N,N
2201,AN396909AD                    ,DL_DMS_PHI                    ,RL_COMMON                     ,N,N
2202,AN396909AD                    ,DL_PM_TM_VBESAB01             ,RL_COMMON                     ,N,N
2203,AN422299AD                    ,DL_AA_TM_MAM_S                ,RL_COMMON                     ,N,N
2204,AN422299AD                    ,DL_AQI_GBD_PHI                ,RL_COMMON                     ,N,N
2205,AN422299AD                    ,DL_AQI_MBRSHP_PHI             ,RL_COMMON                     ,N,N
2206,AN422299AD                    ,DL_AQI_MDCR_QDM               ,RL_COMMON                     ,N,N
2207,AN422299AD                    ,DL_AQI_PHI                    ,RL_COMMON                     ,N,N
2208,AN422299AD                    ,DL_AQI_SL_IDW_PHI             ,RL_COMMON                     ,N,N
2209,AN422299AD                    ,DL_CLIN_AFF                   ,RL_COMMON                     ,N,N
2210,AN422299AD                    ,DL_DMS_PHI                    ,DATALAB_ALL_DL_DMS_PHI        ,N,N
2211,AN422299AD                    ,DL_DMS_PHI                    ,DATALAB_ALL_DL_DMS_PHI        ,N,N
2212,AN422299AD                    ,DL_DMS_PHI                    ,DATALAB_ALL_DL_DMS_PHI        ,N,N
2213,AN422299AD                    ,DL_DMS_PHI                    ,DATALAB_ALL_DL_DMS_PHI        ,N,N
2214,AN422299AD                    ,DL_DMS_PHI                    ,DATALAB_ALL_DL_DMS_PHI        ,N,N
2215,AN422299AD                    ,DL_DMS_PHI                    ,DATALAB_ALL_DL_DMS_PHI        ,N,N
2216,AN422299AD                    ,DL_DMS_PHI                    ,DATALAB_ALL_DL_DMS_PHI        ,N,N
2217,AN422299AD                    ,DL_DMS_PHI                    ,DATALAB_ALL_DL_DMS_PHI        ,N,N
2218,AN422299AD                    ,DL_DMS_PHI                    ,DATALAB_ALL_DL_DMS_PHI        ,N,N
2219,AN422299AD                    ,DL_DMS_PHI                    ,DATALAB_ALL_DL_DMS_PHI        ,N,N
2220,AN422299AD                    ,DL_DMS_PHI                    ,DATALAB_ALL_DL_DMS_PHI        ,N,N
2221,AN422299AD                    ,DL_DMS_PHI                    ,DATALAB_ALL_DL_DMS_PHI        ,N,N
2222,AN422299AD                    ,DL_DMS_PHI                    ,DATALAB_ALL_DL_DMS_PHI        ,N,N
2223,AN422299AD                    ,DL_DMS_PHI                    ,DATALAB_ALL_DL_DMS_PHI        ,N,N
2224,AN422299AD                    ,DL_DMS_PHI                    ,DATALAB_ALL_DL_DMS_PHI        ,N,N
2225,AN422299AD                    ,DL_DMS_PHI                    ,DATALAB_ALL_DL_DMS_PHI        ,N,N
2226,AN422299AD                    ,DL_DMS_PHI                    ,DATALAB_ALL_DL_DMS_PHI        ,N,N
2227,AN422299AD                    ,DL_DMS_PHI                    ,DATALAB_ALL_DL_DMS_PHI        ,N,N
2228,AN422299AD                    ,DL_DMS_PHI                    ,DATALAB_ALL_DL_DMS_PHI        ,N,N
2229,AN422299AD                    ,DL_DMS_PHI                    ,RL_COMMON                     ,N,N
2230,AN422299AD                    ,DL_PM_TM_VBESAB01             ,RL_COMMON                     ,N,N
2231,AN424035AD                    ,DL_AA_TM_MAM_S                ,RL_COMMON                     ,N,N
2232,AN424035AD                    ,DL_AQI_GBD_PHI                ,RL_COMMON                     ,N,N
2233,AN424035AD                    ,DL_AQI_MBRSHP_PHI             ,RL_COMMON                     ,N,N
2234,AN424035AD                    ,DL_AQI_MDCR_QDM               ,RL_COMMON                     ,N,N
2235,AN424035AD                    ,DL_AQI_PHI                    ,RL_COMMON                     ,N,N
2236,AN424035AD                    ,DL_AQI_SL_IDW_PHI             ,RL_COMMON                     ,N,N
2237,AN424035AD                    ,DL_CLIN_AFF                   ,RL_COMMON                     ,N,N
2238,AN424035AD                    ,DL_DMS_PHI                    ,DATALAB_ALL_DL_DMS_PHI        ,N,N
2239,AN424035AD                    ,DL_DMS_PHI                    ,DATALAB_ALL_DL_DMS_PHI        ,N,N
2240,AN424035AD                    ,DL_DMS_PHI                    ,DATALAB_ALL_DL_DMS_PHI        ,N,N
2241,AN424035AD                    ,DL_DMS_PHI                    ,DATALAB_ALL_DL_DMS_PHI        ,N,N
2242,AN424035AD                    ,DL_DMS_PHI                    ,DATALAB_ALL_DL_DMS_PHI        ,N,N
2243,AN424035AD                    ,DL_DMS_PHI                    ,DATALAB_ALL_DL_DMS_PHI        ,N,N
2244,AN424035AD                    ,DL_DMS_PHI                    ,DATALAB_ALL_DL_DMS_PHI        ,N,N
2245,AN424035AD                    ,DL_DMS_PHI                    ,DATALAB_ALL_DL_DMS_PHI        ,N,N
2246,AN424035AD                    ,DL_DMS_PHI                    ,DATALAB_ALL_DL_DMS_PHI        ,N,N
2247,AN424035AD                    ,DL_DMS_PHI                    ,DATALAB_ALL_DL_DMS_PHI        ,N,N
2248,AN424035AD                    ,DL_DMS_PHI                    ,DATALAB_ALL_DL_DMS_PHI        ,N,N
2249,AN424035AD                    ,DL_DMS_PHI                    ,DATALAB_ALL_DL_DMS_PHI        ,N,N
2250,AN424035AD                    ,DL_DMS_PHI                    ,DATALAB_ALL_DL_DMS_PHI        ,N,N
2251,AN424035AD                    ,DL_DMS_PHI                    ,DATALAB_ALL_DL_DMS_PHI        ,N,N
2252,AN424035AD                    ,DL_DMS_PHI                    ,DATALAB_ALL_DL_DMS_PHI        ,N,N
2253,AN424035AD                    ,DL_DMS_PHI                    ,DATALAB_ALL_DL_DMS_PHI        ,N,N
2254,AN424035AD                    ,DL_DMS_PHI                    ,DATALAB_ALL_DL_DMS_PHI        ,N,N
2255,AN424035AD                    ,DL_DMS_PHI                    ,DATALAB_ALL_DL_DMS_PHI        ,N,N
2256,AN424035AD                    ,DL_DMS_PHI                    ,DATALAB_ALL_DL_DMS_PHI        ,N,N
2257,AN424035AD                    ,DL_DMS_PHI                    ,RL_COMMON                     ,N,N
2258,AN424035AD                    ,DL_PM_TM_VBESAB01             ,RL_COMMON                     ,N,N
2259,AN443313AD                    ,DL_AA_TM_MAM_S                ,RL_COMMON                     ,N,N
2260,AN443313AD                    ,DL_AQI_GBD_PHI                ,RL_COMMON                     ,N,N
2261,AN443313AD                    ,DL_AQI_MBRSHP_PHI             ,RL_COMMON                     ,N,N
2262,AN443313AD                    ,DL_AQI_MDCR_QDM               ,RL_COMMON                     ,N,N
2263,AN443313AD                    ,DL_AQI_PHI                    ,RL_COMMON                     ,N,N
2264,AN443313AD                    ,DL_AQI_SL_IDW_PHI             ,RL_COMMON                     ,N,N
2265,AN443313AD                    ,DL_CLIN_AFF                   ,RL_COMMON                     ,N,N
2266,AN443313AD                    ,DL_DMS_PHI                    ,DATALAB_ALL_DL_DMS_PHI        ,N,N
2267,AN443313AD                    ,DL_DMS_PHI                    ,DATALAB_ALL_DL_DMS_PHI        ,N,N
2268,AN443313AD                    ,DL_DMS_PHI                    ,DATALAB_ALL_DL_DMS_PHI        ,N,N
2269,AN443313AD                    ,DL_DMS_PHI                    ,DATALAB_ALL_DL_DMS_PHI        ,N,N
2270,AN443313AD                    ,DL_DMS_PHI                    ,DATALAB_ALL_DL_DMS_PHI        ,N,N
2271,AN443313AD                    ,DL_DMS_PHI                    ,DATALAB_ALL_DL_DMS_PHI        ,N,N
2272,AN443313AD                    ,DL_DMS_PHI                    ,DATALAB_ALL_DL_DMS_PHI        ,N,N
2273,AN443313AD                    ,DL_DMS_PHI                    ,DATALAB_ALL_DL_DMS_PHI        ,N,N
2274,AN443313AD                    ,DL_DMS_PHI                    ,DATALAB_ALL_DL_DMS_PHI        ,N,N
2275,AN443313AD                    ,DL_DMS_PHI                    ,DATALAB_ALL_DL_DMS_PHI        ,N,N
2276,AN443313AD                    ,DL_DMS_PHI                    ,DATALAB_ALL_DL_DMS_PHI        ,N,N
2277,AN443313AD                    ,DL_DMS_PHI                    ,DATALAB_ALL_DL_DMS_PHI        ,N,N
2278,AN443313AD                    ,DL_DMS_PHI                    ,DATALAB_ALL_DL_DMS_PHI        ,N,N
2279,AN443313AD                    ,DL_DMS_PHI                    ,DATALAB_ALL_DL_DMS_PHI        ,N,N
2280,AN443313AD                    ,DL_DMS_PHI                    ,DATALAB_ALL_DL_DMS_PHI        ,N,N
2281,AN443313AD                    ,DL_DMS_PHI                    ,DATALAB_ALL_DL_DMS_PHI        ,N,N
2282,AN443313AD                    ,DL_DMS_PHI                    ,DATALAB_ALL_DL_DMS_PHI        ,N,N
2283,AN443313AD                    ,DL_DMS_PHI                    ,DATALAB_ALL_DL_DMS_PHI        ,N,N
2284,AN443313AD                    ,DL_DMS_PHI                    ,DATALAB_ALL_DL_DMS_PHI        ,N,N
2285,AN443313AD                    ,DL_DMS_PHI                    ,RL_COMMON                     ,N,N
2286,AN443313AD                    ,DL_PM_TM_VBESAB01             ,RL_COMMON                     ,N,N
2287,AN524101AD                    ,DL_AA_TM_MAM_S                ,RL_COMMON                     ,N,N
2288,AN524101AD                    ,DL_AQI_GBD_PHI                ,RL_COMMON                     ,N,N
2289,AN524101AD                    ,DL_AQI_MBRSHP_PHI             ,RL_COMMON                     ,N,N
2290,AN524101AD                    ,DL_AQI_MDCR_QDM               ,RL_COMMON                     ,N,N
2291,AN524101AD                    ,DL_AQI_PHI                    ,RL_COMMON                     ,N,N
2292,AN524101AD                    ,DL_AQI_SL_IDW_PHI             ,RL_COMMON                     ,N,N
2293,AN524101AD                    ,DL_CLIN_AFF                   ,RL_COMMON                     ,N,N
2294,AN524101AD                    ,DL_DMS_PHI                    ,DATALAB_ALL_DL_DMS_PHI        ,N,N
2295,AN524101AD                    ,DL_DMS_PHI                    ,DATALAB_ALL_DL_DMS_PHI        ,N,N
2296,AN524101AD                    ,DL_DMS_PHI                    ,DATALAB_ALL_DL_DMS_PHI        ,N,N
2297,AN524101AD                    ,DL_DMS_PHI                    ,DATALAB_ALL_DL_DMS_PHI        ,N,N
2298,AN524101AD                    ,DL_DMS_PHI                    ,DATALAB_ALL_DL_DMS_PHI        ,N,N
2299,AN524101AD                    ,DL_DMS_PHI                    ,DATALAB_ALL_DL_DMS_PHI        ,N,N
2300,AN524101AD                    ,DL_DMS_PHI                    ,DATALAB_ALL_DL_DMS_PHI        ,N,N
2301,AN524101AD                    ,DL_DMS_PHI                    ,DATALAB_ALL_DL_DMS_PHI        ,N,N
2302,AN524101AD                    ,DL_DMS_PHI                    ,DATALAB_ALL_DL_DMS_PHI        ,N,N
2303,AN524101AD                    ,DL_DMS_PHI                    ,DATALAB_ALL_DL_DMS_PHI        ,N,N
2304,AN524101AD                    ,DL_DMS_PHI                    ,DATALAB_ALL_DL_DMS_PHI        ,N,N
2305,AN524101AD                    ,DL_DMS_PHI                    ,DATALAB_ALL_DL_DMS_PHI        ,N,N
2306,AN524101AD                    ,DL_DMS_PHI                    ,DATALAB_ALL_DL_DMS_PHI        ,N,N
2307,AN524101AD                    ,DL_DMS_PHI                    ,DATALAB_ALL_DL_DMS_PHI        ,N,N
2308,AN524101AD                    ,DL_DMS_PHI                    ,DATALAB_ALL_DL_DMS_PHI        ,N,N
2309,AN524101AD                    ,DL_DMS_PHI                    ,DATALAB_ALL_DL_DMS_PHI        ,N,N
2310,AN524101AD                    ,DL_DMS_PHI                    ,DATALAB_ALL_DL_DMS_PHI        ,N,N
2311,AN524101AD                    ,DL_DMS_PHI                    ,DATALAB_ALL_DL_DMS_PHI        ,N,N
2312,AN524101AD                    ,DL_DMS_PHI                    ,DATALAB_ALL_DL_DMS_PHI        ,N,N
2313,AN524101AD                    ,DL_DMS_PHI                    ,RL_COMMON                     ,N,N
2314,AN524101AD                    ,DL_PM_TM_VBESAB01             ,RL_COMMON                     ,N,N
2315,AN718850AD                    ,DL_AA_TM_MAM_S                ,RL_COMMON                     ,N,N
2316,AN718850AD                    ,DL_AQI_GBD_PHI                ,RL_COMMON                     ,N,N
2317,AN718850AD                    ,DL_AQI_MBRSHP_PHI             ,RL_COMMON                     ,N,N
2318,AN718850AD                    ,DL_AQI_MDCR_QDM               ,RL_COMMON                     ,N,N
2319,AN718850AD                    ,DL_AQI_PHI                    ,RL_COMMON                     ,N,N
2320,AN718850AD                    ,DL_AQI_SL_IDW_PHI             ,RL_COMMON                     ,N,N
2321,AN718850AD                    ,DL_CLIN_AFF                   ,RL_COMMON                     ,N,N
2322,AN718850AD                    ,DL_DMS_PHI                    ,DATALAB_ALL_DL_DMS_PHI        ,N,N
2323,AN718850AD                    ,DL_DMS_PHI                    ,DATALAB_ALL_DL_DMS_PHI        ,N,N
2324,AN718850AD                    ,DL_DMS_PHI                    ,DATALAB_ALL_DL_DMS_PHI        ,N,N
2325,AN718850AD                    ,DL_DMS_PHI                    ,DATALAB_ALL_DL_DMS_PHI        ,N,N
2326,AN718850AD                    ,DL_DMS_PHI                    ,DATALAB_ALL_DL_DMS_PHI        ,N,N
2327,AN718850AD                    ,DL_DMS_PHI                    ,DATALAB_ALL_DL_DMS_PHI        ,N,N
2328,AN718850AD                    ,DL_DMS_PHI                    ,DATALAB_ALL_DL_DMS_PHI        ,N,N
2329,AN718850AD                    ,DL_DMS_PHI                    ,DATALAB_ALL_DL_DMS_PHI        ,N,N
2330,AN718850AD                    ,DL_DMS_PHI                    ,DATALAB_ALL_DL_DMS_PHI        ,N,N
2331,AN718850AD                    ,DL_DMS_PHI                    ,DATALAB_ALL_DL_DMS_PHI        ,N,N
2332,AN718850AD                    ,DL_DMS_PHI                    ,DATALAB_ALL_DL_DMS_PHI        ,N,N
2333,AN718850AD                    ,DL_DMS_PHI                    ,DATALAB_ALL_DL_DMS_PHI        ,N,N
2334,AN718850AD                    ,DL_DMS_PHI                    ,DATALAB_ALL_DL_DMS_PHI        ,N,N
2335,AN718850AD                    ,DL_DMS_PHI                    ,DATALAB_ALL_DL_DMS_PHI        ,N,N
2336,AN718850AD                    ,DL_DMS_PHI                    ,DATALAB_ALL_DL_DMS_PHI        ,N,N
2337,AN718850AD                    ,DL_DMS_PHI                    ,DATALAB_ALL_DL_DMS_PHI        ,N,N
2338,AN718850AD                    ,DL_DMS_PHI                    ,DATALAB_ALL_DL_DMS_PHI        ,N,N
2339,AN718850AD                    ,DL_DMS_PHI                    ,DATALAB_ALL_DL_DMS_PHI        ,N,N
2340,AN718850AD                    ,DL_DMS_PHI                    ,DATALAB_ALL_DL_DMS_PHI        ,N,N
2341,AN718850AD                    ,DL_DMS_PHI                    ,RL_COMMON                     ,N,N
2342,AN718850AD                    ,DL_PM_TM_VBESAB01             ,RL_COMMON                     ,N,N
2343,AN848327AD                    ,DL_AA_TM_MAM_S                ,RL_COMMON                     ,N,N
2344,AN848327AD                    ,DL_AQI_GBD_PHI                ,RL_COMMON                     ,N,N
2345,AN848327AD                    ,DL_AQI_MBRSHP_PHI             ,RL_COMMON                     ,N,N
2346,AN848327AD                    ,DL_AQI_MDCR_QDM               ,RL_COMMON                     ,N,N
2347,AN848327AD                    ,DL_AQI_PHI                    ,RL_COMMON                     ,N,N
2348,AN848327AD                    ,DL_AQI_SL_IDW_PHI             ,RL_COMMON                     ,N,N
2349,AN848327AD                    ,DL_CLIN_AFF                   ,RL_COMMON                     ,N,N
2350,AN848327AD                    ,DL_DMS_PHI                    ,DATALAB_ALL_DL_DMS_PHI        ,N,N
2351,AN848327AD                    ,DL_DMS_PHI                    ,DATALAB_ALL_DL_DMS_PHI        ,N,N
2352,AN848327AD                    ,DL_DMS_PHI                    ,DATALAB_ALL_DL_DMS_PHI        ,N,N
2353,AN848327AD                    ,DL_DMS_PHI                    ,DATALAB_ALL_DL_DMS_PHI        ,N,N
2354,AN848327AD                    ,DL_DMS_PHI                    ,DATALAB_ALL_DL_DMS_PHI        ,N,N
2355,AN848327AD                    ,DL_DMS_PHI                    ,DATALAB_ALL_DL_DMS_PHI        ,N,N
2356,AN848327AD                    ,DL_DMS_PHI                    ,DATALAB_ALL_DL_DMS_PHI        ,N,N
2357,AN848327AD                    ,DL_DMS_PHI                    ,DATALAB_ALL_DL_DMS_PHI        ,N,N
2358,AN848327AD                    ,DL_DMS_PHI                    ,DATALAB_ALL_DL_DMS_PHI        ,N,N
2359,AN848327AD                    ,DL_DMS_PHI                    ,DATALAB_ALL_DL_DMS_PHI        ,N,N
2360,AN848327AD                    ,DL_DMS_PHI                    ,DATALAB_ALL_DL_DMS_PHI        ,N,N
2361,AN848327AD                    ,DL_DMS_PHI                    ,DATALAB_ALL_DL_DMS_PHI        ,N,N
2362,AN848327AD                    ,DL_DMS_PHI                    ,DATALAB_ALL_DL_DMS_PHI        ,N,N
2363,AN848327AD                    ,DL_DMS_PHI                    ,DATALAB_ALL_DL_DMS_PHI        ,N,N
2364,AN848327AD                    ,DL_DMS_PHI                    ,DATALAB_ALL_DL_DMS_PHI        ,N,N
2365,AN848327AD                    ,DL_DMS_PHI                    ,DATALAB_ALL_DL_DMS_PHI        ,N,N
2366,AN848327AD                    ,DL_DMS_PHI                    ,DATALAB_ALL_DL_DMS_PHI        ,N,N
2367,AN848327AD                    ,DL_DMS_PHI                    ,DATALAB_ALL_DL_DMS_PHI        ,N,N
2368,AN848327AD                    ,DL_DMS_PHI                    ,DATALAB_ALL_DL_DMS_PHI        ,N,N
2369,AN848327AD                    ,DL_DMS_PHI                    ,RL_COMMON                     ,N,N
2370,AN848327AD                    ,DL_PM_TM_VBESAB01             ,RL_COMMON                     ,N,N
2371,AN848577AD                    ,DL_AA_TM_MAM_S                ,RL_COMMON                     ,N,N
2372,AN848577AD                    ,DL_AQI_GBD_PHI                ,RL_COMMON                     ,N,N
2373,AN848577AD                    ,DL_AQI_MBRSHP_PHI             ,RL_COMMON                     ,N,N
2374,AN848577AD                    ,DL_AQI_MDCR_QDM               ,RL_COMMON                     ,N,N
2375,AN848577AD                    ,DL_AQI_PHI                    ,RL_COMMON                     ,N,N
2376,AN848577AD                    ,DL_AQI_SL_IDW_PHI             ,RL_COMMON                     ,N,N
2377,AN848577AD                    ,DL_CLIN_AFF                   ,RL_COMMON                     ,N,N
2378,AN848577AD                    ,DL_DMS_PHI                    ,RL_COMMON                     ,N,N
2379,AN848577AD                    ,DL_PM_TM_VBESAB01             ,RL_COMMON                     ,N,N
2380,AN961590AD                    ,DL_AA_TM_MAM_S                ,RL_COMMON                     ,N,N
2381,AN961590AD                    ,DL_AQI_GBD_PHI                ,RL_COMMON                     ,N,N
2382,AN961590AD                    ,DL_AQI_MBRSHP_PHI             ,RL_COMMON                     ,N,N
2383,AN961590AD                    ,DL_AQI_MDCR_QDM               ,RL_COMMON                     ,N,N
2384,AN961590AD                    ,DL_AQI_PHI                    ,RL_COMMON                     ,N,N
2385,AN961590AD                    ,DL_AQI_SL_IDW_PHI             ,RL_COMMON                     ,N,N
2386,AN961590AD                    ,DL_CLIN_AFF                   ,RL_COMMON                     ,N,N
2387,AN961590AD                    ,DL_DMS_PHI                    ,DATALAB_ALL_DL_DMS_PHI        ,N,N
2388,AN961590AD                    ,DL_DMS_PHI                    ,DATALAB_ALL_DL_DMS_PHI        ,N,N
2389,AN961590AD                    ,DL_DMS_PHI                    ,DATALAB_ALL_DL_DMS_PHI        ,N,N
2390,AN961590AD                    ,DL_DMS_PHI                    ,DATALAB_ALL_DL_DMS_PHI        ,N,N
2391,AN961590AD                    ,DL_DMS_PHI                    ,DATALAB_ALL_DL_DMS_PHI        ,N,N
2392,AN961590AD                    ,DL_DMS_PHI                    ,DATALAB_ALL_DL_DMS_PHI        ,N,N
2393,AN961590AD                    ,DL_DMS_PHI                    ,DATALAB_ALL_DL_DMS_PHI        ,N,N
2394,AN961590AD                    ,DL_DMS_PHI                    ,DATALAB_ALL_DL_DMS_PHI        ,N,N
2395,AN961590AD                    ,DL_DMS_PHI                    ,DATALAB_ALL_DL_DMS_PHI        ,N,N
2396,AN961590AD                    ,DL_DMS_PHI                    ,DATALAB_ALL_DL_DMS_PHI        ,N,N
2397,AN961590AD                    ,DL_DMS_PHI                    ,DATALAB_ALL_DL_DMS_PHI        ,N,N
2398,AN961590AD                    ,DL_DMS_PHI                    ,DATALAB_ALL_DL_DMS_PHI        ,N,N
2399,AN961590AD                    ,DL_DMS_PHI                    ,DATALAB_ALL_DL_DMS_PHI        ,N,N
2400,AN961590AD                    ,DL_DMS_PHI                    ,DATALAB_ALL_DL_DMS_PHI        ,N,N
2401,AN961590AD                    ,DL_DMS_PHI                    ,DATALAB_ALL_DL_DMS_PHI        ,N,N
2402,AN961590AD                    ,DL_DMS_PHI                    ,DATALAB_ALL_DL_DMS_PHI        ,N,N
2403,AN961590AD                    ,DL_DMS_PHI                    ,DATALAB_ALL_DL_DMS_PHI        ,N,N
2404,AN961590AD                    ,DL_DMS_PHI                    ,DATALAB_ALL_DL_DMS_PHI        ,N,N
2405,AN961590AD                    ,DL_DMS_PHI                    ,DATALAB_ALL_DL_DMS_PHI        ,N,N
2406,AN961590AD                    ,DL_DMS_PHI                    ,RL_COMMON                     ,N,N
2407,AN961590AD                    ,DL_PM_TM_VBESAB01             ,RL_COMMON                     ,N,N
2408,AN988236AD                    ,DL_AA_TM_MAM_S                ,RL_COMMON                     ,N,N
2409,AN988236AD                    ,DL_AQI_GBD_PHI                ,RL_COMMON                     ,N,N
2410,AN988236AD                    ,DL_AQI_MBRSHP_PHI             ,RL_COMMON                     ,N,N
2411,AN988236AD                    ,DL_AQI_MDCR_QDM               ,RL_COMMON                     ,N,N
2412,AN988236AD                    ,DL_AQI_PHI                    ,RL_COMMON                     ,N,N
2413,AN988236AD                    ,DL_AQI_SL_IDW_PHI             ,RL_COMMON                     ,N,N
2414,AN988236AD                    ,DL_CLIN_AFF                   ,RL_COMMON                     ,N,N
2415,AN988236AD                    ,DL_DMS_PHI                    ,RL_COMMON                     ,N,N
2416,AN988236AD                    ,DL_PM_TM_VBESAB01             ,RL_COMMON                     ,N,N
2417,BRADLSH                       ,DL_AA_TM_MAM_S                ,RL_COMMON                     ,N,N
2418,BRADLSH                       ,DL_AQI_GBD_PHI                ,RL_COMMON                     ,N,N
2419,BRADLSH                       ,DL_AQI_MBRSHP_PHI             ,RL_COMMON                     ,N,N
2420,BRADLSH                       ,DL_AQI_MDCR_QDM               ,RL_COMMON                     ,N,N
2421,BRADLSH                       ,DL_AQI_PHI                    ,RL_COMMON                     ,N,N
2422,BRADLSH                       ,DL_AQI_SL_IDW_PHI             ,RL_COMMON                     ,N,N
2423,BRADLSH                       ,DL_CLIN_AFF                   ,RL_COMMON                     ,N,N
2424,BRADLSH                       ,DL_DMS_PHI                    ,DATALAB_ALL_DL_DMS_PHI        ,N,N
2425,BRADLSH                       ,DL_DMS_PHI                    ,DATALAB_ALL_DL_DMS_PHI        ,N,N
2426,BRADLSH                       ,DL_DMS_PHI                    ,DATALAB_ALL_DL_DMS_PHI        ,N,N
2427,BRADLSH                       ,DL_DMS_PHI                    ,DATALAB_ALL_DL_DMS_PHI        ,N,N
2428,BRADLSH                       ,DL_DMS_PHI                    ,DATALAB_ALL_DL_DMS_PHI        ,N,N
2429,BRADLSH                       ,DL_DMS_PHI                    ,DATALAB_ALL_DL_DMS_PHI        ,N,N
2430,BRADLSH                       ,DL_DMS_PHI                    ,DATALAB_ALL_DL_DMS_PHI        ,N,N
2431,BRADLSH                       ,DL_DMS_PHI                    ,DATALAB_ALL_DL_DMS_PHI        ,N,N
2432,BRADLSH                       ,DL_DMS_PHI                    ,DATALAB_ALL_DL_DMS_PHI        ,N,N
2433,BRADLSH                       ,DL_DMS_PHI                    ,DATALAB_ALL_DL_DMS_PHI        ,N,N
2434,BRADLSH                       ,DL_DMS_PHI                    ,DATALAB_ALL_DL_DMS_PHI        ,N,N
2435,BRADLSH                       ,DL_DMS_PHI                    ,DATALAB_ALL_DL_DMS_PHI        ,N,N
2436,BRADLSH                       ,DL_DMS_PHI                    ,DATALAB_ALL_DL_DMS_PHI        ,N,N
2437,BRADLSH                       ,DL_DMS_PHI                    ,DATALAB_ALL_DL_DMS_PHI        ,N,N
2438,BRADLSH                       ,DL_DMS_PHI                    ,DATALAB_ALL_DL_DMS_PHI        ,N,N
2439,BRADLSH                       ,DL_DMS_PHI                    ,DATALAB_ALL_DL_DMS_PHI        ,N,N
2440,BRADLSH                       ,DL_DMS_PHI                    ,DATALAB_ALL_DL_DMS_PHI        ,N,N
2441,BRADLSH                       ,DL_DMS_PHI                    ,DATALAB_ALL_DL_DMS_PHI        ,N,N
2442,BRADLSH                       ,DL_DMS_PHI                    ,DATALAB_ALL_DL_DMS_PHI        ,N,N
2443,BRADLSH                       ,DL_DMS_PHI                    ,RL_COMMON                     ,N,N
2444,BRADLSH                       ,DL_PM_TM_VBESAB01             ,RL_COMMON                     ,N,N
2445,BURNSPL                       ,DL_AA_TM_MAM_S                ,RL_COMMON                     ,N,N
2446,BURNSPL                       ,DL_AQI_GBD_PHI                ,RL_COMMON                     ,N,N
2447,BURNSPL                       ,DL_AQI_MBRSHP_PHI             ,RL_COMMON                     ,N,N
2448,BURNSPL                       ,DL_AQI_MDCR_QDM               ,RL_COMMON                     ,N,N
2449,BURNSPL                       ,DL_AQI_PHI                    ,RL_COMMON                     ,N,N
2450,BURNSPL                       ,DL_AQI_SL_IDW_PHI             ,RL_COMMON                     ,N,N
2451,BURNSPL                       ,DL_CLIN_AFF                   ,RL_COMMON                     ,N,N
2452,BURNSPL                       ,DL_DMS_PHI                    ,DATALAB_ALL_DL_DMS_PHI        ,N,N
2453,BURNSPL                       ,DL_DMS_PHI                    ,DATALAB_ALL_DL_DMS_PHI        ,N,N
2454,BURNSPL                       ,DL_DMS_PHI                    ,DATALAB_ALL_DL_DMS_PHI        ,N,N
2455,BURNSPL                       ,DL_DMS_PHI                    ,DATALAB_ALL_DL_DMS_PHI        ,N,N
2456,BURNSPL                       ,DL_DMS_PHI                    ,DATALAB_ALL_DL_DMS_PHI        ,N,N
2457,BURNSPL                       ,DL_DMS_PHI                    ,DATALAB_ALL_DL_DMS_PHI        ,N,N
2458,BURNSPL                       ,DL_DMS_PHI                    ,DATALAB_ALL_DL_DMS_PHI        ,N,N
2459,BURNSPL                       ,DL_DMS_PHI                    ,DATALAB_ALL_DL_DMS_PHI        ,N,N
2460,BURNSPL                       ,DL_DMS_PHI                    ,DATALAB_ALL_DL_DMS_PHI        ,N,N
2461,BURNSPL                       ,DL_DMS_PHI                    ,DATALAB_ALL_DL_DMS_PHI        ,N,N
2462,BURNSPL                       ,DL_DMS_PHI                    ,DATALAB_ALL_DL_DMS_PHI        ,N,N
2463,BURNSPL                       ,DL_DMS_PHI                    ,DATALAB_ALL_DL_DMS_PHI        ,N,N
2464,BURNSPL                       ,DL_DMS_PHI                    ,DATALAB_ALL_DL_DMS_PHI        ,N,N
2465,BURNSPL                       ,DL_DMS_PHI                    ,DATALAB_ALL_DL_DMS_PHI        ,N,N
2466,BURNSPL                       ,DL_DMS_PHI                    ,DATALAB_ALL_DL_DMS_PHI        ,N,N
2467,BURNSPL                       ,DL_DMS_PHI                    ,DATALAB_ALL_DL_DMS_PHI        ,N,N
2468,BURNSPL                       ,DL_DMS_PHI                    ,DATALAB_ALL_DL_DMS_PHI        ,N,N
2469,BURNSPL                       ,DL_DMS_PHI                    ,DATALAB_ALL_DL_DMS_PHI        ,N,N
2470,BURNSPL                       ,DL_DMS_PHI                    ,DATALAB_ALL_DL_DMS_PHI        ,N,N
2471,BURNSPL                       ,DL_DMS_PHI                    ,RL_COMMON                     ,N,N
2472,BURNSPL                       ,DL_PM_TM_VBESAB01             ,RL_COMMON                     ,N,N
2473,COLLSTAT                      ,DL_AA_TM_MAM_S                ,RL_COMMON                     ,N,N
2474,COLLSTAT                      ,DL_AQI_GBD_PHI                ,RL_COMMON                     ,N,N
2475,COLLSTAT                      ,DL_AQI_MBRSHP_PHI             ,RL_COMMON                     ,N,N
2476,COLLSTAT                      ,DL_AQI_MDCR_QDM               ,RL_COMMON                     ,N,N
2477,COLLSTAT                      ,DL_AQI_PHI                    ,RL_COMMON                     ,N,N
2478,COLLSTAT                      ,DL_AQI_SL_IDW_PHI             ,RL_COMMON                     ,N,N
2479,COLLSTAT                      ,DL_CLIN_AFF                   ,RL_COMMON                     ,N,N
2480,COLLSTAT                      ,DL_DMS_PHI                    ,RL_COMMON                     ,N,N
2481,COLLSTAT                      ,DL_PM_TM_VBESAB01             ,RL_COMMON                     ,N,N
2482,DBAPROC                       ,DL_AA_TM_MAM_S                ,DATALAB_ALL_DL_EVAL_MMA       ,N,Y
2483,DBAPROC                       ,DL_AA_TM_MAM_S                ,DATALAB_ALL_DL_EVAL_MMA       ,N,Y
2484,DBAPROC                       ,DL_AA_TM_MAM_S                ,DATALAB_ALL_DL_EVAL_MMA       ,N,Y
2485,DBAPROC                       ,DL_AA_TM_MAM_S                ,DATALAB_ALL_DL_EVAL_MMA       ,N,Y
2486,DBAPROC                       ,DL_AA_TM_MAM_S                ,DATALAB_ALL_DL_EVAL_MMA       ,N,Y
2487,DBAPROC                       ,DL_AA_TM_MAM_S                ,DATALAB_ALL_DL_EVAL_MMA       ,N,Y
2488,DBAPROC                       ,DL_AA_TM_MAM_S                ,DATALAB_ALL_DL_EVAL_MMA       ,N,Y
2489,DBAPROC                       ,DL_AA_TM_MAM_S                ,DATALAB_ALL_DL_EVAL_MMA       ,N,Y
2490,DBAPROC                       ,DL_AA_TM_MAM_S                ,DATALAB_ALL_DL_EVAL_MMA       ,N,Y
2491,DBAPROC                       ,DL_AA_TM_MAM_S                ,DATALAB_ALL_DL_EVAL_MMA       ,N,Y
2492,DBAPROC                       ,DL_AA_TM_MAM_S                ,DATALAB_ALL_DL_EVAL_MMA       ,N,Y
2493,DBAPROC                       ,DL_AA_TM_MAM_S                ,DATALAB_ALL_DL_EVAL_MMA       ,N,Y
2494,DBAPROC                       ,DL_AA_TM_MAM_S                ,DATALAB_ALL_DL_EVAL_MMA       ,N,Y
2495,DBAPROC                       ,DL_AA_TM_MAM_S                ,DATALAB_ALL_DL_EVAL_MMA       ,N,Y
2496,DBAPROC                       ,DL_AA_TM_MAM_S                ,DATALAB_ALL_DL_EVAL_MMA       ,N,Y
2497,DBAPROC                       ,DL_AA_TM_MAM_S                ,DATALAB_ALL_DL_EVAL_MMA       ,N,Y
2498,DBAPROC                       ,DL_AA_TM_MAM_S                ,DATALAB_ALL_DL_EVAL_MMA       ,N,Y
2499,DBAPROC                       ,DL_AA_TM_MAM_S                ,DATALAB_ALL_DL_EVAL_MMA       ,N,Y
2500,DBAPROC                       ,DL_AA_TM_MAM_S                ,DATALAB_ALL_DL_EVAL_MMA       ,N,Y
2501,DBAPROC                       ,DL_AA_TM_MAM_S                ,DATALAB_READ_DL_EVAL_MMA      ,N,Y
2502,DBAPROC                       ,DL_AA_TM_MAM_S                ,DATALAB_READ_DL_EVAL_MMA      ,N,Y
2503,DBAPROC                       ,DL_AA_TM_MAM_S                ,DATALAB_READ_DL_EVAL_MMA      ,N,Y
2504,DBAPROC                       ,DL_AA_TM_MAM_S                ,DATALAB_READ_DL_EVAL_MMA      ,N,Y
2505,DBAPROC                       ,DL_AA_TM_MAM_S                ,DATALAB_READ_DL_EVAL_MMA      ,N,Y
2506,DBAPROC                       ,DL_AA_TM_MAM_S                ,DATALAB_READ_DL_EVAL_MMA      ,N,Y
2507,DBAPROC                       ,DL_AA_TM_MAM_S                ,DATALAB_READ_DL_EVAL_MMA      ,N,Y
2508,DBAPROC                       ,DL_AA_TM_MAM_S                ,DATALAB_READ_DL_EVAL_MMA      ,N,Y
2509,DBAPROC                       ,DL_AA_TM_MAM_S                ,DATALAB_READ_DL_EVAL_MMA      ,N,Y
2510,DBAPROC                       ,DL_AA_TM_MAM_S                ,DATALAB_READ_DL_EVAL_MMA      ,N,Y
2511,DBAPROC                       ,DL_AA_TM_MAM_S                ,DATALAB_READ_DL_EVAL_MMA      ,N,Y
2512,DBAPROC                       ,DL_AA_TM_MAM_S                ,DATALAB_READ_DL_EVAL_MMA      ,N,Y
2513,DBAPROC                       ,DL_AA_TM_MAM_S                ,DATALAB_READ_DL_EVAL_MMA      ,N,Y
2514,DBAPROC                       ,DL_AA_TM_MAM_S                ,DATALAB_READ_DL_EVAL_MMA      ,N,Y
2515,DBAPROC                       ,DL_AA_TM_MAM_S                ,DATALAB_READ_DL_EVAL_MMA      ,N,Y
2516,DBAPROC                       ,DL_AA_TM_MAM_S                ,DATALAB_READ_DL_EVAL_MMA      ,N,Y
2517,DBAPROC                       ,DL_AA_TM_MAM_S                ,DATALAB_READ_DL_EVAL_MMA      ,N,Y
2518,DBAPROC                       ,DL_AA_TM_MAM_S                ,DATALAB_READ_DL_EVAL_MMA      ,N,Y
2519,DBAPROC                       ,DL_AA_TM_MAM_S                ,DATALAB_READ_DL_EVAL_MMA      ,N,Y
2520,DBAPROC                       ,DL_AA_TM_MAM_S                ,DBA                           ,N,Y
2521,DBAPROC                       ,DL_AA_TM_MAM_S                ,DBA                           ,N,Y
2522,DBAPROC                       ,DL_AA_TM_MAM_S                ,DBA                           ,N,Y
2523,DBAPROC                       ,DL_AA_TM_MAM_S                ,DBA                           ,N,Y
2524,DBAPROC                       ,DL_AA_TM_MAM_S                ,DBA                           ,N,Y
2525,DBAPROC                       ,DL_AA_TM_MAM_S                ,DBA                           ,N,Y
2526,DBAPROC                       ,DL_AA_TM_MAM_S                ,labs_DL_AAE_LG_def            ,N,Y
2527,DBAPROC                       ,DL_AA_TM_MAM_S                ,labs_DL_AAE_LG_def            ,N,Y
2528,DBAPROC                       ,DL_AA_TM_MAM_S                ,labs_DL_AAE_LG_def            ,N,Y
2529,DBAPROC                       ,DL_AA_TM_MAM_S                ,labs_DL_AAE_LG_def            ,N,Y
2530,DBAPROC                       ,DL_AA_TM_MAM_S                ,labs_DL_AAE_LG_def            ,N,Y
2531,DBAPROC                       ,DL_AA_TM_MAM_S                ,labs_DL_AAE_LG_def            ,N,Y
2532,DBAPROC                       ,DL_AA_TM_MAM_S                ,labs_DL_AAE_LG_def            ,N,Y
2533,DBAPROC                       ,DL_AA_TM_MAM_S                ,labs_DL_AAE_LG_def            ,N,Y
2534,DBAPROC                       ,DL_AA_TM_MAM_S                ,labs_DL_AAE_LG_def            ,N,Y
2535,DBAPROC                       ,DL_AA_TM_MAM_S                ,labs_DL_AAE_LG_def            ,N,Y
2536,DBAPROC                       ,DL_AA_TM_MAM_S                ,labs_DL_AAE_LG_def            ,N,Y
2537,DBAPROC                       ,DL_AA_TM_MAM_S                ,labs_DL_AAE_LG_def            ,N,Y
2538,DBAPROC                       ,DL_AA_TM_MAM_S                ,labs_DL_AAE_LG_def            ,N,Y
2539,DBAPROC                       ,DL_AA_TM_MAM_S                ,labs_DL_AAE_LG_def            ,N,Y
2540,DBAPROC                       ,DL_AA_TM_MAM_S                ,labs_DL_AAE_LG_def            ,N,Y
2541,DBAPROC                       ,DL_AA_TM_MAM_S                ,labs_DL_AAE_LG_def            ,N,Y
2542,DBAPROC                       ,DL_AA_TM_MAM_S                ,labs_DL_AAE_LG_def            ,N,Y
2543,DBAPROC                       ,DL_AA_TM_MAM_S                ,labs_DL_AAE_LG_def            ,N,Y
2544,DBAPROC                       ,DL_AA_TM_MAM_S                ,labs_DL_AAE_LG_def            ,N,Y
2545,DBAPROC                       ,DL_AA_TM_MAM_S                ,labs_DL_AAE_LG_def_ro         ,N,Y
2546,DBAPROC                       ,DL_AA_TM_MAM_S                ,LO_DBA                        ,N,Y
2547,DBAPROC                       ,DL_AA_TM_MAM_S                ,LO_DBA_XM                     ,N,Y
2548,DBAPROC                       ,DL_AA_TM_MAM_S                ,READALL_ARCHITECT             ,N,Y
2549,DBAPROC                       ,DL_AA_TM_MAM_S                ,RL_COMMON                     ,N,Y
2550,DBAPROC                       ,DL_AA_TM_MAM_S                ,RL_DATAMOVER_SOURCE           ,N,Y
2551,DBAPROC                       ,DL_AA_TM_MAM_S                ,RL_DATAMOVER_SOURCE           ,N,Y
2552,DBAPROC                       ,DL_AA_TM_MAM_S                ,RL_DATAMOVER_SOURCE           ,N,Y
2553,DBAPROC                       ,DL_AA_TM_MAM_S                ,RL_DATAMOVER_SOURCE           ,N,Y
2554,DBAPROC                       ,DL_AA_TM_MAM_S                ,RL_DATAMOVER_SOURCE           ,N,Y
2555,DBAPROC                       ,DL_AA_TM_MAM_S                ,RL_DATAMOVER_TARGET           ,N,Y
2556,DBAPROC                       ,DL_AA_TM_MAM_S                ,RL_DATAMOVER_TARGET           ,N,Y
2557,DBAPROC                       ,DL_AA_TM_MAM_S                ,RL_DATAMOVER_TARGET           ,N,Y
2558,DBAPROC                       ,DL_AA_TM_MAM_S                ,RL_DATAMOVER_TARGET           ,N,Y
2559,DBAPROC                       ,DL_AA_TM_MAM_S                ,RL_DATAMOVER_TARGET           ,N,Y
2560,DBAPROC                       ,DL_AA_TM_MAM_S                ,RL_DATAMOVER_TARGET           ,N,Y
2561,DBAPROC                       ,DL_AA_TM_MAM_S                ,RL_DATAMOVER_TARGET           ,N,Y
2562,DBAPROC                       ,DL_AA_TM_MAM_S                ,RL_DATAMOVER_TARGET           ,N,Y
2563,DBAPROC                       ,DL_AA_TM_MAM_S                ,RL_NETVAULT                   ,N,Y
2564,DBAPROC                       ,DL_AQI_GBD_PHI                ,DATALAB_ALL_DL_AQI_GBD_PHI    ,N,Y
2565,DBAPROC                       ,DL_AQI_GBD_PHI                ,DATALAB_ALL_DL_AQI_GBD_PHI    ,N,Y
2566,DBAPROC                       ,DL_AQI_GBD_PHI                ,DATALAB_ALL_DL_AQI_GBD_PHI    ,N,Y
2567,DBAPROC                       ,DL_AQI_GBD_PHI                ,DATALAB_ALL_DL_AQI_GBD_PHI    ,N,Y
2568,DBAPROC                       ,DL_AQI_GBD_PHI                ,DATALAB_ALL_DL_AQI_GBD_PHI    ,N,Y
2569,DBAPROC                       ,DL_AQI_GBD_PHI                ,DATALAB_ALL_DL_AQI_GBD_PHI    ,N,Y
2570,DBAPROC                       ,DL_AQI_GBD_PHI                ,DATALAB_ALL_DL_AQI_GBD_PHI    ,N,Y
2571,DBAPROC                       ,DL_AQI_GBD_PHI                ,DATALAB_ALL_DL_AQI_GBD_PHI    ,N,Y
2572,DBAPROC                       ,DL_AQI_GBD_PHI                ,DATALAB_ALL_DL_AQI_GBD_PHI    ,N,Y
2573,DBAPROC                       ,DL_AQI_GBD_PHI                ,DATALAB_ALL_DL_AQI_GBD_PHI    ,N,Y
2574,DBAPROC                       ,DL_AQI_GBD_PHI                ,DATALAB_ALL_DL_AQI_GBD_PHI    ,N,Y
2575,DBAPROC                       ,DL_AQI_GBD_PHI                ,DATALAB_ALL_DL_AQI_GBD_PHI    ,N,Y
2576,DBAPROC                       ,DL_AQI_GBD_PHI                ,DATALAB_ALL_DL_AQI_GBD_PHI    ,N,Y
2577,DBAPROC                       ,DL_AQI_GBD_PHI                ,DATALAB_ALL_DL_AQI_GBD_PHI    ,N,Y
2578,DBAPROC                       ,DL_AQI_GBD_PHI                ,DATALAB_ALL_DL_AQI_GBD_PHI    ,N,Y
2579,DBAPROC                       ,DL_AQI_GBD_PHI                ,DATALAB_ALL_DL_AQI_GBD_PHI    ,N,Y
2580,DBAPROC                       ,DL_AQI_GBD_PHI                ,DATALAB_ALL_DL_AQI_GBD_PHI    ,N,Y
2581,DBAPROC                       ,DL_AQI_GBD_PHI                ,DATALAB_ALL_DL_AQI_GBD_PHI    ,N,Y
2582,DBAPROC                       ,DL_AQI_GBD_PHI                ,DATALAB_ALL_DL_AQI_GBD_PHI    ,N,Y
2583,DBAPROC                       ,DL_AQI_GBD_PHI                ,DATALAB_READ_DL_AQI_GBD_PHI   ,N,Y
2584,DBAPROC                       ,DL_AQI_GBD_PHI                ,DATALAB_READ_DL_AQI_PCG_PHI   ,N,Y
2585,DBAPROC                       ,DL_AQI_GBD_PHI                ,DATALAB_READ_DL_AQI_PHI       ,N,Y
2586,DBAPROC                       ,DL_AQI_GBD_PHI                ,DBA                           ,N,Y
2587,DBAPROC                       ,DL_AQI_GBD_PHI                ,DBA                           ,N,Y
2588,DBAPROC                       ,DL_AQI_GBD_PHI                ,DBA                           ,N,Y
2589,DBAPROC                       ,DL_AQI_GBD_PHI                ,DBA                           ,N,Y
2590,DBAPROC                       ,DL_AQI_GBD_PHI                ,DBA                           ,N,Y
2591,DBAPROC                       ,DL_AQI_GBD_PHI                ,DBA                           ,N,Y
2592,DBAPROC                       ,DL_AQI_GBD_PHI                ,labs_DL_AQI_LG_def            ,N,Y
2593,DBAPROC                       ,DL_AQI_GBD_PHI                ,labs_DL_AQI_LG_def            ,N,Y
2594,DBAPROC                       ,DL_AQI_GBD_PHI                ,labs_DL_AQI_LG_def            ,N,Y
2595,DBAPROC                       ,DL_AQI_GBD_PHI                ,labs_DL_AQI_LG_def            ,N,Y
2596,DBAPROC                       ,DL_AQI_GBD_PHI                ,labs_DL_AQI_LG_def            ,N,Y
2597,DBAPROC                       ,DL_AQI_GBD_PHI                ,labs_DL_AQI_LG_def            ,N,Y
2598,DBAPROC                       ,DL_AQI_GBD_PHI                ,labs_DL_AQI_LG_def            ,N,Y
2599,DBAPROC                       ,DL_AQI_GBD_PHI                ,labs_DL_AQI_LG_def            ,N,Y
2600,DBAPROC                       ,DL_AQI_GBD_PHI                ,labs_DL_AQI_LG_def            ,N,Y
2601,DBAPROC                       ,DL_AQI_GBD_PHI                ,labs_DL_AQI_LG_def            ,N,Y
2602,DBAPROC                       ,DL_AQI_GBD_PHI                ,labs_DL_AQI_LG_def            ,N,Y
2603,DBAPROC                       ,DL_AQI_GBD_PHI                ,labs_DL_AQI_LG_def            ,N,Y
2604,DBAPROC                       ,DL_AQI_GBD_PHI                ,labs_DL_AQI_LG_def            ,N,Y
2605,DBAPROC                       ,DL_AQI_GBD_PHI                ,labs_DL_AQI_LG_def            ,N,Y
2606,DBAPROC                       ,DL_AQI_GBD_PHI                ,labs_DL_AQI_LG_def            ,N,Y
2607,DBAPROC                       ,DL_AQI_GBD_PHI                ,labs_DL_AQI_LG_def            ,N,Y
2608,DBAPROC                       ,DL_AQI_GBD_PHI                ,labs_DL_AQI_LG_def            ,N,Y
2609,DBAPROC                       ,DL_AQI_GBD_PHI                ,labs_DL_AQI_LG_def            ,N,Y
2610,DBAPROC                       ,DL_AQI_GBD_PHI                ,labs_DL_AQI_LG_def            ,N,Y
2611,DBAPROC                       ,DL_AQI_GBD_PHI                ,labs_DL_AQI_LG_def_ro         ,N,Y
2612,DBAPROC                       ,DL_AQI_GBD_PHI                ,LO_DBA                        ,N,Y
2613,DBAPROC                       ,DL_AQI_GBD_PHI                ,LO_DBA_XM                     ,N,Y
2614,DBAPROC                       ,DL_AQI_GBD_PHI                ,READALL_ARCHITECT             ,N,Y
2615,DBAPROC                       ,DL_AQI_GBD_PHI                ,RL_COMMON                     ,N,Y
2616,DBAPROC                       ,DL_AQI_GBD_PHI                ,RL_DATAMOVER_SOURCE           ,N,Y
2617,DBAPROC                       ,DL_AQI_GBD_PHI                ,RL_DATAMOVER_SOURCE           ,N,Y
2618,DBAPROC                       ,DL_AQI_GBD_PHI                ,RL_DATAMOVER_SOURCE           ,N,Y
2619,DBAPROC                       ,DL_AQI_GBD_PHI                ,RL_DATAMOVER_SOURCE           ,N,Y
2620,DBAPROC                       ,DL_AQI_GBD_PHI                ,RL_DATAMOVER_SOURCE           ,N,Y
2621,DBAPROC                       ,DL_AQI_GBD_PHI                ,RL_DATAMOVER_TARGET           ,N,Y
2622,DBAPROC                       ,DL_AQI_GBD_PHI                ,RL_DATAMOVER_TARGET           ,N,Y
2623,DBAPROC                       ,DL_AQI_GBD_PHI                ,RL_DATAMOVER_TARGET           ,N,Y
2624,DBAPROC                       ,DL_AQI_GBD_PHI                ,RL_DATAMOVER_TARGET           ,N,Y
2625,DBAPROC                       ,DL_AQI_GBD_PHI                ,RL_DATAMOVER_TARGET           ,N,Y
2626,DBAPROC                       ,DL_AQI_GBD_PHI                ,RL_DATAMOVER_TARGET           ,N,Y
2627,DBAPROC                       ,DL_AQI_GBD_PHI                ,RL_DATAMOVER_TARGET           ,N,Y
2628,DBAPROC                       ,DL_AQI_GBD_PHI                ,RL_DATAMOVER_TARGET           ,N,Y
2629,DBAPROC                       ,DL_AQI_GBD_PHI                ,RL_NETVAULT                   ,N,Y
2630,DBAPROC                       ,DL_AQI_MBRSHP_PHI             ,DATALAB_ALL_DL_AQI_MBRSHP_PHI ,N,Y
2631,DBAPROC                       ,DL_AQI_MBRSHP_PHI             ,DATALAB_ALL_DL_AQI_MBRSHP_PHI ,N,Y
2632,DBAPROC                       ,DL_AQI_MBRSHP_PHI             ,DATALAB_ALL_DL_AQI_MBRSHP_PHI ,N,Y
2633,DBAPROC                       ,DL_AQI_MBRSHP_PHI             ,DATALAB_ALL_DL_AQI_MBRSHP_PHI ,N,Y
2634,DBAPROC                       ,DL_AQI_MBRSHP_PHI             ,DATALAB_ALL_DL_AQI_MBRSHP_PHI ,N,Y
2635,DBAPROC                       ,DL_AQI_MBRSHP_PHI             ,DATALAB_ALL_DL_AQI_MBRSHP_PHI ,N,Y
2636,DBAPROC                       ,DL_AQI_MBRSHP_PHI             ,DATALAB_ALL_DL_AQI_MBRSHP_PHI ,N,Y
2637,DBAPROC                       ,DL_AQI_MBRSHP_PHI             ,DATALAB_ALL_DL_AQI_MBRSHP_PHI ,N,Y
2638,DBAPROC                       ,DL_AQI_MBRSHP_PHI             ,DATALAB_ALL_DL_AQI_MBRSHP_PHI ,N,Y
2639,DBAPROC                       ,DL_AQI_MBRSHP_PHI             ,DATALAB_ALL_DL_AQI_MBRSHP_PHI ,N,Y
2640,DBAPROC                       ,DL_AQI_MBRSHP_PHI             ,DATALAB_ALL_DL_AQI_MBRSHP_PHI ,N,Y
2641,DBAPROC                       ,DL_AQI_MBRSHP_PHI             ,DATALAB_ALL_DL_AQI_MBRSHP_PHI ,N,Y
2642,DBAPROC                       ,DL_AQI_MBRSHP_PHI             ,DATALAB_ALL_DL_AQI_MBRSHP_PHI ,N,Y
2643,DBAPROC                       ,DL_AQI_MBRSHP_PHI             ,DATALAB_ALL_DL_AQI_MBRSHP_PHI ,N,Y
2644,DBAPROC                       ,DL_AQI_MBRSHP_PHI             ,DATALAB_ALL_DL_AQI_MBRSHP_PHI ,N,Y
2645,DBAPROC                       ,DL_AQI_MBRSHP_PHI             ,DATALAB_ALL_DL_AQI_MBRSHP_PHI ,N,Y
2646,DBAPROC                       ,DL_AQI_MBRSHP_PHI             ,DATALAB_ALL_DL_AQI_MBRSHP_PHI ,N,Y
2647,DBAPROC                       ,DL_AQI_MBRSHP_PHI             ,DATALAB_ALL_DL_AQI_MBRSHP_PHI ,N,Y
2648,DBAPROC                       ,DL_AQI_MBRSHP_PHI             ,DATALAB_ALL_DL_AQI_MBRSHP_PHI ,N,Y
2649,DBAPROC                       ,DL_AQI_MBRSHP_PHI             ,DATALAB_READ_DL_AQI_MBRSHP_PHI,N,Y
2650,DBAPROC                       ,DL_AQI_MBRSHP_PHI             ,DBA                           ,N,Y
2651,DBAPROC                       ,DL_AQI_MBRSHP_PHI             ,DBA                           ,N,Y
2652,DBAPROC                       ,DL_AQI_MBRSHP_PHI             ,DBA                           ,N,Y
2653,DBAPROC                       ,DL_AQI_MBRSHP_PHI             ,DBA                           ,N,Y
2654,DBAPROC                       ,DL_AQI_MBRSHP_PHI             ,DBA                           ,N,Y
2655,DBAPROC                       ,DL_AQI_MBRSHP_PHI             ,DBA                           ,N,Y
2656,DBAPROC                       ,DL_AQI_MBRSHP_PHI             ,labs_DL_AQI_LG_def            ,N,Y
2657,DBAPROC                       ,DL_AQI_MBRSHP_PHI             ,labs_DL_AQI_LG_def            ,N,Y
2658,DBAPROC                       ,DL_AQI_MBRSHP_PHI             ,labs_DL_AQI_LG_def            ,N,Y
2659,DBAPROC                       ,DL_AQI_MBRSHP_PHI             ,labs_DL_AQI_LG_def            ,N,Y
2660,DBAPROC                       ,DL_AQI_MBRSHP_PHI             ,labs_DL_AQI_LG_def            ,N,Y
2661,DBAPROC                       ,DL_AQI_MBRSHP_PHI             ,labs_DL_AQI_LG_def            ,N,Y
2662,DBAPROC                       ,DL_AQI_MBRSHP_PHI             ,labs_DL_AQI_LG_def            ,N,Y
2663,DBAPROC                       ,DL_AQI_MBRSHP_PHI             ,labs_DL_AQI_LG_def            ,N,Y
2664,DBAPROC                       ,DL_AQI_MBRSHP_PHI             ,labs_DL_AQI_LG_def            ,N,Y
2665,DBAPROC                       ,DL_AQI_MBRSHP_PHI             ,labs_DL_AQI_LG_def            ,N,Y
2666,DBAPROC                       ,DL_AQI_MBRSHP_PHI             ,labs_DL_AQI_LG_def            ,N,Y
2667,DBAPROC                       ,DL_AQI_MBRSHP_PHI             ,labs_DL_AQI_LG_def            ,N,Y
2668,DBAPROC                       ,DL_AQI_MBRSHP_PHI             ,labs_DL_AQI_LG_def            ,N,Y
2669,DBAPROC                       ,DL_AQI_MBRSHP_PHI             ,labs_DL_AQI_LG_def            ,N,Y
2670,DBAPROC                       ,DL_AQI_MBRSHP_PHI             ,labs_DL_AQI_LG_def            ,N,Y
2671,DBAPROC                       ,DL_AQI_MBRSHP_PHI             ,labs_DL_AQI_LG_def            ,N,Y
2672,DBAPROC                       ,DL_AQI_MBRSHP_PHI             ,labs_DL_AQI_LG_def            ,N,Y
2673,DBAPROC                       ,DL_AQI_MBRSHP_PHI             ,labs_DL_AQI_LG_def            ,N,Y
2674,DBAPROC                       ,DL_AQI_MBRSHP_PHI             ,labs_DL_AQI_LG_def            ,N,Y
2675,DBAPROC                       ,DL_AQI_MBRSHP_PHI             ,labs_DL_AQI_LG_def_ro         ,N,Y
2676,DBAPROC                       ,DL_AQI_MBRSHP_PHI             ,LO_DBA                        ,N,Y
2677,DBAPROC                       ,DL_AQI_MBRSHP_PHI             ,LO_DBA_XM                     ,N,Y
2678,DBAPROC                       ,DL_AQI_MBRSHP_PHI             ,READALL_ARCHITECT             ,N,Y
2679,DBAPROC                       ,DL_AQI_MBRSHP_PHI             ,RL_COMMON                     ,N,Y
2680,DBAPROC                       ,DL_AQI_MBRSHP_PHI             ,RL_DATAMOVER_SOURCE           ,N,Y
2681,DBAPROC                       ,DL_AQI_MBRSHP_PHI             ,RL_DATAMOVER_SOURCE           ,N,Y
2682,DBAPROC                       ,DL_AQI_MBRSHP_PHI             ,RL_DATAMOVER_SOURCE           ,N,Y
2683,DBAPROC                       ,DL_AQI_MBRSHP_PHI             ,RL_DATAMOVER_SOURCE           ,N,Y
2684,DBAPROC                       ,DL_AQI_MBRSHP_PHI             ,RL_DATAMOVER_SOURCE           ,N,Y
2685,DBAPROC                       ,DL_AQI_MBRSHP_PHI             ,RL_DATAMOVER_TARGET           ,N,Y
2686,DBAPROC                       ,DL_AQI_MBRSHP_PHI             ,RL_DATAMOVER_TARGET           ,N,Y
2687,DBAPROC                       ,DL_AQI_MBRSHP_PHI             ,RL_DATAMOVER_TARGET           ,N,Y
2688,DBAPROC                       ,DL_AQI_MBRSHP_PHI             ,RL_DATAMOVER_TARGET           ,N,Y
2689,DBAPROC                       ,DL_AQI_MBRSHP_PHI             ,RL_DATAMOVER_TARGET           ,N,Y
2690,DBAPROC                       ,DL_AQI_MBRSHP_PHI             ,RL_DATAMOVER_TARGET           ,N,Y
2691,DBAPROC                       ,DL_AQI_MBRSHP_PHI             ,RL_DATAMOVER_TARGET           ,N,Y
2692,DBAPROC                       ,DL_AQI_MBRSHP_PHI             ,RL_DATAMOVER_TARGET           ,N,Y
2693,DBAPROC                       ,DL_AQI_MBRSHP_PHI             ,RL_NETVAULT                   ,N,Y
2694,DBAPROC                       ,DL_AQI_MDCR_QDM               ,DATALAB_ALL_DL_AQI_MDCR_PHI   ,N,Y
2695,DBAPROC                       ,DL_AQI_MDCR_QDM               ,DATALAB_ALL_DL_AQI_MDCR_PHI   ,N,Y
2696,DBAPROC                       ,DL_AQI_MDCR_QDM               ,DATALAB_ALL_DL_AQI_MDCR_PHI   ,N,Y
2697,DBAPROC                       ,DL_AQI_MDCR_QDM               ,DATALAB_ALL_DL_AQI_MDCR_PHI   ,N,Y
2698,DBAPROC                       ,DL_AQI_MDCR_QDM               ,DATALAB_ALL_DL_AQI_MDCR_PHI   ,N,Y
2699,DBAPROC                       ,DL_AQI_MDCR_QDM               ,DATALAB_ALL_DL_AQI_MDCR_PHI   ,N,Y
2700,DBAPROC                       ,DL_AQI_MDCR_QDM               ,DATALAB_ALL_DL_AQI_MDCR_PHI   ,N,Y
2701,DBAPROC                       ,DL_AQI_MDCR_QDM               ,DATALAB_ALL_DL_AQI_MDCR_PHI   ,N,Y
2702,DBAPROC                       ,DL_AQI_MDCR_QDM               ,DATALAB_ALL_DL_AQI_MDCR_PHI   ,N,Y
2703,DBAPROC                       ,DL_AQI_MDCR_QDM               ,DATALAB_ALL_DL_AQI_MDCR_PHI   ,N,Y
2704,DBAPROC                       ,DL_AQI_MDCR_QDM               ,DATALAB_ALL_DL_AQI_MDCR_PHI   ,N,Y
2705,DBAPROC                       ,DL_AQI_MDCR_QDM               ,DATALAB_ALL_DL_AQI_MDCR_PHI   ,N,Y
2706,DBAPROC                       ,DL_AQI_MDCR_QDM               ,DATALAB_ALL_DL_AQI_MDCR_PHI   ,N,Y
2707,DBAPROC                       ,DL_AQI_MDCR_QDM               ,DATALAB_ALL_DL_AQI_MDCR_PHI   ,N,Y
2708,DBAPROC                       ,DL_AQI_MDCR_QDM               ,DATALAB_ALL_DL_AQI_MDCR_PHI   ,N,Y
2709,DBAPROC                       ,DL_AQI_MDCR_QDM               ,DATALAB_ALL_DL_AQI_MDCR_PHI   ,N,Y
2710,DBAPROC                       ,DL_AQI_MDCR_QDM               ,DATALAB_ALL_DL_AQI_MDCR_PHI   ,N,Y
2711,DBAPROC                       ,DL_AQI_MDCR_QDM               ,DATALAB_ALL_DL_AQI_MDCR_PHI   ,N,Y
2712,DBAPROC                       ,DL_AQI_MDCR_QDM               ,DATALAB_ALL_DL_AQI_MDCR_PHI   ,N,Y
2713,DBAPROC                       ,DL_AQI_MDCR_QDM               ,DATALAB_READ_DL_AQI_MDCR_PHI  ,N,Y
2714,DBAPROC                       ,DL_AQI_MDCR_QDM               ,DBA                           ,N,Y
2715,DBAPROC                       ,DL_AQI_MDCR_QDM               ,DBA                           ,N,Y
2716,DBAPROC                       ,DL_AQI_MDCR_QDM               ,DBA                           ,N,Y
2717,DBAPROC                       ,DL_AQI_MDCR_QDM               ,DBA                           ,N,Y
2718,DBAPROC                       ,DL_AQI_MDCR_QDM               ,DBA                           ,N,Y
2719,DBAPROC                       ,DL_AQI_MDCR_QDM               ,DBA                           ,N,Y
2720,DBAPROC                       ,DL_AQI_MDCR_QDM               ,labs_DL_AQI_LG_def            ,N,Y
2721,DBAPROC                       ,DL_AQI_MDCR_QDM               ,labs_DL_AQI_LG_def            ,N,Y
2722,DBAPROC                       ,DL_AQI_MDCR_QDM               ,labs_DL_AQI_LG_def            ,N,Y
2723,DBAPROC                       ,DL_AQI_MDCR_QDM               ,labs_DL_AQI_LG_def            ,N,Y
2724,DBAPROC                       ,DL_AQI_MDCR_QDM               ,labs_DL_AQI_LG_def            ,N,Y
2725,DBAPROC                       ,DL_AQI_MDCR_QDM               ,labs_DL_AQI_LG_def            ,N,Y
2726,DBAPROC                       ,DL_AQI_MDCR_QDM               ,labs_DL_AQI_LG_def            ,N,Y
2727,DBAPROC                       ,DL_AQI_MDCR_QDM               ,labs_DL_AQI_LG_def            ,N,Y
2728,DBAPROC                       ,DL_AQI_MDCR_QDM               ,labs_DL_AQI_LG_def            ,N,Y
2729,DBAPROC                       ,DL_AQI_MDCR_QDM               ,labs_DL_AQI_LG_def            ,N,Y
2730,DBAPROC                       ,DL_AQI_MDCR_QDM               ,labs_DL_AQI_LG_def            ,N,Y
2731,DBAPROC                       ,DL_AQI_MDCR_QDM               ,labs_DL_AQI_LG_def            ,N,Y
2732,DBAPROC                       ,DL_AQI_MDCR_QDM               ,labs_DL_AQI_LG_def            ,N,Y
2733,DBAPROC                       ,DL_AQI_MDCR_QDM               ,labs_DL_AQI_LG_def            ,N,Y
2734,DBAPROC                       ,DL_AQI_MDCR_QDM               ,labs_DL_AQI_LG_def            ,N,Y
2735,DBAPROC                       ,DL_AQI_MDCR_QDM               ,labs_DL_AQI_LG_def            ,N,Y
2736,DBAPROC                       ,DL_AQI_MDCR_QDM               ,labs_DL_AQI_LG_def            ,N,Y
2737,DBAPROC                       ,DL_AQI_MDCR_QDM               ,labs_DL_AQI_LG_def            ,N,Y
2738,DBAPROC                       ,DL_AQI_MDCR_QDM               ,labs_DL_AQI_LG_def            ,N,Y
2739,DBAPROC                       ,DL_AQI_MDCR_QDM               ,labs_DL_AQI_LG_def_ro         ,N,Y
2740,DBAPROC                       ,DL_AQI_MDCR_QDM               ,LO_DBA                        ,N,Y
2741,DBAPROC                       ,DL_AQI_MDCR_QDM               ,LO_DBA_XM                     ,N,Y
2742,DBAPROC                       ,DL_AQI_MDCR_QDM               ,READALL_ARCHITECT             ,N,Y
2743,DBAPROC                       ,DL_AQI_MDCR_QDM               ,RL_COMMON                     ,N,Y
2744,DBAPROC                       ,DL_AQI_MDCR_QDM               ,RL_DATAMOVER_SOURCE           ,N,Y
2745,DBAPROC                       ,DL_AQI_MDCR_QDM               ,RL_DATAMOVER_SOURCE           ,N,Y
2746,DBAPROC                       ,DL_AQI_MDCR_QDM               ,RL_DATAMOVER_SOURCE           ,N,Y
2747,DBAPROC                       ,DL_AQI_MDCR_QDM               ,RL_DATAMOVER_SOURCE           ,N,Y
2748,DBAPROC                       ,DL_AQI_MDCR_QDM               ,RL_DATAMOVER_SOURCE           ,N,Y
2749,DBAPROC                       ,DL_AQI_MDCR_QDM               ,RL_DATAMOVER_TARGET           ,N,Y
2750,DBAPROC                       ,DL_AQI_MDCR_QDM               ,RL_DATAMOVER_TARGET           ,N,Y
2751,DBAPROC                       ,DL_AQI_MDCR_QDM               ,RL_DATAMOVER_TARGET           ,N,Y
2752,DBAPROC                       ,DL_AQI_MDCR_QDM               ,RL_DATAMOVER_TARGET           ,N,Y
2753,DBAPROC                       ,DL_AQI_MDCR_QDM               ,RL_DATAMOVER_TARGET           ,N,Y
2754,DBAPROC                       ,DL_AQI_MDCR_QDM               ,RL_DATAMOVER_TARGET           ,N,Y
2755,DBAPROC                       ,DL_AQI_MDCR_QDM               ,RL_DATAMOVER_TARGET           ,N,Y
2756,DBAPROC                       ,DL_AQI_MDCR_QDM               ,RL_DATAMOVER_TARGET           ,N,Y
2757,DBAPROC                       ,DL_AQI_MDCR_QDM               ,RL_NETVAULT                   ,N,Y
2758,DBAPROC                       ,DL_AQI_PHI                    ,DATALAB_ALL_DL_AQI_PHI        ,N,Y
2759,DBAPROC                       ,DL_AQI_PHI                    ,DATALAB_ALL_DL_AQI_PHI        ,N,Y
2760,DBAPROC                       ,DL_AQI_PHI                    ,DATALAB_ALL_DL_AQI_PHI        ,N,Y
2761,DBAPROC                       ,DL_AQI_PHI                    ,DATALAB_ALL_DL_AQI_PHI        ,N,Y
2762,DBAPROC                       ,DL_AQI_PHI                    ,DATALAB_ALL_DL_AQI_PHI        ,N,Y
2763,DBAPROC                       ,DL_AQI_PHI                    ,DATALAB_ALL_DL_AQI_PHI        ,N,Y
2764,DBAPROC                       ,DL_AQI_PHI                    ,DATALAB_ALL_DL_AQI_PHI        ,N,Y
2765,DBAPROC                       ,DL_AQI_PHI                    ,DATALAB_ALL_DL_AQI_PHI        ,N,Y
2766,DBAPROC                       ,DL_AQI_PHI                    ,DATALAB_ALL_DL_AQI_PHI        ,N,Y
2767,DBAPROC                       ,DL_AQI_PHI                    ,DATALAB_ALL_DL_AQI_PHI        ,N,Y
2768,DBAPROC                       ,DL_AQI_PHI                    ,DATALAB_ALL_DL_AQI_PHI        ,N,Y
2769,DBAPROC                       ,DL_AQI_PHI                    ,DATALAB_ALL_DL_AQI_PHI        ,N,Y
2770,DBAPROC                       ,DL_AQI_PHI                    ,DATALAB_ALL_DL_AQI_PHI        ,N,Y
2771,DBAPROC                       ,DL_AQI_PHI                    ,DATALAB_ALL_DL_AQI_PHI        ,N,Y
2772,DBAPROC                       ,DL_AQI_PHI                    ,DATALAB_ALL_DL_AQI_PHI        ,N,Y
2773,DBAPROC                       ,DL_AQI_PHI                    ,DATALAB_ALL_DL_AQI_PHI        ,N,Y
2774,DBAPROC                       ,DL_AQI_PHI                    ,DATALAB_ALL_DL_AQI_PHI        ,N,Y
2775,DBAPROC                       ,DL_AQI_PHI                    ,DATALAB_ALL_DL_AQI_PHI        ,N,Y
2776,DBAPROC                       ,DL_AQI_PHI                    ,DATALAB_ALL_DL_AQI_PHI        ,N,Y
2777,DBAPROC                       ,DL_AQI_PHI                    ,DATALAB_READ_DL_AQI_PHI       ,N,Y
2778,DBAPROC                       ,DL_AQI_PHI                    ,DBA                           ,N,Y
2779,DBAPROC                       ,DL_AQI_PHI                    ,DBA                           ,N,Y
2780,DBAPROC                       ,DL_AQI_PHI                    ,DBA                           ,N,Y
2781,DBAPROC                       ,DL_AQI_PHI                    ,DBA                           ,N,Y
2782,DBAPROC                       ,DL_AQI_PHI                    ,DBA                           ,N,Y
2783,DBAPROC                       ,DL_AQI_PHI                    ,DBA                           ,N,Y
2784,DBAPROC                       ,DL_AQI_PHI                    ,labs_DL_AQI_LG_def            ,N,Y
2785,DBAPROC                       ,DL_AQI_PHI                    ,labs_DL_AQI_LG_def            ,N,Y
2786,DBAPROC                       ,DL_AQI_PHI                    ,labs_DL_AQI_LG_def            ,N,Y
2787,DBAPROC                       ,DL_AQI_PHI                    ,labs_DL_AQI_LG_def            ,N,Y
2788,DBAPROC                       ,DL_AQI_PHI                    ,labs_DL_AQI_LG_def            ,N,Y
2789,DBAPROC                       ,DL_AQI_PHI                    ,labs_DL_AQI_LG_def            ,N,Y
2790,DBAPROC                       ,DL_AQI_PHI                    ,labs_DL_AQI_LG_def            ,N,Y
2791,DBAPROC                       ,DL_AQI_PHI                    ,labs_DL_AQI_LG_def            ,N,Y
2792,DBAPROC                       ,DL_AQI_PHI                    ,labs_DL_AQI_LG_def            ,N,Y
2793,DBAPROC                       ,DL_AQI_PHI                    ,labs_DL_AQI_LG_def            ,N,Y
2794,DBAPROC                       ,DL_AQI_PHI                    ,labs_DL_AQI_LG_def            ,N,Y
2795,DBAPROC                       ,DL_AQI_PHI                    ,labs_DL_AQI_LG_def            ,N,Y
2796,DBAPROC                       ,DL_AQI_PHI                    ,labs_DL_AQI_LG_def            ,N,Y
2797,DBAPROC                       ,DL_AQI_PHI                    ,labs_DL_AQI_LG_def            ,N,Y
2798,DBAPROC                       ,DL_AQI_PHI                    ,labs_DL_AQI_LG_def            ,N,Y
2799,DBAPROC                       ,DL_AQI_PHI                    ,labs_DL_AQI_LG_def            ,N,Y
2800,DBAPROC                       ,DL_AQI_PHI                    ,labs_DL_AQI_LG_def            ,N,Y
2801,DBAPROC                       ,DL_AQI_PHI                    ,labs_DL_AQI_LG_def            ,N,Y
2802,DBAPROC                       ,DL_AQI_PHI                    ,labs_DL_AQI_LG_def            ,N,Y
2803,DBAPROC                       ,DL_AQI_PHI                    ,labs_DL_AQI_LG_def_ro         ,N,Y
2804,DBAPROC                       ,DL_AQI_PHI                    ,LO_DBA                        ,N,Y
2805,DBAPROC                       ,DL_AQI_PHI                    ,LO_DBA_XM                     ,N,Y
2806,DBAPROC                       ,DL_AQI_PHI                    ,READALL_ARCHITECT             ,N,Y
2807,DBAPROC                       ,DL_AQI_PHI                    ,RL_COMMON                     ,N,Y
2808,DBAPROC                       ,DL_AQI_PHI                    ,RL_DATAMOVER_SOURCE           ,N,Y
2809,DBAPROC                       ,DL_AQI_PHI                    ,RL_DATAMOVER_SOURCE           ,N,Y
2810,DBAPROC                       ,DL_AQI_PHI                    ,RL_DATAMOVER_SOURCE           ,N,Y
2811,DBAPROC                       ,DL_AQI_PHI                    ,RL_DATAMOVER_SOURCE           ,N,Y
2812,DBAPROC                       ,DL_AQI_PHI                    ,RL_DATAMOVER_SOURCE           ,N,Y
2813,DBAPROC                       ,DL_AQI_PHI                    ,RL_DATAMOVER_TARGET           ,N,Y
2814,DBAPROC                       ,DL_AQI_PHI                    ,RL_DATAMOVER_TARGET           ,N,Y
2815,DBAPROC                       ,DL_AQI_PHI                    ,RL_DATAMOVER_TARGET           ,N,Y
2816,DBAPROC                       ,DL_AQI_PHI                    ,RL_DATAMOVER_TARGET           ,N,Y
2817,DBAPROC                       ,DL_AQI_PHI                    ,RL_DATAMOVER_TARGET           ,N,Y
2818,DBAPROC                       ,DL_AQI_PHI                    ,RL_DATAMOVER_TARGET           ,N,Y
2819,DBAPROC                       ,DL_AQI_PHI                    ,RL_DATAMOVER_TARGET           ,N,Y
2820,DBAPROC                       ,DL_AQI_PHI                    ,RL_DATAMOVER_TARGET           ,N,Y
2821,DBAPROC                       ,DL_AQI_PHI                    ,RL_NETVAULT                   ,N,Y
2822,DBAPROC                       ,DL_AQI_PHI                    ,RL_NETVAULT                   ,N,Y
2823,DBAPROC                       ,DL_AQI_PHI                    ,RL_NETVAULT                   ,N,Y
2824,DBAPROC                       ,DL_AQI_SL_IDW_PHI             ,DATALAB_ALL_DL_AQI_SL_IDW_PHI ,N,Y
2825,DBAPROC                       ,DL_AQI_SL_IDW_PHI             ,DATALAB_ALL_DL_AQI_SL_IDW_PHI ,N,Y
2826,DBAPROC                       ,DL_AQI_SL_IDW_PHI             ,DATALAB_ALL_DL_AQI_SL_IDW_PHI ,N,Y
2827,DBAPROC                       ,DL_AQI_SL_IDW_PHI             ,DATALAB_ALL_DL_AQI_SL_IDW_PHI ,N,Y
2828,DBAPROC                       ,DL_AQI_SL_IDW_PHI             ,DATALAB_ALL_DL_AQI_SL_IDW_PHI ,N,Y
2829,DBAPROC                       ,DL_AQI_SL_IDW_PHI             ,DATALAB_ALL_DL_AQI_SL_IDW_PHI ,N,Y
2830,DBAPROC                       ,DL_AQI_SL_IDW_PHI             ,DATALAB_ALL_DL_AQI_SL_IDW_PHI ,N,Y
2831,DBAPROC                       ,DL_AQI_SL_IDW_PHI             ,DATALAB_ALL_DL_AQI_SL_IDW_PHI ,N,Y
2832,DBAPROC                       ,DL_AQI_SL_IDW_PHI             ,DATALAB_ALL_DL_AQI_SL_IDW_PHI ,N,Y
2833,DBAPROC                       ,DL_AQI_SL_IDW_PHI             ,DATALAB_ALL_DL_AQI_SL_IDW_PHI ,N,Y
2834,DBAPROC                       ,DL_AQI_SL_IDW_PHI             ,DATALAB_ALL_DL_AQI_SL_IDW_PHI ,N,Y
2835,DBAPROC                       ,DL_AQI_SL_IDW_PHI             ,DATALAB_ALL_DL_AQI_SL_IDW_PHI ,N,Y
2836,DBAPROC                       ,DL_AQI_SL_IDW_PHI             ,DATALAB_ALL_DL_AQI_SL_IDW_PHI ,N,Y
2837,DBAPROC                       ,DL_AQI_SL_IDW_PHI             ,DATALAB_ALL_DL_AQI_SL_IDW_PHI ,N,Y
2838,DBAPROC                       ,DL_AQI_SL_IDW_PHI             ,DATALAB_ALL_DL_AQI_SL_IDW_PHI ,N,Y
2839,DBAPROC                       ,DL_AQI_SL_IDW_PHI             ,DATALAB_ALL_DL_AQI_SL_IDW_PHI ,N,Y
2840,DBAPROC                       ,DL_AQI_SL_IDW_PHI             ,DATALAB_ALL_DL_AQI_SL_IDW_PHI ,N,Y
2841,DBAPROC                       ,DL_AQI_SL_IDW_PHI             ,DATALAB_ALL_DL_AQI_SL_IDW_PHI ,N,Y
2842,DBAPROC                       ,DL_AQI_SL_IDW_PHI             ,DATALAB_ALL_DL_AQI_SL_IDW_PHI ,N,Y
2843,DBAPROC                       ,DL_AQI_SL_IDW_PHI             ,DATALAB_READ_DL_AQI_SL_IDW_PHI,N,Y
2844,DBAPROC                       ,DL_AQI_SL_IDW_PHI             ,DATALAB_READ_DL_AQI_SL_IDW_PHI,N,Y
2845,DBAPROC                       ,DL_AQI_SL_IDW_PHI             ,DATALAB_READ_DL_AQI_SL_IDW_PHI,N,Y
2846,DBAPROC                       ,DL_AQI_SL_IDW_PHI             ,DATALAB_READ_DL_AQI_SL_IDW_PHI,N,Y
2847,DBAPROC                       ,DL_AQI_SL_IDW_PHI             ,DATALAB_READ_DL_AQI_SL_IDW_PHI,N,Y
2848,DBAPROC                       ,DL_AQI_SL_IDW_PHI             ,DATALAB_READ_DL_AQI_SL_IDW_PHI,N,Y
2849,DBAPROC                       ,DL_AQI_SL_IDW_PHI             ,DATALAB_READ_DL_AQI_SL_IDW_PHI,N,Y
2850,DBAPROC                       ,DL_AQI_SL_IDW_PHI             ,DATALAB_READ_DL_AQI_SL_IDW_PHI,N,Y
2851,DBAPROC                       ,DL_AQI_SL_IDW_PHI             ,DATALAB_READ_DL_AQI_SL_IDW_PHI,N,Y
2852,DBAPROC                       ,DL_AQI_SL_IDW_PHI             ,DATALAB_READ_DL_AQI_SL_IDW_PHI,N,Y
2853,DBAPROC                       ,DL_AQI_SL_IDW_PHI             ,DATALAB_READ_DL_AQI_SL_IDW_PHI,N,Y
2854,DBAPROC                       ,DL_AQI_SL_IDW_PHI             ,DATALAB_READ_DL_AQI_SL_IDW_PHI,N,Y
2855,DBAPROC                       ,DL_AQI_SL_IDW_PHI             ,DATALAB_READ_DL_AQI_SL_IDW_PHI,N,Y
2856,DBAPROC                       ,DL_AQI_SL_IDW_PHI             ,DATALAB_READ_DL_AQI_SL_IDW_PHI,N,Y
2857,DBAPROC                       ,DL_AQI_SL_IDW_PHI             ,DATALAB_READ_DL_AQI_SL_IDW_PHI,N,Y
2858,DBAPROC                       ,DL_AQI_SL_IDW_PHI             ,DATALAB_READ_DL_AQI_SL_IDW_PHI,N,Y
2859,DBAPROC                       ,DL_AQI_SL_IDW_PHI             ,DATALAB_READ_DL_AQI_SL_IDW_PHI,N,Y
2860,DBAPROC                       ,DL_AQI_SL_IDW_PHI             ,DATALAB_READ_DL_AQI_SL_IDW_PHI,N,Y
2861,DBAPROC                       ,DL_AQI_SL_IDW_PHI             ,DATALAB_READ_DL_AQI_SL_IDW_PHI,N,Y
2862,DBAPROC                       ,DL_AQI_SL_IDW_PHI             ,DBA                           ,N,Y
2863,DBAPROC                       ,DL_AQI_SL_IDW_PHI             ,DBA                           ,N,Y
2864,DBAPROC                       ,DL_AQI_SL_IDW_PHI             ,DBA                           ,N,Y
2865,DBAPROC                       ,DL_AQI_SL_IDW_PHI             ,DBA                           ,N,Y
2866,DBAPROC                       ,DL_AQI_SL_IDW_PHI             ,DBA                           ,N,Y
2867,DBAPROC                       ,DL_AQI_SL_IDW_PHI             ,DBA                           ,N,Y
2868,DBAPROC                       ,DL_AQI_SL_IDW_PHI             ,labs_DL_AQI_LG_def            ,N,Y
2869,DBAPROC                       ,DL_AQI_SL_IDW_PHI             ,labs_DL_AQI_LG_def            ,N,Y
2870,DBAPROC                       ,DL_AQI_SL_IDW_PHI             ,labs_DL_AQI_LG_def            ,N,Y
2871,DBAPROC                       ,DL_AQI_SL_IDW_PHI             ,labs_DL_AQI_LG_def            ,N,Y
2872,DBAPROC                       ,DL_AQI_SL_IDW_PHI             ,labs_DL_AQI_LG_def            ,N,Y
2873,DBAPROC                       ,DL_AQI_SL_IDW_PHI             ,labs_DL_AQI_LG_def            ,N,Y
2874,DBAPROC                       ,DL_AQI_SL_IDW_PHI             ,labs_DL_AQI_LG_def            ,N,Y
2875,DBAPROC                       ,DL_AQI_SL_IDW_PHI             ,labs_DL_AQI_LG_def            ,N,Y
2876,DBAPROC                       ,DL_AQI_SL_IDW_PHI             ,labs_DL_AQI_LG_def            ,N,Y
2877,DBAPROC                       ,DL_AQI_SL_IDW_PHI             ,labs_DL_AQI_LG_def            ,N,Y
2878,DBAPROC                       ,DL_AQI_SL_IDW_PHI             ,labs_DL_AQI_LG_def            ,N,Y
2879,DBAPROC                       ,DL_AQI_SL_IDW_PHI             ,labs_DL_AQI_LG_def            ,N,Y
2880,DBAPROC                       ,DL_AQI_SL_IDW_PHI             ,labs_DL_AQI_LG_def            ,N,Y
2881,DBAPROC                       ,DL_AQI_SL_IDW_PHI             ,labs_DL_AQI_LG_def            ,N,Y
2882,DBAPROC                       ,DL_AQI_SL_IDW_PHI             ,labs_DL_AQI_LG_def            ,N,Y
2883,DBAPROC                       ,DL_AQI_SL_IDW_PHI             ,labs_DL_AQI_LG_def            ,N,Y
2884,DBAPROC                       ,DL_AQI_SL_IDW_PHI             ,labs_DL_AQI_LG_def            ,N,Y
2885,DBAPROC                       ,DL_AQI_SL_IDW_PHI             ,labs_DL_AQI_LG_def            ,N,Y
2886,DBAPROC                       ,DL_AQI_SL_IDW_PHI             ,labs_DL_AQI_LG_def            ,N,Y
2887,DBAPROC                       ,DL_AQI_SL_IDW_PHI             ,labs_DL_AQI_LG_def_ro         ,N,Y
2888,DBAPROC                       ,DL_AQI_SL_IDW_PHI             ,LO_DBA                        ,N,Y
2889,DBAPROC                       ,DL_AQI_SL_IDW_PHI             ,LO_DBA_XM                     ,N,Y
2890,DBAPROC                       ,DL_AQI_SL_IDW_PHI             ,READALL_ARCHITECT             ,N,Y
2891,DBAPROC                       ,DL_AQI_SL_IDW_PHI             ,RL_COMMON                     ,N,Y
2892,DBAPROC                       ,DL_AQI_SL_IDW_PHI             ,RL_DATAMOVER_SOURCE           ,N,Y
2893,DBAPROC                       ,DL_AQI_SL_IDW_PHI             ,RL_DATAMOVER_SOURCE           ,N,Y
2894,DBAPROC                       ,DL_AQI_SL_IDW_PHI             ,RL_DATAMOVER_SOURCE           ,N,Y
2895,DBAPROC                       ,DL_AQI_SL_IDW_PHI             ,RL_DATAMOVER_SOURCE           ,N,Y
2896,DBAPROC                       ,DL_AQI_SL_IDW_PHI             ,RL_DATAMOVER_SOURCE           ,N,Y
2897,DBAPROC                       ,DL_AQI_SL_IDW_PHI             ,RL_DATAMOVER_TARGET           ,N,Y
2898,DBAPROC                       ,DL_AQI_SL_IDW_PHI             ,RL_DATAMOVER_TARGET           ,N,Y
2899,DBAPROC                       ,DL_AQI_SL_IDW_PHI             ,RL_DATAMOVER_TARGET           ,N,Y
2900,DBAPROC                       ,DL_AQI_SL_IDW_PHI             ,RL_DATAMOVER_TARGET           ,N,Y
2901,DBAPROC                       ,DL_AQI_SL_IDW_PHI             ,RL_DATAMOVER_TARGET           ,N,Y
2902,DBAPROC                       ,DL_AQI_SL_IDW_PHI             ,RL_DATAMOVER_TARGET           ,N,Y
2903,DBAPROC                       ,DL_AQI_SL_IDW_PHI             ,RL_DATAMOVER_TARGET           ,N,Y
2904,DBAPROC                       ,DL_AQI_SL_IDW_PHI             ,RL_DATAMOVER_TARGET           ,N,Y
2905,DBAPROC                       ,DL_AQI_SL_IDW_PHI             ,RL_NETVAULT                   ,N,Y
2906,DBAPROC                       ,DL_CLIN_AFF                   ,DBA                           ,N,Y
2907,DBAPROC                       ,DL_CLIN_AFF                   ,DBA                           ,N,Y
2908,DBAPROC                       ,DL_CLIN_AFF                   ,DBA                           ,N,Y
2909,DBAPROC                       ,DL_CLIN_AFF                   ,DBA                           ,N,Y
2910,DBAPROC                       ,DL_CLIN_AFF                   ,LO_DBA                        ,N,Y
2911,DBAPROC                       ,DL_CLIN_AFF                   ,LO_DBA                        ,N,Y
2912,DBAPROC                       ,DL_CLIN_AFF                   ,LO_DBA_XM                     ,N,Y
2913,DBAPROC                       ,DL_CLIN_AFF                   ,READALL_ARCHITECT             ,N,Y
2914,DBAPROC                       ,DL_CLIN_AFF                   ,RL_COMMON                     ,N,Y
2915,DBAPROC                       ,DL_CLIN_AFF                   ,RL_NETVAULT                   ,N,Y
2916,DBAPROC                       ,DL_DMS_PHI                    ,DATALAB_ALL_DL_DMS_PHI        ,N,Y
2917,DBAPROC                       ,DL_DMS_PHI                    ,DATALAB_ALL_DL_DMS_PHI        ,N,Y
2918,DBAPROC                       ,DL_DMS_PHI                    ,DATALAB_ALL_DL_DMS_PHI        ,N,Y
2919,DBAPROC                       ,DL_DMS_PHI                    ,DATALAB_ALL_DL_DMS_PHI        ,N,Y
2920,DBAPROC                       ,DL_DMS_PHI                    ,DATALAB_ALL_DL_DMS_PHI        ,N,Y
2921,DBAPROC                       ,DL_DMS_PHI                    ,DATALAB_ALL_DL_DMS_PHI        ,N,Y
2922,DBAPROC                       ,DL_DMS_PHI                    ,DATALAB_ALL_DL_DMS_PHI        ,N,Y
2923,DBAPROC                       ,DL_DMS_PHI                    ,DATALAB_ALL_DL_DMS_PHI        ,N,Y
2924,DBAPROC                       ,DL_DMS_PHI                    ,DATALAB_ALL_DL_DMS_PHI        ,N,Y
2925,DBAPROC                       ,DL_DMS_PHI                    ,DATALAB_ALL_DL_DMS_PHI        ,N,Y
2926,DBAPROC                       ,DL_DMS_PHI                    ,DATALAB_ALL_DL_DMS_PHI        ,N,Y
2927,DBAPROC                       ,DL_DMS_PHI                    ,DATALAB_ALL_DL_DMS_PHI        ,N,Y
2928,DBAPROC                       ,DL_DMS_PHI                    ,DATALAB_ALL_DL_DMS_PHI        ,N,Y
2929,DBAPROC                       ,DL_DMS_PHI                    ,DATALAB_ALL_DL_DMS_PHI        ,N,Y
2930,DBAPROC                       ,DL_DMS_PHI                    ,DATALAB_ALL_DL_DMS_PHI        ,N,Y
2931,DBAPROC                       ,DL_DMS_PHI                    ,DATALAB_ALL_DL_DMS_PHI        ,N,Y
2932,DBAPROC                       ,DL_DMS_PHI                    ,DATALAB_ALL_DL_DMS_PHI        ,N,Y
2933,DBAPROC                       ,DL_DMS_PHI                    ,DATALAB_ALL_DL_DMS_PHI        ,N,Y
2934,DBAPROC                       ,DL_DMS_PHI                    ,DATALAB_ALL_DL_DMS_PHI        ,N,Y
2935,DBAPROC                       ,DL_DMS_PHI                    ,DATALAB_READ_DL_DMS_PHI       ,N,Y
2936,DBAPROC                       ,DL_DMS_PHI                    ,DBA                           ,N,Y
2937,DBAPROC                       ,DL_DMS_PHI                    ,DBA                           ,N,Y
2938,DBAPROC                       ,DL_DMS_PHI                    ,DBA                           ,N,Y
2939,DBAPROC                       ,DL_DMS_PHI                    ,DBA                           ,N,Y
2940,DBAPROC                       ,DL_DMS_PHI                    ,DBA                           ,N,Y
2941,DBAPROC                       ,DL_DMS_PHI                    ,DBA                           ,N,Y
2942,DBAPROC                       ,DL_DMS_PHI                    ,labs_DL_DMS_LG_def            ,N,Y
2943,DBAPROC                       ,DL_DMS_PHI                    ,labs_DL_DMS_LG_def            ,N,Y
2944,DBAPROC                       ,DL_DMS_PHI                    ,labs_DL_DMS_LG_def            ,N,Y
2945,DBAPROC                       ,DL_DMS_PHI                    ,labs_DL_DMS_LG_def            ,N,Y
2946,DBAPROC                       ,DL_DMS_PHI                    ,labs_DL_DMS_LG_def            ,N,Y
2947,DBAPROC                       ,DL_DMS_PHI                    ,labs_DL_DMS_LG_def            ,N,Y
2948,DBAPROC                       ,DL_DMS_PHI                    ,labs_DL_DMS_LG_def            ,N,Y
2949,DBAPROC                       ,DL_DMS_PHI                    ,labs_DL_DMS_LG_def            ,N,Y
2950,DBAPROC                       ,DL_DMS_PHI                    ,labs_DL_DMS_LG_def            ,N,Y
2951,DBAPROC                       ,DL_DMS_PHI                    ,labs_DL_DMS_LG_def            ,N,Y
2952,DBAPROC                       ,DL_DMS_PHI                    ,labs_DL_DMS_LG_def            ,N,Y
2953,DBAPROC                       ,DL_DMS_PHI                    ,labs_DL_DMS_LG_def            ,N,Y
2954,DBAPROC                       ,DL_DMS_PHI                    ,labs_DL_DMS_LG_def            ,N,Y
2955,DBAPROC                       ,DL_DMS_PHI                    ,labs_DL_DMS_LG_def            ,N,Y
2956,DBAPROC                       ,DL_DMS_PHI                    ,labs_DL_DMS_LG_def            ,N,Y
2957,DBAPROC                       ,DL_DMS_PHI                    ,labs_DL_DMS_LG_def            ,N,Y
2958,DBAPROC                       ,DL_DMS_PHI                    ,labs_DL_DMS_LG_def            ,N,Y
2959,DBAPROC                       ,DL_DMS_PHI                    ,labs_DL_DMS_LG_def_ro         ,N,Y
2960,DBAPROC                       ,DL_DMS_PHI                    ,LO_DBA                        ,N,Y
2961,DBAPROC                       ,DL_DMS_PHI                    ,LO_DBA_XM                     ,N,Y
2962,DBAPROC                       ,DL_DMS_PHI                    ,READALL_ARCHITECT             ,N,Y
2963,DBAPROC                       ,DL_DMS_PHI                    ,RL_COMMON                     ,N,Y
2964,DBAPROC                       ,DL_DMS_PHI                    ,RL_DATAMOVER_SOURCE           ,N,Y
2965,DBAPROC                       ,DL_DMS_PHI                    ,RL_DATAMOVER_SOURCE           ,N,Y
2966,DBAPROC                       ,DL_DMS_PHI                    ,RL_DATAMOVER_SOURCE           ,N,Y
2967,DBAPROC                       ,DL_DMS_PHI                    ,RL_DATAMOVER_SOURCE           ,N,Y
2968,DBAPROC                       ,DL_DMS_PHI                    ,RL_DATAMOVER_SOURCE           ,N,Y
2969,DBAPROC                       ,DL_DMS_PHI                    ,RL_DATAMOVER_TARGET           ,N,Y
2970,DBAPROC                       ,DL_DMS_PHI                    ,RL_DATAMOVER_TARGET           ,N,Y
2971,DBAPROC                       ,DL_DMS_PHI                    ,RL_DATAMOVER_TARGET           ,N,Y
2972,DBAPROC                       ,DL_DMS_PHI                    ,RL_DATAMOVER_TARGET           ,N,Y
2973,DBAPROC                       ,DL_DMS_PHI                    ,RL_DATAMOVER_TARGET           ,N,Y
2974,DBAPROC                       ,DL_DMS_PHI                    ,RL_DATAMOVER_TARGET           ,N,Y
2975,DBAPROC                       ,DL_DMS_PHI                    ,RL_DATAMOVER_TARGET           ,N,Y
2976,DBAPROC                       ,DL_DMS_PHI                    ,RL_DATAMOVER_TARGET           ,N,Y
2977,DBAPROC                       ,DL_DMS_PHI                    ,RL_NETVAULT                   ,N,Y
2978,DBAPROC                       ,DL_PM_TM_VBESAB01             ,DATALAB_ALL_DL_PM_TM_VBESAB01 ,N,Y
2979,DBAPROC                       ,DL_PM_TM_VBESAB01             ,DATALAB_ALL_DL_PM_TM_VBESAB01 ,N,Y
2980,DBAPROC                       ,DL_PM_TM_VBESAB01             ,DATALAB_ALL_DL_PM_TM_VBESAB01 ,N,Y
2981,DBAPROC                       ,DL_PM_TM_VBESAB01             ,DATALAB_ALL_DL_PM_TM_VBESAB01 ,N,Y
2982,DBAPROC                       ,DL_PM_TM_VBESAB01             ,DATALAB_ALL_DL_PM_TM_VBESAB01 ,N,Y
2983,DBAPROC                       ,DL_PM_TM_VBESAB01             ,DATALAB_ALL_DL_PM_TM_VBESAB01 ,N,Y
2984,DBAPROC                       ,DL_PM_TM_VBESAB01             ,DATALAB_ALL_DL_PM_TM_VBESAB01 ,N,Y
2985,DBAPROC                       ,DL_PM_TM_VBESAB01             ,DATALAB_ALL_DL_PM_TM_VBESAB01 ,N,Y
2986,DBAPROC                       ,DL_PM_TM_VBESAB01             ,DATALAB_ALL_DL_PM_TM_VBESAB01 ,N,Y
2987,DBAPROC                       ,DL_PM_TM_VBESAB01             ,DATALAB_ALL_DL_PM_TM_VBESAB01 ,N,Y
2988,DBAPROC                       ,DL_PM_TM_VBESAB01             ,DATALAB_ALL_DL_PM_TM_VBESAB01 ,N,Y
2989,DBAPROC                       ,DL_PM_TM_VBESAB01             ,DATALAB_ALL_DL_PM_TM_VBESAB01 ,N,Y
2990,DBAPROC                       ,DL_PM_TM_VBESAB01             ,DATALAB_ALL_DL_PM_TM_VBESAB01 ,N,Y
2991,DBAPROC                       ,DL_PM_TM_VBESAB01             ,DATALAB_ALL_DL_PM_TM_VBESAB01 ,N,Y
2992,DBAPROC                       ,DL_PM_TM_VBESAB01             ,DATALAB_ALL_DL_PM_TM_VBESAB01 ,N,Y
2993,DBAPROC                       ,DL_PM_TM_VBESAB01             ,DATALAB_ALL_DL_PM_TM_VBESAB01 ,N,Y
2994,DBAPROC                       ,DL_PM_TM_VBESAB01             ,DATALAB_ALL_DL_PM_TM_VBESAB01 ,N,Y
2995,DBAPROC                       ,DL_PM_TM_VBESAB01             ,DATALAB_ALL_DL_PM_TM_VBESAB01 ,N,Y
2996,DBAPROC                       ,DL_PM_TM_VBESAB01             ,DATALAB_ALL_DL_PM_TM_VBESAB01 ,N,Y
2997,DBAPROC                       ,DL_PM_TM_VBESAB01             ,DATALAB_READ_DL_PM_TM_VBESAB01,N,Y
2998,DBAPROC                       ,DL_PM_TM_VBESAB01             ,DBA                           ,N,Y
2999,DBAPROC                       ,DL_PM_TM_VBESAB01             ,DBA                           ,N,Y
3000,DBAPROC                       ,DL_PM_TM_VBESAB01             ,DBA                           ,N,Y
3001,DBAPROC                       ,DL_PM_TM_VBESAB01             ,DBA                           ,N,Y
3002,DBAPROC                       ,DL_PM_TM_VBESAB01             ,DBA                           ,N,Y
3003,DBAPROC                       ,DL_PM_TM_VBESAB01             ,DBA                           ,N,Y
3004,DBAPROC                       ,DL_PM_TM_VBESAB01             ,labs_DL_PMA_LG_def            ,N,Y
3005,DBAPROC                       ,DL_PM_TM_VBESAB01             ,labs_DL_PMA_LG_def            ,N,Y
3006,DBAPROC                       ,DL_PM_TM_VBESAB01             ,labs_DL_PMA_LG_def            ,N,Y
3007,DBAPROC                       ,DL_PM_TM_VBESAB01             ,labs_DL_PMA_LG_def            ,N,Y
3008,DBAPROC                       ,DL_PM_TM_VBESAB01             ,labs_DL_PMA_LG_def            ,N,Y
3009,DBAPROC                       ,DL_PM_TM_VBESAB01             ,labs_DL_PMA_LG_def            ,N,Y
3010,DBAPROC                       ,DL_PM_TM_VBESAB01             ,labs_DL_PMA_LG_def            ,N,Y
3011,DBAPROC                       ,DL_PM_TM_VBESAB01             ,labs_DL_PMA_LG_def            ,N,Y
3012,DBAPROC                       ,DL_PM_TM_VBESAB01             ,labs_DL_PMA_LG_def            ,N,Y
3013,DBAPROC                       ,DL_PM_TM_VBESAB01             ,labs_DL_PMA_LG_def            ,N,Y
3014,DBAPROC                       ,DL_PM_TM_VBESAB01             ,labs_DL_PMA_LG_def            ,N,Y
3015,DBAPROC                       ,DL_PM_TM_VBESAB01             ,labs_DL_PMA_LG_def            ,N,Y
3016,DBAPROC                       ,DL_PM_TM_VBESAB01             ,labs_DL_PMA_LG_def            ,N,Y
3017,DBAPROC                       ,DL_PM_TM_VBESAB01             ,labs_DL_PMA_LG_def            ,N,Y
3018,DBAPROC                       ,DL_PM_TM_VBESAB01             ,labs_DL_PMA_LG_def            ,N,Y
3019,DBAPROC                       ,DL_PM_TM_VBESAB01             ,labs_DL_PMA_LG_def            ,N,Y
3020,DBAPROC                       ,DL_PM_TM_VBESAB01             ,labs_DL_PMA_LG_def            ,N,Y
3021,DBAPROC                       ,DL_PM_TM_VBESAB01             ,labs_DL_PMA_LG_def            ,N,Y
3022,DBAPROC                       ,DL_PM_TM_VBESAB01             ,labs_DL_PMA_LG_def            ,N,Y
3023,DBAPROC                       ,DL_PM_TM_VBESAB01             ,labs_DL_PMA_LG_def_ro         ,N,Y
3024,DBAPROC                       ,DL_PM_TM_VBESAB01             ,LO_DBA                        ,N,Y
3025,DBAPROC                       ,DL_PM_TM_VBESAB01             ,LO_DBA                        ,N,Y
3026,DBAPROC                       ,DL_PM_TM_VBESAB01             ,LO_DBA_XM                     ,N,Y
3027,DBAPROC                       ,DL_PM_TM_VBESAB01             ,READALL_ARCHITECT             ,N,Y
3028,DBAPROC                       ,DL_PM_TM_VBESAB01             ,RL_COMMON                     ,N,Y
3029,DBAPROC                       ,DL_PM_TM_VBESAB01             ,RL_DATAMOVER_SOURCE           ,N,Y
3030,DBAPROC                       ,DL_PM_TM_VBESAB01             ,RL_DATAMOVER_SOURCE           ,N,Y
3031,DBAPROC                       ,DL_PM_TM_VBESAB01             ,RL_DATAMOVER_SOURCE           ,N,Y
3032,DBAPROC                       ,DL_PM_TM_VBESAB01             ,RL_DATAMOVER_SOURCE           ,N,Y
3033,DBAPROC                       ,DL_PM_TM_VBESAB01             ,RL_DATAMOVER_SOURCE           ,N,Y
3034,DBAPROC                       ,DL_PM_TM_VBESAB01             ,RL_DATAMOVER_TARGET           ,N,Y
3035,DBAPROC                       ,DL_PM_TM_VBESAB01             ,RL_DATAMOVER_TARGET           ,N,Y
3036,DBAPROC                       ,DL_PM_TM_VBESAB01             ,RL_DATAMOVER_TARGET           ,N,Y
3037,DBAPROC                       ,DL_PM_TM_VBESAB01             ,RL_DATAMOVER_TARGET           ,N,Y
3038,DBAPROC                       ,DL_PM_TM_VBESAB01             ,RL_DATAMOVER_TARGET           ,N,Y
3039,DBAPROC                       ,DL_PM_TM_VBESAB01             ,RL_DATAMOVER_TARGET           ,N,Y
3040,DBAPROC                       ,DL_PM_TM_VBESAB01             ,RL_DATAMOVER_TARGET           ,N,Y
3041,DBAPROC                       ,DL_PM_TM_VBESAB01             ,RL_DATAMOVER_TARGET           ,N,Y
3042,DBAPROC                       ,DL_PM_TM_VBESAB01             ,RL_NETVAULT                   ,N,Y
3043,DBC                           ,DL_AA_TM_MAM_S                ,DATALAB_ALL_DL_EVAL_MMA       ,N,Y
3044,DBC                           ,DL_AA_TM_MAM_S                ,DATALAB_ALL_DL_EVAL_MMA       ,N,Y
3045,DBC                           ,DL_AA_TM_MAM_S                ,DATALAB_ALL_DL_EVAL_MMA       ,N,Y
3046,DBC                           ,DL_AA_TM_MAM_S                ,DATALAB_ALL_DL_EVAL_MMA       ,N,Y
3047,DBC                           ,DL_AA_TM_MAM_S                ,DATALAB_ALL_DL_EVAL_MMA       ,N,Y
3048,DBC                           ,DL_AA_TM_MAM_S                ,DATALAB_ALL_DL_EVAL_MMA       ,N,Y
3049,DBC                           ,DL_AA_TM_MAM_S                ,DATALAB_ALL_DL_EVAL_MMA       ,N,Y
3050,DBC                           ,DL_AA_TM_MAM_S                ,DATALAB_ALL_DL_EVAL_MMA       ,N,Y
3051,DBC                           ,DL_AA_TM_MAM_S                ,DATALAB_ALL_DL_EVAL_MMA       ,N,Y
3052,DBC                           ,DL_AA_TM_MAM_S                ,DATALAB_ALL_DL_EVAL_MMA       ,N,Y
3053,DBC                           ,DL_AA_TM_MAM_S                ,DATALAB_ALL_DL_EVAL_MMA       ,N,Y
3054,DBC                           ,DL_AA_TM_MAM_S                ,DATALAB_ALL_DL_EVAL_MMA       ,N,Y
3055,DBC                           ,DL_AA_TM_MAM_S                ,DATALAB_ALL_DL_EVAL_MMA       ,N,Y
3056,DBC                           ,DL_AA_TM_MAM_S                ,DATALAB_ALL_DL_EVAL_MMA       ,N,Y
3057,DBC                           ,DL_AA_TM_MAM_S                ,DATALAB_ALL_DL_EVAL_MMA       ,N,Y
3058,DBC                           ,DL_AA_TM_MAM_S                ,DATALAB_ALL_DL_EVAL_MMA       ,N,Y
3059,DBC                           ,DL_AA_TM_MAM_S                ,DATALAB_ALL_DL_EVAL_MMA       ,N,Y
3060,DBC                           ,DL_AA_TM_MAM_S                ,DATALAB_ALL_DL_EVAL_MMA       ,N,Y
3061,DBC                           ,DL_AA_TM_MAM_S                ,DATALAB_ALL_DL_EVAL_MMA       ,N,Y
3062,DBC                           ,DL_AA_TM_MAM_S                ,DATALAB_READ_DL_EVAL_MMA      ,N,Y
3063,DBC                           ,DL_AA_TM_MAM_S                ,DATALAB_READ_DL_EVAL_MMA      ,N,Y
3064,DBC                           ,DL_AA_TM_MAM_S                ,DATALAB_READ_DL_EVAL_MMA      ,N,Y
3065,DBC                           ,DL_AA_TM_MAM_S                ,DATALAB_READ_DL_EVAL_MMA      ,N,Y
3066,DBC                           ,DL_AA_TM_MAM_S                ,DATALAB_READ_DL_EVAL_MMA      ,N,Y
3067,DBC                           ,DL_AA_TM_MAM_S                ,DATALAB_READ_DL_EVAL_MMA      ,N,Y
3068,DBC                           ,DL_AA_TM_MAM_S                ,DATALAB_READ_DL_EVAL_MMA      ,N,Y
3069,DBC                           ,DL_AA_TM_MAM_S                ,DATALAB_READ_DL_EVAL_MMA      ,N,Y
3070,DBC                           ,DL_AA_TM_MAM_S                ,DATALAB_READ_DL_EVAL_MMA      ,N,Y
3071,DBC                           ,DL_AA_TM_MAM_S                ,DATALAB_READ_DL_EVAL_MMA      ,N,Y
3072,DBC                           ,DL_AA_TM_MAM_S                ,DATALAB_READ_DL_EVAL_MMA      ,N,Y
3073,DBC                           ,DL_AA_TM_MAM_S                ,DATALAB_READ_DL_EVAL_MMA      ,N,Y
3074,DBC                           ,DL_AA_TM_MAM_S                ,DATALAB_READ_DL_EVAL_MMA      ,N,Y
3075,DBC                           ,DL_AA_TM_MAM_S                ,DATALAB_READ_DL_EVAL_MMA      ,N,Y
3076,DBC                           ,DL_AA_TM_MAM_S                ,DATALAB_READ_DL_EVAL_MMA      ,N,Y
3077,DBC                           ,DL_AA_TM_MAM_S                ,DATALAB_READ_DL_EVAL_MMA      ,N,Y
3078,DBC                           ,DL_AA_TM_MAM_S                ,DATALAB_READ_DL_EVAL_MMA      ,N,Y
3079,DBC                           ,DL_AA_TM_MAM_S                ,DATALAB_READ_DL_EVAL_MMA      ,N,Y
3080,DBC                           ,DL_AA_TM_MAM_S                ,DATALAB_READ_DL_EVAL_MMA      ,N,Y
3081,DBC                           ,DL_AA_TM_MAM_S                ,DBA                           ,N,Y
3082,DBC                           ,DL_AA_TM_MAM_S                ,DBA                           ,N,Y
3083,DBC                           ,DL_AA_TM_MAM_S                ,DBA                           ,N,Y
3084,DBC                           ,DL_AA_TM_MAM_S                ,DBA                           ,N,Y
3085,DBC                           ,DL_AA_TM_MAM_S                ,DBA                           ,N,Y
3086,DBC                           ,DL_AA_TM_MAM_S                ,DBA                           ,N,Y
3087,DBC                           ,DL_AA_TM_MAM_S                ,labs_DL_AAE_LG_def            ,N,Y
3088,DBC                           ,DL_AA_TM_MAM_S                ,labs_DL_AAE_LG_def            ,N,Y
3089,DBC                           ,DL_AA_TM_MAM_S                ,labs_DL_AAE_LG_def            ,N,Y
3090,DBC                           ,DL_AA_TM_MAM_S                ,labs_DL_AAE_LG_def            ,N,Y
3091,DBC                           ,DL_AA_TM_MAM_S                ,labs_DL_AAE_LG_def            ,N,Y
3092,DBC                           ,DL_AA_TM_MAM_S                ,labs_DL_AAE_LG_def            ,N,Y
3093,DBC                           ,DL_AA_TM_MAM_S                ,labs_DL_AAE_LG_def            ,N,Y
3094,DBC                           ,DL_AA_TM_MAM_S                ,labs_DL_AAE_LG_def            ,N,Y
3095,DBC                           ,DL_AA_TM_MAM_S                ,labs_DL_AAE_LG_def            ,N,Y
3096,DBC                           ,DL_AA_TM_MAM_S                ,labs_DL_AAE_LG_def            ,N,Y
3097,DBC                           ,DL_AA_TM_MAM_S                ,labs_DL_AAE_LG_def            ,N,Y
3098,DBC                           ,DL_AA_TM_MAM_S                ,labs_DL_AAE_LG_def            ,N,Y
3099,DBC                           ,DL_AA_TM_MAM_S                ,labs_DL_AAE_LG_def            ,N,Y
3100,DBC                           ,DL_AA_TM_MAM_S                ,labs_DL_AAE_LG_def            ,N,Y
3101,DBC                           ,DL_AA_TM_MAM_S                ,labs_DL_AAE_LG_def            ,N,Y
3102,DBC                           ,DL_AA_TM_MAM_S                ,labs_DL_AAE_LG_def            ,N,Y
3103,DBC                           ,DL_AA_TM_MAM_S                ,labs_DL_AAE_LG_def            ,N,Y
3104,DBC                           ,DL_AA_TM_MAM_S                ,labs_DL_AAE_LG_def            ,N,Y
3105,DBC                           ,DL_AA_TM_MAM_S                ,labs_DL_AAE_LG_def            ,N,Y
3106,DBC                           ,DL_AA_TM_MAM_S                ,labs_DL_AAE_LG_def_ro         ,N,Y
3107,DBC                           ,DL_AA_TM_MAM_S                ,LO_DBA                        ,N,Y
3108,DBC                           ,DL_AA_TM_MAM_S                ,LO_DBA_XM                     ,N,Y
3109,DBC                           ,DL_AA_TM_MAM_S                ,READALL_ARCHITECT             ,N,Y
3110,DBC                           ,DL_AA_TM_MAM_S                ,RL_COMMON                     ,N,Y
3111,DBC                           ,DL_AA_TM_MAM_S                ,RL_DATAMOVER_SOURCE           ,N,Y
3112,DBC                           ,DL_AA_TM_MAM_S                ,RL_DATAMOVER_SOURCE           ,N,Y
3113,DBC                           ,DL_AA_TM_MAM_S                ,RL_DATAMOVER_SOURCE           ,N,Y
3114,DBC                           ,DL_AA_TM_MAM_S                ,RL_DATAMOVER_SOURCE           ,N,Y
3115,DBC                           ,DL_AA_TM_MAM_S                ,RL_DATAMOVER_SOURCE           ,N,Y
3116,DBC                           ,DL_AA_TM_MAM_S                ,RL_DATAMOVER_TARGET           ,N,Y
3117,DBC                           ,DL_AA_TM_MAM_S                ,RL_DATAMOVER_TARGET           ,N,Y
3118,DBC                           ,DL_AA_TM_MAM_S                ,RL_DATAMOVER_TARGET           ,N,Y
3119,DBC                           ,DL_AA_TM_MAM_S                ,RL_DATAMOVER_TARGET           ,N,Y
3120,DBC                           ,DL_AA_TM_MAM_S                ,RL_DATAMOVER_TARGET           ,N,Y
3121,DBC                           ,DL_AA_TM_MAM_S                ,RL_DATAMOVER_TARGET           ,N,Y
3122,DBC                           ,DL_AA_TM_MAM_S                ,RL_DATAMOVER_TARGET           ,N,Y
3123,DBC                           ,DL_AA_TM_MAM_S                ,RL_DATAMOVER_TARGET           ,N,Y
3124,DBC                           ,DL_AA_TM_MAM_S                ,RL_NETVAULT                   ,N,Y
3125,DBC                           ,DL_AQI_GBD_PHI                ,DATALAB_ALL_DL_AQI_GBD_PHI    ,N,Y
3126,DBC                           ,DL_AQI_GBD_PHI                ,DATALAB_ALL_DL_AQI_GBD_PHI    ,N,Y
3127,DBC                           ,DL_AQI_GBD_PHI                ,DATALAB_ALL_DL_AQI_GBD_PHI    ,N,Y
3128,DBC                           ,DL_AQI_GBD_PHI                ,DATALAB_ALL_DL_AQI_GBD_PHI    ,N,Y
3129,DBC                           ,DL_AQI_GBD_PHI                ,DATALAB_ALL_DL_AQI_GBD_PHI    ,N,Y
3130,DBC                           ,DL_AQI_GBD_PHI                ,DATALAB_ALL_DL_AQI_GBD_PHI    ,N,Y
3131,DBC                           ,DL_AQI_GBD_PHI                ,DATALAB_ALL_DL_AQI_GBD_PHI    ,N,Y
3132,DBC                           ,DL_AQI_GBD_PHI                ,DATALAB_ALL_DL_AQI_GBD_PHI    ,N,Y
3133,DBC                           ,DL_AQI_GBD_PHI                ,DATALAB_ALL_DL_AQI_GBD_PHI    ,N,Y
3134,DBC                           ,DL_AQI_GBD_PHI                ,DATALAB_ALL_DL_AQI_GBD_PHI    ,N,Y
3135,DBC                           ,DL_AQI_GBD_PHI                ,DATALAB_ALL_DL_AQI_GBD_PHI    ,N,Y
3136,DBC                           ,DL_AQI_GBD_PHI                ,DATALAB_ALL_DL_AQI_GBD_PHI    ,N,Y
3137,DBC                           ,DL_AQI_GBD_PHI                ,DATALAB_ALL_DL_AQI_GBD_PHI    ,N,Y
3138,DBC                           ,DL_AQI_GBD_PHI                ,DATALAB_ALL_DL_AQI_GBD_PHI    ,N,Y
3139,DBC                           ,DL_AQI_GBD_PHI                ,DATALAB_ALL_DL_AQI_GBD_PHI    ,N,Y
3140,DBC                           ,DL_AQI_GBD_PHI                ,DATALAB_ALL_DL_AQI_GBD_PHI    ,N,Y
3141,DBC                           ,DL_AQI_GBD_PHI                ,DATALAB_ALL_DL_AQI_GBD_PHI    ,N,Y
3142,DBC                           ,DL_AQI_GBD_PHI                ,DATALAB_ALL_DL_AQI_GBD_PHI    ,N,Y
3143,DBC                           ,DL_AQI_GBD_PHI                ,DATALAB_ALL_DL_AQI_GBD_PHI    ,N,Y
3144,DBC                           ,DL_AQI_GBD_PHI                ,DATALAB_READ_DL_AQI_GBD_PHI   ,N,Y
3145,DBC                           ,DL_AQI_GBD_PHI                ,DATALAB_READ_DL_AQI_PCG_PHI   ,N,Y
3146,DBC                           ,DL_AQI_GBD_PHI                ,DATALAB_READ_DL_AQI_PHI       ,N,Y
3147,DBC                           ,DL_AQI_GBD_PHI                ,DBA                           ,N,Y
3148,DBC                           ,DL_AQI_GBD_PHI                ,DBA                           ,N,Y
3149,DBC                           ,DL_AQI_GBD_PHI                ,DBA                           ,N,Y
3150,DBC                           ,DL_AQI_GBD_PHI                ,DBA                           ,N,Y
3151,DBC                           ,DL_AQI_GBD_PHI                ,DBA                           ,N,Y
3152,DBC                           ,DL_AQI_GBD_PHI                ,DBA                           ,N,Y
3153,DBC                           ,DL_AQI_GBD_PHI                ,labs_DL_AQI_LG_def            ,N,Y
3154,DBC                           ,DL_AQI_GBD_PHI                ,labs_DL_AQI_LG_def            ,N,Y
3155,DBC                           ,DL_AQI_GBD_PHI                ,labs_DL_AQI_LG_def            ,N,Y
3156,DBC                           ,DL_AQI_GBD_PHI                ,labs_DL_AQI_LG_def            ,N,Y
3157,DBC                           ,DL_AQI_GBD_PHI                ,labs_DL_AQI_LG_def            ,N,Y
3158,DBC                           ,DL_AQI_GBD_PHI                ,labs_DL_AQI_LG_def            ,N,Y
3159,DBC                           ,DL_AQI_GBD_PHI                ,labs_DL_AQI_LG_def            ,N,Y
3160,DBC                           ,DL_AQI_GBD_PHI                ,labs_DL_AQI_LG_def            ,N,Y
3161,DBC                           ,DL_AQI_GBD_PHI                ,labs_DL_AQI_LG_def            ,N,Y
3162,DBC                           ,DL_AQI_GBD_PHI                ,labs_DL_AQI_LG_def            ,N,Y
3163,DBC                           ,DL_AQI_GBD_PHI                ,labs_DL_AQI_LG_def            ,N,Y
3164,DBC                           ,DL_AQI_GBD_PHI                ,labs_DL_AQI_LG_def            ,N,Y
3165,DBC                           ,DL_AQI_GBD_PHI                ,labs_DL_AQI_LG_def            ,N,Y
3166,DBC                           ,DL_AQI_GBD_PHI                ,labs_DL_AQI_LG_def            ,N,Y
3167,DBC                           ,DL_AQI_GBD_PHI                ,labs_DL_AQI_LG_def            ,N,Y
3168,DBC                           ,DL_AQI_GBD_PHI                ,labs_DL_AQI_LG_def            ,N,Y
3169,DBC                           ,DL_AQI_GBD_PHI                ,labs_DL_AQI_LG_def            ,N,Y
3170,DBC                           ,DL_AQI_GBD_PHI                ,labs_DL_AQI_LG_def            ,N,Y
3171,DBC                           ,DL_AQI_GBD_PHI                ,labs_DL_AQI_LG_def            ,N,Y
3172,DBC                           ,DL_AQI_GBD_PHI                ,labs_DL_AQI_LG_def_ro         ,N,Y
3173,DBC                           ,DL_AQI_GBD_PHI                ,LO_DBA                        ,N,Y
3174,DBC                           ,DL_AQI_GBD_PHI                ,LO_DBA_XM                     ,N,Y
3175,DBC                           ,DL_AQI_GBD_PHI                ,READALL_ARCHITECT             ,N,Y
3176,DBC                           ,DL_AQI_GBD_PHI                ,RL_COMMON                     ,N,Y
3177,DBC                           ,DL_AQI_GBD_PHI                ,RL_DATAMOVER_SOURCE           ,N,Y
3178,DBC                           ,DL_AQI_GBD_PHI                ,RL_DATAMOVER_SOURCE           ,N,Y
3179,DBC                           ,DL_AQI_GBD_PHI                ,RL_DATAMOVER_SOURCE           ,N,Y
3180,DBC                           ,DL_AQI_GBD_PHI                ,RL_DATAMOVER_SOURCE           ,N,Y
3181,DBC                           ,DL_AQI_GBD_PHI                ,RL_DATAMOVER_SOURCE           ,N,Y
3182,DBC                           ,DL_AQI_GBD_PHI                ,RL_DATAMOVER_TARGET           ,N,Y
3183,DBC                           ,DL_AQI_GBD_PHI                ,RL_DATAMOVER_TARGET           ,N,Y
3184,DBC                           ,DL_AQI_GBD_PHI                ,RL_DATAMOVER_TARGET           ,N,Y
3185,DBC                           ,DL_AQI_GBD_PHI                ,RL_DATAMOVER_TARGET           ,N,Y
3186,DBC                           ,DL_AQI_GBD_PHI                ,RL_DATAMOVER_TARGET           ,N,Y
3187,DBC                           ,DL_AQI_GBD_PHI                ,RL_DATAMOVER_TARGET           ,N,Y
3188,DBC                           ,DL_AQI_GBD_PHI                ,RL_DATAMOVER_TARGET           ,N,Y
3189,DBC                           ,DL_AQI_GBD_PHI                ,RL_DATAMOVER_TARGET           ,N,Y
3190,DBC                           ,DL_AQI_GBD_PHI                ,RL_NETVAULT                   ,N,Y
3191,DBC                           ,DL_AQI_MBRSHP_PHI             ,DATALAB_ALL_DL_AQI_MBRSHP_PHI ,N,Y
3192,DBC                           ,DL_AQI_MBRSHP_PHI             ,DATALAB_ALL_DL_AQI_MBRSHP_PHI ,N,Y
3193,DBC                           ,DL_AQI_MBRSHP_PHI             ,DATALAB_ALL_DL_AQI_MBRSHP_PHI ,N,Y
3194,DBC                           ,DL_AQI_MBRSHP_PHI             ,DATALAB_ALL_DL_AQI_MBRSHP_PHI ,N,Y
3195,DBC                           ,DL_AQI_MBRSHP_PHI             ,DATALAB_ALL_DL_AQI_MBRSHP_PHI ,N,Y
3196,DBC                           ,DL_AQI_MBRSHP_PHI             ,DATALAB_ALL_DL_AQI_MBRSHP_PHI ,N,Y
3197,DBC                           ,DL_AQI_MBRSHP_PHI             ,DATALAB_ALL_DL_AQI_MBRSHP_PHI ,N,Y
3198,DBC                           ,DL_AQI_MBRSHP_PHI             ,DATALAB_ALL_DL_AQI_MBRSHP_PHI ,N,Y
3199,DBC                           ,DL_AQI_MBRSHP_PHI             ,DATALAB_ALL_DL_AQI_MBRSHP_PHI ,N,Y
3200,DBC                           ,DL_AQI_MBRSHP_PHI             ,DATALAB_ALL_DL_AQI_MBRSHP_PHI ,N,Y
3201,DBC                           ,DL_AQI_MBRSHP_PHI             ,DATALAB_ALL_DL_AQI_MBRSHP_PHI ,N,Y
3202,DBC                           ,DL_AQI_MBRSHP_PHI             ,DATALAB_ALL_DL_AQI_MBRSHP_PHI ,N,Y
3203,DBC                           ,DL_AQI_MBRSHP_PHI             ,DATALAB_ALL_DL_AQI_MBRSHP_PHI ,N,Y
3204,DBC                           ,DL_AQI_MBRSHP_PHI             ,DATALAB_ALL_DL_AQI_MBRSHP_PHI ,N,Y
3205,DBC                           ,DL_AQI_MBRSHP_PHI             ,DATALAB_ALL_DL_AQI_MBRSHP_PHI ,N,Y
3206,DBC                           ,DL_AQI_MBRSHP_PHI             ,DATALAB_ALL_DL_AQI_MBRSHP_PHI ,N,Y
3207,DBC                           ,DL_AQI_MBRSHP_PHI             ,DATALAB_ALL_DL_AQI_MBRSHP_PHI ,N,Y
3208,DBC                           ,DL_AQI_MBRSHP_PHI             ,DATALAB_ALL_DL_AQI_MBRSHP_PHI ,N,Y
3209,DBC                           ,DL_AQI_MBRSHP_PHI             ,DATALAB_ALL_DL_AQI_MBRSHP_PHI ,N,Y
3210,DBC                           ,DL_AQI_MBRSHP_PHI             ,DATALAB_READ_DL_AQI_MBRSHP_PHI,N,Y
3211,DBC                           ,DL_AQI_MBRSHP_PHI             ,DBA                           ,N,Y
3212,DBC                           ,DL_AQI_MBRSHP_PHI             ,DBA                           ,N,Y
3213,DBC                           ,DL_AQI_MBRSHP_PHI             ,DBA                           ,N,Y
3214,DBC                           ,DL_AQI_MBRSHP_PHI             ,DBA                           ,N,Y
3215,DBC                           ,DL_AQI_MBRSHP_PHI             ,DBA                           ,N,Y
3216,DBC                           ,DL_AQI_MBRSHP_PHI             ,DBA                           ,N,Y
3217,DBC                           ,DL_AQI_MBRSHP_PHI             ,labs_DL_AQI_LG_def            ,N,Y
3218,DBC                           ,DL_AQI_MBRSHP_PHI             ,labs_DL_AQI_LG_def            ,N,Y
3219,DBC                           ,DL_AQI_MBRSHP_PHI             ,labs_DL_AQI_LG_def            ,N,Y
3220,DBC                           ,DL_AQI_MBRSHP_PHI             ,labs_DL_AQI_LG_def            ,N,Y
3221,DBC                           ,DL_AQI_MBRSHP_PHI             ,labs_DL_AQI_LG_def            ,N,Y
3222,DBC                           ,DL_AQI_MBRSHP_PHI             ,labs_DL_AQI_LG_def            ,N,Y
3223,DBC                           ,DL_AQI_MBRSHP_PHI             ,labs_DL_AQI_LG_def            ,N,Y
3224,DBC                           ,DL_AQI_MBRSHP_PHI             ,labs_DL_AQI_LG_def            ,N,Y
3225,DBC                           ,DL_AQI_MBRSHP_PHI             ,labs_DL_AQI_LG_def            ,N,Y
3226,DBC                           ,DL_AQI_MBRSHP_PHI             ,labs_DL_AQI_LG_def            ,N,Y
3227,DBC                           ,DL_AQI_MBRSHP_PHI             ,labs_DL_AQI_LG_def            ,N,Y
3228,DBC                           ,DL_AQI_MBRSHP_PHI             ,labs_DL_AQI_LG_def            ,N,Y
3229,DBC                           ,DL_AQI_MBRSHP_PHI             ,labs_DL_AQI_LG_def            ,N,Y
3230,DBC                           ,DL_AQI_MBRSHP_PHI             ,labs_DL_AQI_LG_def            ,N,Y
3231,DBC                           ,DL_AQI_MBRSHP_PHI             ,labs_DL_AQI_LG_def            ,N,Y
3232,DBC                           ,DL_AQI_MBRSHP_PHI             ,labs_DL_AQI_LG_def            ,N,Y
3233,DBC                           ,DL_AQI_MBRSHP_PHI             ,labs_DL_AQI_LG_def            ,N,Y
3234,DBC                           ,DL_AQI_MBRSHP_PHI             ,labs_DL_AQI_LG_def            ,N,Y
3235,DBC                           ,DL_AQI_MBRSHP_PHI             ,labs_DL_AQI_LG_def            ,N,Y
3236,DBC                           ,DL_AQI_MBRSHP_PHI             ,labs_DL_AQI_LG_def_ro         ,N,Y
3237,DBC                           ,DL_AQI_MBRSHP_PHI             ,LO_DBA                        ,N,Y
3238,DBC                           ,DL_AQI_MBRSHP_PHI             ,LO_DBA_XM                     ,N,Y
3239,DBC                           ,DL_AQI_MBRSHP_PHI             ,READALL_ARCHITECT             ,N,Y
3240,DBC                           ,DL_AQI_MBRSHP_PHI             ,RL_COMMON                     ,N,Y
3241,DBC                           ,DL_AQI_MBRSHP_PHI             ,RL_DATAMOVER_SOURCE           ,N,Y
3242,DBC                           ,DL_AQI_MBRSHP_PHI             ,RL_DATAMOVER_SOURCE           ,N,Y
3243,DBC                           ,DL_AQI_MBRSHP_PHI             ,RL_DATAMOVER_SOURCE           ,N,Y
3244,DBC                           ,DL_AQI_MBRSHP_PHI             ,RL_DATAMOVER_SOURCE           ,N,Y
3245,DBC                           ,DL_AQI_MBRSHP_PHI             ,RL_DATAMOVER_SOURCE           ,N,Y
3246,DBC                           ,DL_AQI_MBRSHP_PHI             ,RL_DATAMOVER_TARGET           ,N,Y
3247,DBC                           ,DL_AQI_MBRSHP_PHI             ,RL_DATAMOVER_TARGET           ,N,Y
3248,DBC                           ,DL_AQI_MBRSHP_PHI             ,RL_DATAMOVER_TARGET           ,N,Y
3249,DBC                           ,DL_AQI_MBRSHP_PHI             ,RL_DATAMOVER_TARGET           ,N,Y
3250,DBC                           ,DL_AQI_MBRSHP_PHI             ,RL_DATAMOVER_TARGET           ,N,Y
3251,DBC                           ,DL_AQI_MBRSHP_PHI             ,RL_DATAMOVER_TARGET           ,N,Y
3252,DBC                           ,DL_AQI_MBRSHP_PHI             ,RL_DATAMOVER_TARGET           ,N,Y
3253,DBC                           ,DL_AQI_MBRSHP_PHI             ,RL_DATAMOVER_TARGET           ,N,Y
3254,DBC                           ,DL_AQI_MBRSHP_PHI             ,RL_NETVAULT                   ,N,Y
3255,DBC                           ,DL_AQI_MDCR_QDM               ,DATALAB_ALL_DL_AQI_MDCR_PHI   ,N,Y
3256,DBC                           ,DL_AQI_MDCR_QDM               ,DATALAB_ALL_DL_AQI_MDCR_PHI   ,N,Y
3257,DBC                           ,DL_AQI_MDCR_QDM               ,DATALAB_ALL_DL_AQI_MDCR_PHI   ,N,Y
3258,DBC                           ,DL_AQI_MDCR_QDM               ,DATALAB_ALL_DL_AQI_MDCR_PHI   ,N,Y
3259,DBC                           ,DL_AQI_MDCR_QDM               ,DATALAB_ALL_DL_AQI_MDCR_PHI   ,N,Y
3260,DBC                           ,DL_AQI_MDCR_QDM               ,DATALAB_ALL_DL_AQI_MDCR_PHI   ,N,Y
3261,DBC                           ,DL_AQI_MDCR_QDM               ,DATALAB_ALL_DL_AQI_MDCR_PHI   ,N,Y
3262,DBC                           ,DL_AQI_MDCR_QDM               ,DATALAB_ALL_DL_AQI_MDCR_PHI   ,N,Y
3263,DBC                           ,DL_AQI_MDCR_QDM               ,DATALAB_ALL_DL_AQI_MDCR_PHI   ,N,Y
3264,DBC                           ,DL_AQI_MDCR_QDM               ,DATALAB_ALL_DL_AQI_MDCR_PHI   ,N,Y
3265,DBC                           ,DL_AQI_MDCR_QDM               ,DATALAB_ALL_DL_AQI_MDCR_PHI   ,N,Y
3266,DBC                           ,DL_AQI_MDCR_QDM               ,DATALAB_ALL_DL_AQI_MDCR_PHI   ,N,Y
3267,DBC                           ,DL_AQI_MDCR_QDM               ,DATALAB_ALL_DL_AQI_MDCR_PHI   ,N,Y
3268,DBC                           ,DL_AQI_MDCR_QDM               ,DATALAB_ALL_DL_AQI_MDCR_PHI   ,N,Y
3269,DBC                           ,DL_AQI_MDCR_QDM               ,DATALAB_ALL_DL_AQI_MDCR_PHI   ,N,Y
3270,DBC                           ,DL_AQI_MDCR_QDM               ,DATALAB_ALL_DL_AQI_MDCR_PHI   ,N,Y
3271,DBC                           ,DL_AQI_MDCR_QDM               ,DATALAB_ALL_DL_AQI_MDCR_PHI   ,N,Y
3272,DBC                           ,DL_AQI_MDCR_QDM               ,DATALAB_ALL_DL_AQI_MDCR_PHI   ,N,Y
3273,DBC                           ,DL_AQI_MDCR_QDM               ,DATALAB_ALL_DL_AQI_MDCR_PHI   ,N,Y
3274,DBC                           ,DL_AQI_MDCR_QDM               ,DATALAB_READ_DL_AQI_MDCR_PHI  ,N,Y
3275,DBC                           ,DL_AQI_MDCR_QDM               ,DBA                           ,N,Y
3276,DBC                           ,DL_AQI_MDCR_QDM               ,DBA                           ,N,Y
3277,DBC                           ,DL_AQI_MDCR_QDM               ,DBA                           ,N,Y
3278,DBC                           ,DL_AQI_MDCR_QDM               ,DBA                           ,N,Y
3279,DBC                           ,DL_AQI_MDCR_QDM               ,DBA                           ,N,Y
3280,DBC                           ,DL_AQI_MDCR_QDM               ,DBA                           ,N,Y
3281,DBC                           ,DL_AQI_MDCR_QDM               ,labs_DL_AQI_LG_def            ,N,Y
3282,DBC                           ,DL_AQI_MDCR_QDM               ,labs_DL_AQI_LG_def            ,N,Y
3283,DBC                           ,DL_AQI_MDCR_QDM               ,labs_DL_AQI_LG_def            ,N,Y
3284,DBC                           ,DL_AQI_MDCR_QDM               ,labs_DL_AQI_LG_def            ,N,Y
3285,DBC                           ,DL_AQI_MDCR_QDM               ,labs_DL_AQI_LG_def            ,N,Y
3286,DBC                           ,DL_AQI_MDCR_QDM               ,labs_DL_AQI_LG_def            ,N,Y
3287,DBC                           ,DL_AQI_MDCR_QDM               ,labs_DL_AQI_LG_def            ,N,Y
3288,DBC                           ,DL_AQI_MDCR_QDM               ,labs_DL_AQI_LG_def            ,N,Y
3289,DBC                           ,DL_AQI_MDCR_QDM               ,labs_DL_AQI_LG_def            ,N,Y
3290,DBC                           ,DL_AQI_MDCR_QDM               ,labs_DL_AQI_LG_def            ,N,Y
3291,DBC                           ,DL_AQI_MDCR_QDM               ,labs_DL_AQI_LG_def            ,N,Y
3292,DBC                           ,DL_AQI_MDCR_QDM               ,labs_DL_AQI_LG_def            ,N,Y
3293,DBC                           ,DL_AQI_MDCR_QDM               ,labs_DL_AQI_LG_def            ,N,Y
3294,DBC                           ,DL_AQI_MDCR_QDM               ,labs_DL_AQI_LG_def            ,N,Y
3295,DBC                           ,DL_AQI_MDCR_QDM               ,labs_DL_AQI_LG_def            ,N,Y
3296,DBC                           ,DL_AQI_MDCR_QDM               ,labs_DL_AQI_LG_def            ,N,Y
3297,DBC                           ,DL_AQI_MDCR_QDM               ,labs_DL_AQI_LG_def            ,N,Y
3298,DBC                           ,DL_AQI_MDCR_QDM               ,labs_DL_AQI_LG_def            ,N,Y
3299,DBC                           ,DL_AQI_MDCR_QDM               ,labs_DL_AQI_LG_def            ,N,Y
3300,DBC                           ,DL_AQI_MDCR_QDM               ,labs_DL_AQI_LG_def_ro         ,N,Y
3301,DBC                           ,DL_AQI_MDCR_QDM               ,LO_DBA                        ,N,Y
3302,DBC                           ,DL_AQI_MDCR_QDM               ,LO_DBA_XM                     ,N,Y
3303,DBC                           ,DL_AQI_MDCR_QDM               ,READALL_ARCHITECT             ,N,Y
3304,DBC                           ,DL_AQI_MDCR_QDM               ,RL_COMMON                     ,N,Y
3305,DBC                           ,DL_AQI_MDCR_QDM               ,RL_DATAMOVER_SOURCE           ,N,Y
3306,DBC                           ,DL_AQI_MDCR_QDM               ,RL_DATAMOVER_SOURCE           ,N,Y
3307,DBC                           ,DL_AQI_MDCR_QDM               ,RL_DATAMOVER_SOURCE           ,N,Y
3308,DBC                           ,DL_AQI_MDCR_QDM               ,RL_DATAMOVER_SOURCE           ,N,Y
3309,DBC                           ,DL_AQI_MDCR_QDM               ,RL_DATAMOVER_SOURCE           ,N,Y
3310,DBC                           ,DL_AQI_MDCR_QDM               ,RL_DATAMOVER_TARGET           ,N,Y
3311,DBC                           ,DL_AQI_MDCR_QDM               ,RL_DATAMOVER_TARGET           ,N,Y
3312,DBC                           ,DL_AQI_MDCR_QDM               ,RL_DATAMOVER_TARGET           ,N,Y
3313,DBC                           ,DL_AQI_MDCR_QDM               ,RL_DATAMOVER_TARGET           ,N,Y
3314,DBC                           ,DL_AQI_MDCR_QDM               ,RL_DATAMOVER_TARGET           ,N,Y
3315,DBC                           ,DL_AQI_MDCR_QDM               ,RL_DATAMOVER_TARGET           ,N,Y
3316,DBC                           ,DL_AQI_MDCR_QDM               ,RL_DATAMOVER_TARGET           ,N,Y
3317,DBC                           ,DL_AQI_MDCR_QDM               ,RL_DATAMOVER_TARGET           ,N,Y
3318,DBC                           ,DL_AQI_MDCR_QDM               ,RL_NETVAULT                   ,N,Y
3319,DBC                           ,DL_AQI_PHI                    ,DATALAB_ALL_DL_AQI_PHI        ,N,Y
3320,DBC                           ,DL_AQI_PHI                    ,DATALAB_ALL_DL_AQI_PHI        ,N,Y
3321,DBC                           ,DL_AQI_PHI                    ,DATALAB_ALL_DL_AQI_PHI        ,N,Y
3322,DBC                           ,DL_AQI_PHI                    ,DATALAB_ALL_DL_AQI_PHI        ,N,Y
3323,DBC                           ,DL_AQI_PHI                    ,DATALAB_ALL_DL_AQI_PHI        ,N,Y
3324,DBC                           ,DL_AQI_PHI                    ,DATALAB_ALL_DL_AQI_PHI        ,N,Y
3325,DBC                           ,DL_AQI_PHI                    ,DATALAB_ALL_DL_AQI_PHI        ,N,Y
3326,DBC                           ,DL_AQI_PHI                    ,DATALAB_ALL_DL_AQI_PHI        ,N,Y
3327,DBC                           ,DL_AQI_PHI                    ,DATALAB_ALL_DL_AQI_PHI        ,N,Y
3328,DBC                           ,DL_AQI_PHI                    ,DATALAB_ALL_DL_AQI_PHI        ,N,Y
3329,DBC                           ,DL_AQI_PHI                    ,DATALAB_ALL_DL_AQI_PHI        ,N,Y
3330,DBC                           ,DL_AQI_PHI                    ,DATALAB_ALL_DL_AQI_PHI        ,N,Y
3331,DBC                           ,DL_AQI_PHI                    ,DATALAB_ALL_DL_AQI_PHI        ,N,Y
3332,DBC                           ,DL_AQI_PHI                    ,DATALAB_ALL_DL_AQI_PHI        ,N,Y
3333,DBC                           ,DL_AQI_PHI                    ,DATALAB_ALL_DL_AQI_PHI        ,N,Y
3334,DBC                           ,DL_AQI_PHI                    ,DATALAB_ALL_DL_AQI_PHI        ,N,Y
3335,DBC                           ,DL_AQI_PHI                    ,DATALAB_ALL_DL_AQI_PHI        ,N,Y
3336,DBC                           ,DL_AQI_PHI                    ,DATALAB_ALL_DL_AQI_PHI        ,N,Y
3337,DBC                           ,DL_AQI_PHI                    ,DATALAB_ALL_DL_AQI_PHI        ,N,Y
3338,DBC                           ,DL_AQI_PHI                    ,DATALAB_READ_DL_AQI_PHI       ,N,Y
3339,DBC                           ,DL_AQI_PHI                    ,DBA                           ,N,Y
3340,DBC                           ,DL_AQI_PHI                    ,DBA                           ,N,Y
3341,DBC                           ,DL_AQI_PHI                    ,DBA                           ,N,Y
3342,DBC                           ,DL_AQI_PHI                    ,DBA                           ,N,Y
3343,DBC                           ,DL_AQI_PHI                    ,DBA                           ,N,Y
3344,DBC                           ,DL_AQI_PHI                    ,DBA                           ,N,Y
3345,DBC                           ,DL_AQI_PHI                    ,labs_DL_AQI_LG_def            ,N,Y
3346,DBC                           ,DL_AQI_PHI                    ,labs_DL_AQI_LG_def            ,N,Y
3347,DBC                           ,DL_AQI_PHI                    ,labs_DL_AQI_LG_def            ,N,Y
3348,DBC                           ,DL_AQI_PHI                    ,labs_DL_AQI_LG_def            ,N,Y
3349,DBC                           ,DL_AQI_PHI                    ,labs_DL_AQI_LG_def            ,N,Y
3350,DBC                           ,DL_AQI_PHI                    ,labs_DL_AQI_LG_def            ,N,Y
3351,DBC                           ,DL_AQI_PHI                    ,labs_DL_AQI_LG_def            ,N,Y
3352,DBC                           ,DL_AQI_PHI                    ,labs_DL_AQI_LG_def            ,N,Y
3353,DBC                           ,DL_AQI_PHI                    ,labs_DL_AQI_LG_def            ,N,Y
3354,DBC                           ,DL_AQI_PHI                    ,labs_DL_AQI_LG_def            ,N,Y
3355,DBC                           ,DL_AQI_PHI                    ,labs_DL_AQI_LG_def            ,N,Y
3356,DBC                           ,DL_AQI_PHI                    ,labs_DL_AQI_LG_def            ,N,Y
3357,DBC                           ,DL_AQI_PHI                    ,labs_DL_AQI_LG_def            ,N,Y
3358,DBC                           ,DL_AQI_PHI                    ,labs_DL_AQI_LG_def            ,N,Y
3359,DBC                           ,DL_AQI_PHI                    ,labs_DL_AQI_LG_def            ,N,Y
3360,DBC                           ,DL_AQI_PHI                    ,labs_DL_AQI_LG_def            ,N,Y
3361,DBC                           ,DL_AQI_PHI                    ,labs_DL_AQI_LG_def            ,N,Y
3362,DBC                           ,DL_AQI_PHI                    ,labs_DL_AQI_LG_def            ,N,Y
3363,DBC                           ,DL_AQI_PHI                    ,labs_DL_AQI_LG_def            ,N,Y
3364,DBC                           ,DL_AQI_PHI                    ,labs_DL_AQI_LG_def_ro         ,N,Y
3365,DBC                           ,DL_AQI_PHI                    ,LO_DBA                        ,N,Y
3366,DBC                           ,DL_AQI_PHI                    ,LO_DBA_XM                     ,N,Y
3367,DBC                           ,DL_AQI_PHI                    ,READALL_ARCHITECT             ,N,Y
3368,DBC                           ,DL_AQI_PHI                    ,RL_COMMON                     ,N,Y
3369,DBC                           ,DL_AQI_PHI                    ,RL_DATAMOVER_SOURCE           ,N,Y
3370,DBC                           ,DL_AQI_PHI                    ,RL_DATAMOVER_SOURCE           ,N,Y
3371,DBC                           ,DL_AQI_PHI                    ,RL_DATAMOVER_SOURCE           ,N,Y
3372,DBC                           ,DL_AQI_PHI                    ,RL_DATAMOVER_SOURCE           ,N,Y
3373,DBC                           ,DL_AQI_PHI                    ,RL_DATAMOVER_SOURCE           ,N,Y
3374,DBC                           ,DL_AQI_PHI                    ,RL_DATAMOVER_TARGET           ,N,Y
3375,DBC                           ,DL_AQI_PHI                    ,RL_DATAMOVER_TARGET           ,N,Y
3376,DBC                           ,DL_AQI_PHI                    ,RL_DATAMOVER_TARGET           ,N,Y
3377,DBC                           ,DL_AQI_PHI                    ,RL_DATAMOVER_TARGET           ,N,Y
3378,DBC                           ,DL_AQI_PHI                    ,RL_DATAMOVER_TARGET           ,N,Y
3379,DBC                           ,DL_AQI_PHI                    ,RL_DATAMOVER_TARGET           ,N,Y
3380,DBC                           ,DL_AQI_PHI                    ,RL_DATAMOVER_TARGET           ,N,Y
3381,DBC                           ,DL_AQI_PHI                    ,RL_DATAMOVER_TARGET           ,N,Y
3382,DBC                           ,DL_AQI_PHI                    ,RL_NETVAULT                   ,N,Y
3383,DBC                           ,DL_AQI_PHI                    ,RL_NETVAULT                   ,N,Y
3384,DBC                           ,DL_AQI_PHI                    ,RL_NETVAULT                   ,N,Y
3385,DBC                           ,DL_AQI_SL_IDW_PHI             ,DATALAB_ALL_DL_AQI_SL_IDW_PHI ,N,Y
3386,DBC                           ,DL_AQI_SL_IDW_PHI             ,DATALAB_ALL_DL_AQI_SL_IDW_PHI ,N,Y
3387,DBC                           ,DL_AQI_SL_IDW_PHI             ,DATALAB_ALL_DL_AQI_SL_IDW_PHI ,N,Y
3388,DBC                           ,DL_AQI_SL_IDW_PHI             ,DATALAB_ALL_DL_AQI_SL_IDW_PHI ,N,Y
3389,DBC                           ,DL_AQI_SL_IDW_PHI             ,DATALAB_ALL_DL_AQI_SL_IDW_PHI ,N,Y
3390,DBC                           ,DL_AQI_SL_IDW_PHI             ,DATALAB_ALL_DL_AQI_SL_IDW_PHI ,N,Y
3391,DBC                           ,DL_AQI_SL_IDW_PHI             ,DATALAB_ALL_DL_AQI_SL_IDW_PHI ,N,Y
3392,DBC                           ,DL_AQI_SL_IDW_PHI             ,DATALAB_ALL_DL_AQI_SL_IDW_PHI ,N,Y
3393,DBC                           ,DL_AQI_SL_IDW_PHI             ,DATALAB_ALL_DL_AQI_SL_IDW_PHI ,N,Y
3394,DBC                           ,DL_AQI_SL_IDW_PHI             ,DATALAB_ALL_DL_AQI_SL_IDW_PHI ,N,Y
3395,DBC                           ,DL_AQI_SL_IDW_PHI             ,DATALAB_ALL_DL_AQI_SL_IDW_PHI ,N,Y
3396,DBC                           ,DL_AQI_SL_IDW_PHI             ,DATALAB_ALL_DL_AQI_SL_IDW_PHI ,N,Y
3397,DBC                           ,DL_AQI_SL_IDW_PHI             ,DATALAB_ALL_DL_AQI_SL_IDW_PHI ,N,Y
3398,DBC                           ,DL_AQI_SL_IDW_PHI             ,DATALAB_ALL_DL_AQI_SL_IDW_PHI ,N,Y
3399,DBC                           ,DL_AQI_SL_IDW_PHI             ,DATALAB_ALL_DL_AQI_SL_IDW_PHI ,N,Y
3400,DBC                           ,DL_AQI_SL_IDW_PHI             ,DATALAB_ALL_DL_AQI_SL_IDW_PHI ,N,Y
3401,DBC                           ,DL_AQI_SL_IDW_PHI             ,DATALAB_ALL_DL_AQI_SL_IDW_PHI ,N,Y
3402,DBC                           ,DL_AQI_SL_IDW_PHI             ,DATALAB_ALL_DL_AQI_SL_IDW_PHI ,N,Y
3403,DBC                           ,DL_AQI_SL_IDW_PHI             ,DATALAB_ALL_DL_AQI_SL_IDW_PHI ,N,Y
3404,DBC                           ,DL_AQI_SL_IDW_PHI             ,DATALAB_READ_DL_AQI_SL_IDW_PHI,N,Y
3405,DBC                           ,DL_AQI_SL_IDW_PHI             ,DATALAB_READ_DL_AQI_SL_IDW_PHI,N,Y
3406,DBC                           ,DL_AQI_SL_IDW_PHI             ,DATALAB_READ_DL_AQI_SL_IDW_PHI,N,Y
3407,DBC                           ,DL_AQI_SL_IDW_PHI             ,DATALAB_READ_DL_AQI_SL_IDW_PHI,N,Y
3408,DBC                           ,DL_AQI_SL_IDW_PHI             ,DATALAB_READ_DL_AQI_SL_IDW_PHI,N,Y
3409,DBC                           ,DL_AQI_SL_IDW_PHI             ,DATALAB_READ_DL_AQI_SL_IDW_PHI,N,Y
3410,DBC                           ,DL_AQI_SL_IDW_PHI             ,DATALAB_READ_DL_AQI_SL_IDW_PHI,N,Y
3411,DBC                           ,DL_AQI_SL_IDW_PHI             ,DATALAB_READ_DL_AQI_SL_IDW_PHI,N,Y
3412,DBC                           ,DL_AQI_SL_IDW_PHI             ,DATALAB_READ_DL_AQI_SL_IDW_PHI,N,Y
3413,DBC                           ,DL_AQI_SL_IDW_PHI             ,DATALAB_READ_DL_AQI_SL_IDW_PHI,N,Y
3414,DBC                           ,DL_AQI_SL_IDW_PHI             ,DATALAB_READ_DL_AQI_SL_IDW_PHI,N,Y
3415,DBC                           ,DL_AQI_SL_IDW_PHI             ,DATALAB_READ_DL_AQI_SL_IDW_PHI,N,Y
3416,DBC                           ,DL_AQI_SL_IDW_PHI             ,DATALAB_READ_DL_AQI_SL_IDW_PHI,N,Y
3417,DBC                           ,DL_AQI_SL_IDW_PHI             ,DATALAB_READ_DL_AQI_SL_IDW_PHI,N,Y
3418,DBC                           ,DL_AQI_SL_IDW_PHI             ,DATALAB_READ_DL_AQI_SL_IDW_PHI,N,Y
3419,DBC                           ,DL_AQI_SL_IDW_PHI             ,DATALAB_READ_DL_AQI_SL_IDW_PHI,N,Y
3420,DBC                           ,DL_AQI_SL_IDW_PHI             ,DATALAB_READ_DL_AQI_SL_IDW_PHI,N,Y
3421,DBC                           ,DL_AQI_SL_IDW_PHI             ,DATALAB_READ_DL_AQI_SL_IDW_PHI,N,Y
3422,DBC                           ,DL_AQI_SL_IDW_PHI             ,DATALAB_READ_DL_AQI_SL_IDW_PHI,N,Y
3423,DBC                           ,DL_AQI_SL_IDW_PHI             ,DBA                           ,N,Y
3424,DBC                           ,DL_AQI_SL_IDW_PHI             ,DBA                           ,N,Y
3425,DBC                           ,DL_AQI_SL_IDW_PHI             ,DBA                           ,N,Y
3426,DBC                           ,DL_AQI_SL_IDW_PHI             ,DBA                           ,N,Y
3427,DBC                           ,DL_AQI_SL_IDW_PHI             ,DBA                           ,N,Y
3428,DBC                           ,DL_AQI_SL_IDW_PHI             ,DBA                           ,N,Y
3429,DBC                           ,DL_AQI_SL_IDW_PHI             ,labs_DL_AQI_LG_def            ,N,Y
3430,DBC                           ,DL_AQI_SL_IDW_PHI             ,labs_DL_AQI_LG_def            ,N,Y
3431,DBC                           ,DL_AQI_SL_IDW_PHI             ,labs_DL_AQI_LG_def            ,N,Y
3432,DBC                           ,DL_AQI_SL_IDW_PHI             ,labs_DL_AQI_LG_def            ,N,Y
3433,DBC                           ,DL_AQI_SL_IDW_PHI             ,labs_DL_AQI_LG_def            ,N,Y
3434,DBC                           ,DL_AQI_SL_IDW_PHI             ,labs_DL_AQI_LG_def            ,N,Y
3435,DBC                           ,DL_AQI_SL_IDW_PHI             ,labs_DL_AQI_LG_def            ,N,Y
3436,DBC                           ,DL_AQI_SL_IDW_PHI             ,labs_DL_AQI_LG_def            ,N,Y
3437,DBC                           ,DL_AQI_SL_IDW_PHI             ,labs_DL_AQI_LG_def            ,N,Y
3438,DBC                           ,DL_AQI_SL_IDW_PHI             ,labs_DL_AQI_LG_def            ,N,Y
3439,DBC                           ,DL_AQI_SL_IDW_PHI             ,labs_DL_AQI_LG_def            ,N,Y
3440,DBC                           ,DL_AQI_SL_IDW_PHI             ,labs_DL_AQI_LG_def            ,N,Y
3441,DBC                           ,DL_AQI_SL_IDW_PHI             ,labs_DL_AQI_LG_def            ,N,Y
3442,DBC                           ,DL_AQI_SL_IDW_PHI             ,labs_DL_AQI_LG_def            ,N,Y
3443,DBC                           ,DL_AQI_SL_IDW_PHI             ,labs_DL_AQI_LG_def            ,N,Y
3444,DBC                           ,DL_AQI_SL_IDW_PHI             ,labs_DL_AQI_LG_def            ,N,Y
3445,DBC                           ,DL_AQI_SL_IDW_PHI             ,labs_DL_AQI_LG_def            ,N,Y
3446,DBC                           ,DL_AQI_SL_IDW_PHI             ,labs_DL_AQI_LG_def            ,N,Y
3447,DBC                           ,DL_AQI_SL_IDW_PHI             ,labs_DL_AQI_LG_def            ,N,Y
3448,DBC                           ,DL_AQI_SL_IDW_PHI             ,labs_DL_AQI_LG_def_ro         ,N,Y
3449,DBC                           ,DL_AQI_SL_IDW_PHI             ,LO_DBA                        ,N,Y
3450,DBC                           ,DL_AQI_SL_IDW_PHI             ,LO_DBA_XM                     ,N,Y
3451,DBC                           ,DL_AQI_SL_IDW_PHI             ,READALL_ARCHITECT             ,N,Y
3452,DBC                           ,DL_AQI_SL_IDW_PHI             ,RL_COMMON                     ,N,Y
3453,DBC                           ,DL_AQI_SL_IDW_PHI             ,RL_DATAMOVER_SOURCE           ,N,Y
3454,DBC                           ,DL_AQI_SL_IDW_PHI             ,RL_DATAMOVER_SOURCE           ,N,Y
3455,DBC                           ,DL_AQI_SL_IDW_PHI             ,RL_DATAMOVER_SOURCE           ,N,Y
3456,DBC                           ,DL_AQI_SL_IDW_PHI             ,RL_DATAMOVER_SOURCE           ,N,Y
3457,DBC                           ,DL_AQI_SL_IDW_PHI             ,RL_DATAMOVER_SOURCE           ,N,Y
3458,DBC                           ,DL_AQI_SL_IDW_PHI             ,RL_DATAMOVER_TARGET           ,N,Y
3459,DBC                           ,DL_AQI_SL_IDW_PHI             ,RL_DATAMOVER_TARGET           ,N,Y
3460,DBC                           ,DL_AQI_SL_IDW_PHI             ,RL_DATAMOVER_TARGET           ,N,Y
3461,DBC                           ,DL_AQI_SL_IDW_PHI             ,RL_DATAMOVER_TARGET           ,N,Y
3462,DBC                           ,DL_AQI_SL_IDW_PHI             ,RL_DATAMOVER_TARGET           ,N,Y
3463,DBC                           ,DL_AQI_SL_IDW_PHI             ,RL_DATAMOVER_TARGET           ,N,Y
3464,DBC                           ,DL_AQI_SL_IDW_PHI             ,RL_DATAMOVER_TARGET           ,N,Y
3465,DBC                           ,DL_AQI_SL_IDW_PHI             ,RL_DATAMOVER_TARGET           ,N,Y
3466,DBC                           ,DL_AQI_SL_IDW_PHI             ,RL_NETVAULT                   ,N,Y
3467,DBC                           ,DL_CLIN_AFF                   ,DBA                           ,N,Y
3468,DBC                           ,DL_CLIN_AFF                   ,DBA                           ,N,Y
3469,DBC                           ,DL_CLIN_AFF                   ,DBA                           ,N,Y
3470,DBC                           ,DL_CLIN_AFF                   ,DBA                           ,N,Y
3471,DBC                           ,DL_CLIN_AFF                   ,LO_DBA                        ,N,Y
3472,DBC                           ,DL_CLIN_AFF                   ,LO_DBA                        ,N,Y
3473,DBC                           ,DL_CLIN_AFF                   ,LO_DBA_XM                     ,N,Y
3474,DBC                           ,DL_CLIN_AFF                   ,READALL_ARCHITECT             ,N,Y
3475,DBC                           ,DL_CLIN_AFF                   ,RL_COMMON                     ,N,Y
3476,DBC                           ,DL_CLIN_AFF                   ,RL_NETVAULT                   ,N,Y
3477,DBC                           ,DL_DMS_PHI                    ,DATALAB_ALL_DL_DMS_PHI        ,N,Y
3478,DBC                           ,DL_DMS_PHI                    ,DATALAB_ALL_DL_DMS_PHI        ,N,Y
3479,DBC                           ,DL_DMS_PHI                    ,DATALAB_ALL_DL_DMS_PHI        ,N,Y
3480,DBC                           ,DL_DMS_PHI                    ,DATALAB_ALL_DL_DMS_PHI        ,N,Y
3481,DBC                           ,DL_DMS_PHI                    ,DATALAB_ALL_DL_DMS_PHI        ,N,Y
3482,DBC                           ,DL_DMS_PHI                    ,DATALAB_ALL_DL_DMS_PHI        ,N,Y
3483,DBC                           ,DL_DMS_PHI                    ,DATALAB_ALL_DL_DMS_PHI        ,N,Y
3484,DBC                           ,DL_DMS_PHI                    ,DATALAB_ALL_DL_DMS_PHI        ,N,Y
3485,DBC                           ,DL_DMS_PHI                    ,DATALAB_ALL_DL_DMS_PHI        ,N,Y
3486,DBC                           ,DL_DMS_PHI                    ,DATALAB_ALL_DL_DMS_PHI        ,N,Y
3487,DBC                           ,DL_DMS_PHI                    ,DATALAB_ALL_DL_DMS_PHI        ,N,Y
3488,DBC                           ,DL_DMS_PHI                    ,DATALAB_ALL_DL_DMS_PHI        ,N,Y
3489,DBC                           ,DL_DMS_PHI                    ,DATALAB_ALL_DL_DMS_PHI        ,N,Y
3490,DBC                           ,DL_DMS_PHI                    ,DATALAB_ALL_DL_DMS_PHI        ,N,Y
3491,DBC                           ,DL_DMS_PHI                    ,DATALAB_ALL_DL_DMS_PHI        ,N,Y
3492,DBC                           ,DL_DMS_PHI                    ,DATALAB_ALL_DL_DMS_PHI        ,N,Y
3493,DBC                           ,DL_DMS_PHI                    ,DATALAB_ALL_DL_DMS_PHI        ,N,Y
3494,DBC                           ,DL_DMS_PHI                    ,DATALAB_ALL_DL_DMS_PHI        ,N,Y
3495,DBC                           ,DL_DMS_PHI                    ,DATALAB_ALL_DL_DMS_PHI        ,N,Y
3496,DBC                           ,DL_DMS_PHI                    ,DATALAB_READ_DL_DMS_PHI       ,N,Y
3497,DBC                           ,DL_DMS_PHI                    ,DBA                           ,N,Y
3498,DBC                           ,DL_DMS_PHI                    ,DBA                           ,N,Y
3499,DBC                           ,DL_DMS_PHI                    ,DBA                           ,N,Y
3500,DBC                           ,DL_DMS_PHI                    ,DBA                           ,N,Y
3501,DBC                           ,DL_DMS_PHI                    ,DBA                           ,N,Y
3502,DBC                           ,DL_DMS_PHI                    ,DBA                           ,N,Y
3503,DBC                           ,DL_DMS_PHI                    ,labs_DL_DMS_LG_def            ,N,Y
3504,DBC                           ,DL_DMS_PHI                    ,labs_DL_DMS_LG_def            ,N,Y
3505,DBC                           ,DL_DMS_PHI                    ,labs_DL_DMS_LG_def            ,N,Y
3506,DBC                           ,DL_DMS_PHI                    ,labs_DL_DMS_LG_def            ,N,Y
3507,DBC                           ,DL_DMS_PHI                    ,labs_DL_DMS_LG_def            ,N,Y
3508,DBC                           ,DL_DMS_PHI                    ,labs_DL_DMS_LG_def            ,N,Y
3509,DBC                           ,DL_DMS_PHI                    ,labs_DL_DMS_LG_def            ,N,Y
3510,DBC                           ,DL_DMS_PHI                    ,labs_DL_DMS_LG_def            ,N,Y
3511,DBC                           ,DL_DMS_PHI                    ,labs_DL_DMS_LG_def            ,N,Y
3512,DBC                           ,DL_DMS_PHI                    ,labs_DL_DMS_LG_def            ,N,Y
3513,DBC                           ,DL_DMS_PHI                    ,labs_DL_DMS_LG_def            ,N,Y
3514,DBC                           ,DL_DMS_PHI                    ,labs_DL_DMS_LG_def            ,N,Y
3515,DBC                           ,DL_DMS_PHI                    ,labs_DL_DMS_LG_def            ,N,Y
3516,DBC                           ,DL_DMS_PHI                    ,labs_DL_DMS_LG_def            ,N,Y
3517,DBC                           ,DL_DMS_PHI                    ,labs_DL_DMS_LG_def            ,N,Y
3518,DBC                           ,DL_DMS_PHI                    ,labs_DL_DMS_LG_def            ,N,Y
3519,DBC                           ,DL_DMS_PHI                    ,labs_DL_DMS_LG_def            ,N,Y
3520,DBC                           ,DL_DMS_PHI                    ,labs_DL_DMS_LG_def_ro         ,N,Y
3521,DBC                           ,DL_DMS_PHI                    ,LO_DBA                        ,N,Y
3522,DBC                           ,DL_DMS_PHI                    ,LO_DBA_XM                     ,N,Y
3523,DBC                           ,DL_DMS_PHI                    ,READALL_ARCHITECT             ,N,Y
3524,DBC                           ,DL_DMS_PHI                    ,RL_COMMON                     ,N,Y
3525,DBC                           ,DL_DMS_PHI                    ,RL_DATAMOVER_SOURCE           ,N,Y
3526,DBC                           ,DL_DMS_PHI                    ,RL_DATAMOVER_SOURCE           ,N,Y
3527,DBC                           ,DL_DMS_PHI                    ,RL_DATAMOVER_SOURCE           ,N,Y
3528,DBC                           ,DL_DMS_PHI                    ,RL_DATAMOVER_SOURCE           ,N,Y
3529,DBC                           ,DL_DMS_PHI                    ,RL_DATAMOVER_SOURCE           ,N,Y
3530,DBC                           ,DL_DMS_PHI                    ,RL_DATAMOVER_TARGET           ,N,Y
3531,DBC                           ,DL_DMS_PHI                    ,RL_DATAMOVER_TARGET           ,N,Y
3532,DBC                           ,DL_DMS_PHI                    ,RL_DATAMOVER_TARGET           ,N,Y
3533,DBC                           ,DL_DMS_PHI                    ,RL_DATAMOVER_TARGET           ,N,Y
3534,DBC                           ,DL_DMS_PHI                    ,RL_DATAMOVER_TARGET           ,N,Y
3535,DBC                           ,DL_DMS_PHI                    ,RL_DATAMOVER_TARGET           ,N,Y
3536,DBC                           ,DL_DMS_PHI                    ,RL_DATAMOVER_TARGET           ,N,Y
3537,DBC                           ,DL_DMS_PHI                    ,RL_DATAMOVER_TARGET           ,N,Y
3538,DBC                           ,DL_DMS_PHI                    ,RL_NETVAULT                   ,N,Y
3539,DBC                           ,DL_PM_TM_VBESAB01             ,DATALAB_ALL_DL_PM_TM_VBESAB01 ,N,Y
3540,DBC                           ,DL_PM_TM_VBESAB01             ,DATALAB_ALL_DL_PM_TM_VBESAB01 ,N,Y
3541,DBC                           ,DL_PM_TM_VBESAB01             ,DATALAB_ALL_DL_PM_TM_VBESAB01 ,N,Y
3542,DBC                           ,DL_PM_TM_VBESAB01             ,DATALAB_ALL_DL_PM_TM_VBESAB01 ,N,Y
3543,DBC                           ,DL_PM_TM_VBESAB01             ,DATALAB_ALL_DL_PM_TM_VBESAB01 ,N,Y
3544,DBC                           ,DL_PM_TM_VBESAB01             ,DATALAB_ALL_DL_PM_TM_VBESAB01 ,N,Y
3545,DBC                           ,DL_PM_TM_VBESAB01             ,DATALAB_ALL_DL_PM_TM_VBESAB01 ,N,Y
3546,DBC                           ,DL_PM_TM_VBESAB01             ,DATALAB_ALL_DL_PM_TM_VBESAB01 ,N,Y
3547,DBC                           ,DL_PM_TM_VBESAB01             ,DATALAB_ALL_DL_PM_TM_VBESAB01 ,N,Y
3548,DBC                           ,DL_PM_TM_VBESAB01             ,DATALAB_ALL_DL_PM_TM_VBESAB01 ,N,Y
3549,DBC                           ,DL_PM_TM_VBESAB01             ,DATALAB_ALL_DL_PM_TM_VBESAB01 ,N,Y
3550,DBC                           ,DL_PM_TM_VBESAB01             ,DATALAB_ALL_DL_PM_TM_VBESAB01 ,N,Y
3551,DBC                           ,DL_PM_TM_VBESAB01             ,DATALAB_ALL_DL_PM_TM_VBESAB01 ,N,Y
3552,DBC                           ,DL_PM_TM_VBESAB01             ,DATALAB_ALL_DL_PM_TM_VBESAB01 ,N,Y
3553,DBC                           ,DL_PM_TM_VBESAB01             ,DATALAB_ALL_DL_PM_TM_VBESAB01 ,N,Y
3554,DBC                           ,DL_PM_TM_VBESAB01             ,DATALAB_ALL_DL_PM_TM_VBESAB01 ,N,Y
3555,DBC                           ,DL_PM_TM_VBESAB01             ,DATALAB_ALL_DL_PM_TM_VBESAB01 ,N,Y
3556,DBC                           ,DL_PM_TM_VBESAB01             ,DATALAB_ALL_DL_PM_TM_VBESAB01 ,N,Y
3557,DBC                           ,DL_PM_TM_VBESAB01             ,DATALAB_ALL_DL_PM_TM_VBESAB01 ,N,Y
3558,DBC                           ,DL_PM_TM_VBESAB01             ,DATALAB_READ_DL_PM_TM_VBESAB01,N,Y
3559,DBC                           ,DL_PM_TM_VBESAB01             ,DBA                           ,N,Y
3560,DBC                           ,DL_PM_TM_VBESAB01             ,DBA                           ,N,Y
3561,DBC                           ,DL_PM_TM_VBESAB01             ,DBA                           ,N,Y
3562,DBC                           ,DL_PM_TM_VBESAB01             ,DBA                           ,N,Y
3563,DBC                           ,DL_PM_TM_VBESAB01             ,DBA                           ,N,Y
3564,DBC                           ,DL_PM_TM_VBESAB01             ,DBA                           ,N,Y
3565,DBC                           ,DL_PM_TM_VBESAB01             ,labs_DL_PMA_LG_def            ,N,Y
3566,DBC                           ,DL_PM_TM_VBESAB01             ,labs_DL_PMA_LG_def            ,N,Y
3567,DBC                           ,DL_PM_TM_VBESAB01             ,labs_DL_PMA_LG_def            ,N,Y
3568,DBC                           ,DL_PM_TM_VBESAB01             ,labs_DL_PMA_LG_def            ,N,Y
3569,DBC                           ,DL_PM_TM_VBESAB01             ,labs_DL_PMA_LG_def            ,N,Y
3570,DBC                           ,DL_PM_TM_VBESAB01             ,labs_DL_PMA_LG_def            ,N,Y
3571,DBC                           ,DL_PM_TM_VBESAB01             ,labs_DL_PMA_LG_def            ,N,Y
3572,DBC                           ,DL_PM_TM_VBESAB01             ,labs_DL_PMA_LG_def            ,N,Y
3573,DBC                           ,DL_PM_TM_VBESAB01             ,labs_DL_PMA_LG_def            ,N,Y
3574,DBC                           ,DL_PM_TM_VBESAB01             ,labs_DL_PMA_LG_def            ,N,Y
3575,DBC                           ,DL_PM_TM_VBESAB01             ,labs_DL_PMA_LG_def            ,N,Y
3576,DBC                           ,DL_PM_TM_VBESAB01             ,labs_DL_PMA_LG_def            ,N,Y
3577,DBC                           ,DL_PM_TM_VBESAB01             ,labs_DL_PMA_LG_def            ,N,Y
3578,DBC                           ,DL_PM_TM_VBESAB01             ,labs_DL_PMA_LG_def            ,N,Y
3579,DBC                           ,DL_PM_TM_VBESAB01             ,labs_DL_PMA_LG_def            ,N,Y
3580,DBC                           ,DL_PM_TM_VBESAB01             ,labs_DL_PMA_LG_def            ,N,Y
3581,DBC                           ,DL_PM_TM_VBESAB01             ,labs_DL_PMA_LG_def            ,N,Y
3582,DBC                           ,DL_PM_TM_VBESAB01             ,labs_DL_PMA_LG_def            ,N,Y
3583,DBC                           ,DL_PM_TM_VBESAB01             ,labs_DL_PMA_LG_def            ,N,Y
3584,DBC                           ,DL_PM_TM_VBESAB01             ,labs_DL_PMA_LG_def_ro         ,N,Y
3585,DBC                           ,DL_PM_TM_VBESAB01             ,LO_DBA                        ,N,Y
3586,DBC                           ,DL_PM_TM_VBESAB01             ,LO_DBA                        ,N,Y
3587,DBC                           ,DL_PM_TM_VBESAB01             ,LO_DBA_XM                     ,N,Y
3588,DBC                           ,DL_PM_TM_VBESAB01             ,READALL_ARCHITECT             ,N,Y
3589,DBC                           ,DL_PM_TM_VBESAB01             ,RL_COMMON                     ,N,Y
3590,DBC                           ,DL_PM_TM_VBESAB01             ,RL_DATAMOVER_SOURCE           ,N,Y
3591,DBC                           ,DL_PM_TM_VBESAB01             ,RL_DATAMOVER_SOURCE           ,N,Y
3592,DBC                           ,DL_PM_TM_VBESAB01             ,RL_DATAMOVER_SOURCE           ,N,Y
3593,DBC                           ,DL_PM_TM_VBESAB01             ,RL_DATAMOVER_SOURCE           ,N,Y
3594,DBC                           ,DL_PM_TM_VBESAB01             ,RL_DATAMOVER_SOURCE           ,N,Y
3595,DBC                           ,DL_PM_TM_VBESAB01             ,RL_DATAMOVER_TARGET           ,N,Y
3596,DBC                           ,DL_PM_TM_VBESAB01             ,RL_DATAMOVER_TARGET           ,N,Y
3597,DBC                           ,DL_PM_TM_VBESAB01             ,RL_DATAMOVER_TARGET           ,N,Y
3598,DBC                           ,DL_PM_TM_VBESAB01             ,RL_DATAMOVER_TARGET           ,N,Y
3599,DBC                           ,DL_PM_TM_VBESAB01             ,RL_DATAMOVER_TARGET           ,N,Y
3600,DBC                           ,DL_PM_TM_VBESAB01             ,RL_DATAMOVER_TARGET           ,N,Y
3601,DBC                           ,DL_PM_TM_VBESAB01             ,RL_DATAMOVER_TARGET           ,N,Y
3602,DBC                           ,DL_PM_TM_VBESAB01             ,RL_DATAMOVER_TARGET           ,N,Y
3603,DBC                           ,DL_PM_TM_VBESAB01             ,RL_NETVAULT                   ,N,Y
3604,HPSV13                        ,DL_AA_TM_MAM_S                ,RL_COMMON                     ,N,N
3605,HPSV13                        ,DL_AQI_GBD_PHI                ,DATALAB_READ_DL_AQI_PHI       ,N,N
3606,HPSV13                        ,DL_AQI_GBD_PHI                ,RL_COMMON                     ,N,N
3607,HPSV13                        ,DL_AQI_MBRSHP_PHI             ,RL_COMMON                     ,N,N
3608,HPSV13                        ,DL_AQI_MDCR_QDM               ,RL_COMMON                     ,N,N
3609,HPSV13                        ,DL_AQI_PHI                    ,DATALAB_READ_DL_AQI_PHI       ,N,N
3610,HPSV13                        ,DL_AQI_PHI                    ,RL_COMMON                     ,N,N
3611,HPSV13                        ,DL_AQI_SL_IDW_PHI             ,DATALAB_READ_DL_AQI_SL_IDW_PHI,N,N
3612,HPSV13                        ,DL_AQI_SL_IDW_PHI             ,DATALAB_READ_DL_AQI_SL_IDW_PHI,N,N
3613,HPSV13                        ,DL_AQI_SL_IDW_PHI             ,DATALAB_READ_DL_AQI_SL_IDW_PHI,N,N
3614,HPSV13                        ,DL_AQI_SL_IDW_PHI             ,DATALAB_READ_DL_AQI_SL_IDW_PHI,N,N
3615,HPSV13                        ,DL_AQI_SL_IDW_PHI             ,DATALAB_READ_DL_AQI_SL_IDW_PHI,N,N
3616,HPSV13                        ,DL_AQI_SL_IDW_PHI             ,DATALAB_READ_DL_AQI_SL_IDW_PHI,N,N
3617,HPSV13                        ,DL_AQI_SL_IDW_PHI             ,DATALAB_READ_DL_AQI_SL_IDW_PHI,N,N
3618,HPSV13                        ,DL_AQI_SL_IDW_PHI             ,DATALAB_READ_DL_AQI_SL_IDW_PHI,N,N
3619,HPSV13                        ,DL_AQI_SL_IDW_PHI             ,DATALAB_READ_DL_AQI_SL_IDW_PHI,N,N
3620,HPSV13                        ,DL_AQI_SL_IDW_PHI             ,DATALAB_READ_DL_AQI_SL_IDW_PHI,N,N
3621,HPSV13                        ,DL_AQI_SL_IDW_PHI             ,DATALAB_READ_DL_AQI_SL_IDW_PHI,N,N
3622,HPSV13                        ,DL_AQI_SL_IDW_PHI             ,DATALAB_READ_DL_AQI_SL_IDW_PHI,N,N
3623,HPSV13                        ,DL_AQI_SL_IDW_PHI             ,DATALAB_READ_DL_AQI_SL_IDW_PHI,N,N
3624,HPSV13                        ,DL_AQI_SL_IDW_PHI             ,DATALAB_READ_DL_AQI_SL_IDW_PHI,N,N
3625,HPSV13                        ,DL_AQI_SL_IDW_PHI             ,DATALAB_READ_DL_AQI_SL_IDW_PHI,N,N
3626,HPSV13                        ,DL_AQI_SL_IDW_PHI             ,DATALAB_READ_DL_AQI_SL_IDW_PHI,N,N
3627,HPSV13                        ,DL_AQI_SL_IDW_PHI             ,DATALAB_READ_DL_AQI_SL_IDW_PHI,N,N
3628,HPSV13                        ,DL_AQI_SL_IDW_PHI             ,DATALAB_READ_DL_AQI_SL_IDW_PHI,N,N
3629,HPSV13                        ,DL_AQI_SL_IDW_PHI             ,DATALAB_READ_DL_AQI_SL_IDW_PHI,N,N
3630,HPSV13                        ,DL_AQI_SL_IDW_PHI             ,RL_COMMON                     ,N,N
3631,HPSV13                        ,DL_CLIN_AFF                   ,RL_COMMON                     ,N,N
3632,HPSV13                        ,DL_DMS_PHI                    ,RL_COMMON                     ,N,N
3633,HPSV13                        ,DL_PM_TM_VBESAB01             ,RL_COMMON                     ,N,N
3634,IPCM18                        ,DL_AA_TM_MAM_S                ,RL_COMMON                     ,N,N
3635,IPCM18                        ,DL_AQI_GBD_PHI                ,DATALAB_ALL_DL_AQI_GBD_PHI    ,N,Y
3636,IPCM18                        ,DL_AQI_GBD_PHI                ,DATALAB_ALL_DL_AQI_GBD_PHI    ,N,Y
3637,IPCM18                        ,DL_AQI_GBD_PHI                ,DATALAB_ALL_DL_AQI_GBD_PHI    ,N,Y
3638,IPCM18                        ,DL_AQI_GBD_PHI                ,DATALAB_ALL_DL_AQI_GBD_PHI    ,N,Y
3639,IPCM18                        ,DL_AQI_GBD_PHI                ,DATALAB_ALL_DL_AQI_GBD_PHI    ,N,Y
3640,IPCM18                        ,DL_AQI_GBD_PHI                ,DATALAB_ALL_DL_AQI_GBD_PHI    ,N,Y
3641,IPCM18                        ,DL_AQI_GBD_PHI                ,DATALAB_ALL_DL_AQI_GBD_PHI    ,N,Y
3642,IPCM18                        ,DL_AQI_GBD_PHI                ,DATALAB_ALL_DL_AQI_GBD_PHI    ,N,Y
3643,IPCM18                        ,DL_AQI_GBD_PHI                ,DATALAB_ALL_DL_AQI_GBD_PHI    ,N,Y
3644,IPCM18                        ,DL_AQI_GBD_PHI                ,DATALAB_ALL_DL_AQI_GBD_PHI    ,N,Y
3645,IPCM18                        ,DL_AQI_GBD_PHI                ,DATALAB_ALL_DL_AQI_GBD_PHI    ,N,Y
3646,IPCM18                        ,DL_AQI_GBD_PHI                ,DATALAB_ALL_DL_AQI_GBD_PHI    ,N,Y
3647,IPCM18                        ,DL_AQI_GBD_PHI                ,DATALAB_ALL_DL_AQI_GBD_PHI    ,N,Y
3648,IPCM18                        ,DL_AQI_GBD_PHI                ,DATALAB_ALL_DL_AQI_GBD_PHI    ,N,Y
3649,IPCM18                        ,DL_AQI_GBD_PHI                ,DATALAB_ALL_DL_AQI_GBD_PHI    ,N,Y
3650,IPCM18                        ,DL_AQI_GBD_PHI                ,DATALAB_ALL_DL_AQI_GBD_PHI    ,N,Y
3651,IPCM18                        ,DL_AQI_GBD_PHI                ,DATALAB_ALL_DL_AQI_GBD_PHI    ,N,Y
3652,IPCM18                        ,DL_AQI_GBD_PHI                ,DATALAB_ALL_DL_AQI_GBD_PHI    ,N,Y
3653,IPCM18                        ,DL_AQI_GBD_PHI                ,DATALAB_ALL_DL_AQI_GBD_PHI    ,N,Y
3654,IPCM18                        ,DL_AQI_GBD_PHI                ,DATALAB_READ_DL_AQI_GBD_PHI   ,N,Y
3655,IPCM18                        ,DL_AQI_GBD_PHI                ,DATALAB_READ_DL_AQI_PCG_PHI   ,N,Y
3656,IPCM18                        ,DL_AQI_GBD_PHI                ,DATALAB_READ_DL_AQI_PHI       ,N,Y
3657,IPCM18                        ,DL_AQI_GBD_PHI                ,RL_COMMON                     ,N,N
3658,IPCM18                        ,DL_AQI_MBRSHP_PHI             ,DATALAB_ALL_DL_AQI_MBRSHP_PHI ,N,Y
3659,IPCM18                        ,DL_AQI_MBRSHP_PHI             ,DATALAB_ALL_DL_AQI_MBRSHP_PHI ,N,Y
3660,IPCM18                        ,DL_AQI_MBRSHP_PHI             ,DATALAB_ALL_DL_AQI_MBRSHP_PHI ,N,Y
3661,IPCM18                        ,DL_AQI_MBRSHP_PHI             ,DATALAB_ALL_DL_AQI_MBRSHP_PHI ,N,Y
3662,IPCM18                        ,DL_AQI_MBRSHP_PHI             ,DATALAB_ALL_DL_AQI_MBRSHP_PHI ,N,Y
3663,IPCM18                        ,DL_AQI_MBRSHP_PHI             ,DATALAB_ALL_DL_AQI_MBRSHP_PHI ,N,Y
3664,IPCM18                        ,DL_AQI_MBRSHP_PHI             ,DATALAB_ALL_DL_AQI_MBRSHP_PHI ,N,Y
3665,IPCM18                        ,DL_AQI_MBRSHP_PHI             ,DATALAB_ALL_DL_AQI_MBRSHP_PHI ,N,Y
3666,IPCM18                        ,DL_AQI_MBRSHP_PHI             ,DATALAB_ALL_DL_AQI_MBRSHP_PHI ,N,Y
3667,IPCM18                        ,DL_AQI_MBRSHP_PHI             ,DATALAB_ALL_DL_AQI_MBRSHP_PHI ,N,Y
3668,IPCM18                        ,DL_AQI_MBRSHP_PHI             ,DATALAB_ALL_DL_AQI_MBRSHP_PHI ,N,Y
3669,IPCM18                        ,DL_AQI_MBRSHP_PHI             ,DATALAB_ALL_DL_AQI_MBRSHP_PHI ,N,Y
3670,IPCM18                        ,DL_AQI_MBRSHP_PHI             ,DATALAB_ALL_DL_AQI_MBRSHP_PHI ,N,Y
3671,IPCM18                        ,DL_AQI_MBRSHP_PHI             ,DATALAB_ALL_DL_AQI_MBRSHP_PHI ,N,Y
3672,IPCM18                        ,DL_AQI_MBRSHP_PHI             ,DATALAB_ALL_DL_AQI_MBRSHP_PHI ,N,Y
3673,IPCM18                        ,DL_AQI_MBRSHP_PHI             ,DATALAB_ALL_DL_AQI_MBRSHP_PHI ,N,Y
3674,IPCM18                        ,DL_AQI_MBRSHP_PHI             ,DATALAB_ALL_DL_AQI_MBRSHP_PHI ,N,Y
3675,IPCM18                        ,DL_AQI_MBRSHP_PHI             ,DATALAB_ALL_DL_AQI_MBRSHP_PHI ,N,Y
3676,IPCM18                        ,DL_AQI_MBRSHP_PHI             ,DATALAB_ALL_DL_AQI_MBRSHP_PHI ,N,Y
3677,IPCM18                        ,DL_AQI_MBRSHP_PHI             ,DATALAB_READ_DL_AQI_MBRSHP_PHI,N,Y
3678,IPCM18                        ,DL_AQI_MBRSHP_PHI             ,RL_COMMON                     ,N,N
3679,IPCM18                        ,DL_AQI_MDCR_QDM               ,DATALAB_ALL_DL_AQI_MDCR_PHI   ,N,Y
3680,IPCM18                        ,DL_AQI_MDCR_QDM               ,DATALAB_ALL_DL_AQI_MDCR_PHI   ,N,Y
3681,IPCM18                        ,DL_AQI_MDCR_QDM               ,DATALAB_ALL_DL_AQI_MDCR_PHI   ,N,Y
3682,IPCM18                        ,DL_AQI_MDCR_QDM               ,DATALAB_ALL_DL_AQI_MDCR_PHI   ,N,Y
3683,IPCM18                        ,DL_AQI_MDCR_QDM               ,DATALAB_ALL_DL_AQI_MDCR_PHI   ,N,Y
3684,IPCM18                        ,DL_AQI_MDCR_QDM               ,DATALAB_ALL_DL_AQI_MDCR_PHI   ,N,Y
3685,IPCM18                        ,DL_AQI_MDCR_QDM               ,DATALAB_ALL_DL_AQI_MDCR_PHI   ,N,Y
3686,IPCM18                        ,DL_AQI_MDCR_QDM               ,DATALAB_ALL_DL_AQI_MDCR_PHI   ,N,Y
3687,IPCM18                        ,DL_AQI_MDCR_QDM               ,DATALAB_ALL_DL_AQI_MDCR_PHI   ,N,Y
3688,IPCM18                        ,DL_AQI_MDCR_QDM               ,DATALAB_ALL_DL_AQI_MDCR_PHI   ,N,Y
3689,IPCM18                        ,DL_AQI_MDCR_QDM               ,DATALAB_ALL_DL_AQI_MDCR_PHI   ,N,Y
3690,IPCM18                        ,DL_AQI_MDCR_QDM               ,DATALAB_ALL_DL_AQI_MDCR_PHI   ,N,Y
3691,IPCM18                        ,DL_AQI_MDCR_QDM               ,DATALAB_ALL_DL_AQI_MDCR_PHI   ,N,Y
3692,IPCM18                        ,DL_AQI_MDCR_QDM               ,DATALAB_ALL_DL_AQI_MDCR_PHI   ,N,Y
3693,IPCM18                        ,DL_AQI_MDCR_QDM               ,DATALAB_ALL_DL_AQI_MDCR_PHI   ,N,Y
3694,IPCM18                        ,DL_AQI_MDCR_QDM               ,DATALAB_ALL_DL_AQI_MDCR_PHI   ,N,Y
3695,IPCM18                        ,DL_AQI_MDCR_QDM               ,DATALAB_ALL_DL_AQI_MDCR_PHI   ,N,Y
3696,IPCM18                        ,DL_AQI_MDCR_QDM               ,DATALAB_ALL_DL_AQI_MDCR_PHI   ,N,Y
3697,IPCM18                        ,DL_AQI_MDCR_QDM               ,DATALAB_ALL_DL_AQI_MDCR_PHI   ,N,Y
3698,IPCM18                        ,DL_AQI_MDCR_QDM               ,DATALAB_READ_DL_AQI_MDCR_PHI  ,N,Y
3699,IPCM18                        ,DL_AQI_MDCR_QDM               ,RL_COMMON                     ,N,N
3700,IPCM18                        ,DL_AQI_PHI                    ,DATALAB_ALL_DL_AQI_PHI        ,N,Y
3701,IPCM18                        ,DL_AQI_PHI                    ,DATALAB_ALL_DL_AQI_PHI        ,N,Y
3702,IPCM18                        ,DL_AQI_PHI                    ,DATALAB_ALL_DL_AQI_PHI        ,N,Y
3703,IPCM18                        ,DL_AQI_PHI                    ,DATALAB_ALL_DL_AQI_PHI        ,N,Y
3704,IPCM18                        ,DL_AQI_PHI                    ,DATALAB_ALL_DL_AQI_PHI        ,N,Y
3705,IPCM18                        ,DL_AQI_PHI                    ,DATALAB_ALL_DL_AQI_PHI        ,N,Y
3706,IPCM18                        ,DL_AQI_PHI                    ,DATALAB_ALL_DL_AQI_PHI        ,N,Y
3707,IPCM18                        ,DL_AQI_PHI                    ,DATALAB_ALL_DL_AQI_PHI        ,N,Y
3708,IPCM18                        ,DL_AQI_PHI                    ,DATALAB_ALL_DL_AQI_PHI        ,N,Y
3709,IPCM18                        ,DL_AQI_PHI                    ,DATALAB_ALL_DL_AQI_PHI        ,N,Y
3710,IPCM18                        ,DL_AQI_PHI                    ,DATALAB_ALL_DL_AQI_PHI        ,N,Y
3711,IPCM18                        ,DL_AQI_PHI                    ,DATALAB_ALL_DL_AQI_PHI        ,N,Y
3712,IPCM18                        ,DL_AQI_PHI                    ,DATALAB_ALL_DL_AQI_PHI        ,N,Y
3713,IPCM18                        ,DL_AQI_PHI                    ,DATALAB_ALL_DL_AQI_PHI        ,N,Y
3714,IPCM18                        ,DL_AQI_PHI                    ,DATALAB_ALL_DL_AQI_PHI        ,N,Y
3715,IPCM18                        ,DL_AQI_PHI                    ,DATALAB_ALL_DL_AQI_PHI        ,N,Y
3716,IPCM18                        ,DL_AQI_PHI                    ,DATALAB_ALL_DL_AQI_PHI        ,N,Y
3717,IPCM18                        ,DL_AQI_PHI                    ,DATALAB_ALL_DL_AQI_PHI        ,N,Y
3718,IPCM18                        ,DL_AQI_PHI                    ,DATALAB_ALL_DL_AQI_PHI        ,N,Y
3719,IPCM18                        ,DL_AQI_PHI                    ,DATALAB_READ_DL_AQI_PHI       ,N,Y
3720,IPCM18                        ,DL_AQI_PHI                    ,RL_COMMON                     ,N,N
3721,IPCM18                        ,DL_AQI_SL_IDW_PHI             ,DATALAB_ALL_DL_AQI_SL_IDW_PHI ,N,Y
3722,IPCM18                        ,DL_AQI_SL_IDW_PHI             ,DATALAB_ALL_DL_AQI_SL_IDW_PHI ,N,Y
3723,IPCM18                        ,DL_AQI_SL_IDW_PHI             ,DATALAB_ALL_DL_AQI_SL_IDW_PHI ,N,Y
3724,IPCM18                        ,DL_AQI_SL_IDW_PHI             ,DATALAB_ALL_DL_AQI_SL_IDW_PHI ,N,Y
3725,IPCM18                        ,DL_AQI_SL_IDW_PHI             ,DATALAB_ALL_DL_AQI_SL_IDW_PHI ,N,Y
3726,IPCM18                        ,DL_AQI_SL_IDW_PHI             ,DATALAB_ALL_DL_AQI_SL_IDW_PHI ,N,Y
3727,IPCM18                        ,DL_AQI_SL_IDW_PHI             ,DATALAB_ALL_DL_AQI_SL_IDW_PHI ,N,Y
3728,IPCM18                        ,DL_AQI_SL_IDW_PHI             ,DATALAB_ALL_DL_AQI_SL_IDW_PHI ,N,Y
3729,IPCM18                        ,DL_AQI_SL_IDW_PHI             ,DATALAB_ALL_DL_AQI_SL_IDW_PHI ,N,Y
3730,IPCM18                        ,DL_AQI_SL_IDW_PHI             ,DATALAB_ALL_DL_AQI_SL_IDW_PHI ,N,Y
3731,IPCM18                        ,DL_AQI_SL_IDW_PHI             ,DATALAB_ALL_DL_AQI_SL_IDW_PHI ,N,Y
3732,IPCM18                        ,DL_AQI_SL_IDW_PHI             ,DATALAB_ALL_DL_AQI_SL_IDW_PHI ,N,Y
3733,IPCM18                        ,DL_AQI_SL_IDW_PHI             ,DATALAB_ALL_DL_AQI_SL_IDW_PHI ,N,Y
3734,IPCM18                        ,DL_AQI_SL_IDW_PHI             ,DATALAB_ALL_DL_AQI_SL_IDW_PHI ,N,Y
3735,IPCM18                        ,DL_AQI_SL_IDW_PHI             ,DATALAB_ALL_DL_AQI_SL_IDW_PHI ,N,Y
3736,IPCM18                        ,DL_AQI_SL_IDW_PHI             ,DATALAB_ALL_DL_AQI_SL_IDW_PHI ,N,Y
3737,IPCM18                        ,DL_AQI_SL_IDW_PHI             ,DATALAB_ALL_DL_AQI_SL_IDW_PHI ,N,Y
3738,IPCM18                        ,DL_AQI_SL_IDW_PHI             ,DATALAB_ALL_DL_AQI_SL_IDW_PHI ,N,Y
3739,IPCM18                        ,DL_AQI_SL_IDW_PHI             ,DATALAB_ALL_DL_AQI_SL_IDW_PHI ,N,Y
3740,IPCM18                        ,DL_AQI_SL_IDW_PHI             ,DATALAB_READ_DL_AQI_SL_IDW_PHI,N,Y
3741,IPCM18                        ,DL_AQI_SL_IDW_PHI             ,DATALAB_READ_DL_AQI_SL_IDW_PHI,N,Y
3742,IPCM18                        ,DL_AQI_SL_IDW_PHI             ,DATALAB_READ_DL_AQI_SL_IDW_PHI,N,Y
3743,IPCM18                        ,DL_AQI_SL_IDW_PHI             ,DATALAB_READ_DL_AQI_SL_IDW_PHI,N,Y
3744,IPCM18                        ,DL_AQI_SL_IDW_PHI             ,DATALAB_READ_DL_AQI_SL_IDW_PHI,N,Y
3745,IPCM18                        ,DL_AQI_SL_IDW_PHI             ,DATALAB_READ_DL_AQI_SL_IDW_PHI,N,Y
3746,IPCM18                        ,DL_AQI_SL_IDW_PHI             ,DATALAB_READ_DL_AQI_SL_IDW_PHI,N,Y
3747,IPCM18                        ,DL_AQI_SL_IDW_PHI             ,DATALAB_READ_DL_AQI_SL_IDW_PHI,N,Y
3748,IPCM18                        ,DL_AQI_SL_IDW_PHI             ,DATALAB_READ_DL_AQI_SL_IDW_PHI,N,Y
3749,IPCM18                        ,DL_AQI_SL_IDW_PHI             ,DATALAB_READ_DL_AQI_SL_IDW_PHI,N,Y
3750,IPCM18                        ,DL_AQI_SL_IDW_PHI             ,DATALAB_READ_DL_AQI_SL_IDW_PHI,N,Y
3751,IPCM18                        ,DL_AQI_SL_IDW_PHI             ,DATALAB_READ_DL_AQI_SL_IDW_PHI,N,Y
3752,IPCM18                        ,DL_AQI_SL_IDW_PHI             ,DATALAB_READ_DL_AQI_SL_IDW_PHI,N,Y
3753,IPCM18                        ,DL_AQI_SL_IDW_PHI             ,DATALAB_READ_DL_AQI_SL_IDW_PHI,N,Y
3754,IPCM18                        ,DL_AQI_SL_IDW_PHI             ,DATALAB_READ_DL_AQI_SL_IDW_PHI,N,Y
3755,IPCM18                        ,DL_AQI_SL_IDW_PHI             ,DATALAB_READ_DL_AQI_SL_IDW_PHI,N,Y
3756,IPCM18                        ,DL_AQI_SL_IDW_PHI             ,DATALAB_READ_DL_AQI_SL_IDW_PHI,N,Y
3757,IPCM18                        ,DL_AQI_SL_IDW_PHI             ,DATALAB_READ_DL_AQI_SL_IDW_PHI,N,Y
3758,IPCM18                        ,DL_AQI_SL_IDW_PHI             ,DATALAB_READ_DL_AQI_SL_IDW_PHI,N,Y
3759,IPCM18                        ,DL_AQI_SL_IDW_PHI             ,RL_COMMON                     ,N,N
3760,IPCM18                        ,DL_CLIN_AFF                   ,RL_COMMON                     ,N,N
3761,IPCM18                        ,DL_DMS_PHI                    ,RL_COMMON                     ,N,N
3762,IPCM18                        ,DL_PM_TM_VBESAB01             ,RL_COMMON                     ,N,N
3763,MCGAUST                       ,DL_AA_TM_MAM_S                ,RL_COMMON                     ,N,N
3764,MCGAUST                       ,DL_AQI_GBD_PHI                ,RL_COMMON                     ,N,N
3765,MCGAUST                       ,DL_AQI_MBRSHP_PHI             ,RL_COMMON                     ,N,N
3766,MCGAUST                       ,DL_AQI_MDCR_QDM               ,RL_COMMON                     ,N,N
3767,MCGAUST                       ,DL_AQI_PHI                    ,RL_COMMON                     ,N,N
3768,MCGAUST                       ,DL_AQI_SL_IDW_PHI             ,RL_COMMON                     ,N,N
3769,MCGAUST                       ,DL_CLIN_AFF                   ,RL_COMMON                     ,N,N
3770,MCGAUST                       ,DL_DMS_PHI                    ,RL_COMMON                     ,N,N
3771,MCGAUST                       ,DL_PM_TM_VBESAB01             ,RL_COMMON                     ,N,N
3772,rosicsw                       ,DL_AA_TM_MAM_S                ,RL_COMMON                     ,N,N
3773,rosicsw                       ,DL_AQI_GBD_PHI                ,DATALAB_ALL_DL_AQI_GBD_PHI    ,N,Y
3774,rosicsw                       ,DL_AQI_GBD_PHI                ,DATALAB_ALL_DL_AQI_GBD_PHI    ,N,Y
3775,rosicsw                       ,DL_AQI_GBD_PHI                ,DATALAB_ALL_DL_AQI_GBD_PHI    ,N,Y
3776,rosicsw                       ,DL_AQI_GBD_PHI                ,DATALAB_ALL_DL_AQI_GBD_PHI    ,N,Y
3777,rosicsw                       ,DL_AQI_GBD_PHI                ,DATALAB_ALL_DL_AQI_GBD_PHI    ,N,Y
3778,rosicsw                       ,DL_AQI_GBD_PHI                ,DATALAB_ALL_DL_AQI_GBD_PHI    ,N,Y
3779,rosicsw                       ,DL_AQI_GBD_PHI                ,DATALAB_ALL_DL_AQI_GBD_PHI    ,N,Y
3780,rosicsw                       ,DL_AQI_GBD_PHI                ,DATALAB_ALL_DL_AQI_GBD_PHI    ,N,Y
3781,rosicsw                       ,DL_AQI_GBD_PHI                ,DATALAB_ALL_DL_AQI_GBD_PHI    ,N,Y
3782,rosicsw                       ,DL_AQI_GBD_PHI                ,DATALAB_ALL_DL_AQI_GBD_PHI    ,N,Y
3783,rosicsw                       ,DL_AQI_GBD_PHI                ,DATALAB_ALL_DL_AQI_GBD_PHI    ,N,Y
3784,rosicsw                       ,DL_AQI_GBD_PHI                ,DATALAB_ALL_DL_AQI_GBD_PHI    ,N,Y
3785,rosicsw                       ,DL_AQI_GBD_PHI                ,DATALAB_ALL_DL_AQI_GBD_PHI    ,N,Y
3786,rosicsw                       ,DL_AQI_GBD_PHI                ,DATALAB_ALL_DL_AQI_GBD_PHI    ,N,Y
3787,rosicsw                       ,DL_AQI_GBD_PHI                ,DATALAB_ALL_DL_AQI_GBD_PHI    ,N,Y
3788,rosicsw                       ,DL_AQI_GBD_PHI                ,DATALAB_ALL_DL_AQI_GBD_PHI    ,N,Y
3789,rosicsw                       ,DL_AQI_GBD_PHI                ,DATALAB_ALL_DL_AQI_GBD_PHI    ,N,Y
3790,rosicsw                       ,DL_AQI_GBD_PHI                ,DATALAB_ALL_DL_AQI_GBD_PHI    ,N,Y
3791,rosicsw                       ,DL_AQI_GBD_PHI                ,DATALAB_ALL_DL_AQI_GBD_PHI    ,N,Y
3792,rosicsw                       ,DL_AQI_GBD_PHI                ,DATALAB_READ_DL_AQI_GBD_PHI   ,N,Y
3793,rosicsw                       ,DL_AQI_GBD_PHI                ,DATALAB_READ_DL_AQI_PCG_PHI   ,N,Y
3794,rosicsw                       ,DL_AQI_GBD_PHI                ,DATALAB_READ_DL_AQI_PHI       ,N,Y
3795,rosicsw                       ,DL_AQI_GBD_PHI                ,RL_COMMON                     ,N,N
3796,rosicsw                       ,DL_AQI_MBRSHP_PHI             ,DATALAB_ALL_DL_AQI_MBRSHP_PHI ,N,Y
3797,rosicsw                       ,DL_AQI_MBRSHP_PHI             ,DATALAB_ALL_DL_AQI_MBRSHP_PHI ,N,Y
3798,rosicsw                       ,DL_AQI_MBRSHP_PHI             ,DATALAB_ALL_DL_AQI_MBRSHP_PHI ,N,Y
3799,rosicsw                       ,DL_AQI_MBRSHP_PHI             ,DATALAB_ALL_DL_AQI_MBRSHP_PHI ,N,Y
3800,rosicsw                       ,DL_AQI_MBRSHP_PHI             ,DATALAB_ALL_DL_AQI_MBRSHP_PHI ,N,Y
3801,rosicsw                       ,DL_AQI_MBRSHP_PHI             ,DATALAB_ALL_DL_AQI_MBRSHP_PHI ,N,Y
3802,rosicsw                       ,DL_AQI_MBRSHP_PHI             ,DATALAB_ALL_DL_AQI_MBRSHP_PHI ,N,Y
3803,rosicsw                       ,DL_AQI_MBRSHP_PHI             ,DATALAB_ALL_DL_AQI_MBRSHP_PHI ,N,Y
3804,rosicsw                       ,DL_AQI_MBRSHP_PHI             ,DATALAB_ALL_DL_AQI_MBRSHP_PHI ,N,Y
3805,rosicsw                       ,DL_AQI_MBRSHP_PHI             ,DATALAB_ALL_DL_AQI_MBRSHP_PHI ,N,Y
3806,rosicsw                       ,DL_AQI_MBRSHP_PHI             ,DATALAB_ALL_DL_AQI_MBRSHP_PHI ,N,Y
3807,rosicsw                       ,DL_AQI_MBRSHP_PHI             ,DATALAB_ALL_DL_AQI_MBRSHP_PHI ,N,Y
3808,rosicsw                       ,DL_AQI_MBRSHP_PHI             ,DATALAB_ALL_DL_AQI_MBRSHP_PHI ,N,Y
3809,rosicsw                       ,DL_AQI_MBRSHP_PHI             ,DATALAB_ALL_DL_AQI_MBRSHP_PHI ,N,Y
3810,rosicsw                       ,DL_AQI_MBRSHP_PHI             ,DATALAB_ALL_DL_AQI_MBRSHP_PHI ,N,Y
3811,rosicsw                       ,DL_AQI_MBRSHP_PHI             ,DATALAB_ALL_DL_AQI_MBRSHP_PHI ,N,Y
3812,rosicsw                       ,DL_AQI_MBRSHP_PHI             ,DATALAB_ALL_DL_AQI_MBRSHP_PHI ,N,Y
3813,rosicsw                       ,DL_AQI_MBRSHP_PHI             ,DATALAB_ALL_DL_AQI_MBRSHP_PHI ,N,Y
3814,rosicsw                       ,DL_AQI_MBRSHP_PHI             ,DATALAB_ALL_DL_AQI_MBRSHP_PHI ,N,Y
3815,rosicsw                       ,DL_AQI_MBRSHP_PHI             ,DATALAB_READ_DL_AQI_MBRSHP_PHI,N,Y
3816,rosicsw                       ,DL_AQI_MBRSHP_PHI             ,RL_COMMON                     ,N,N
3817,rosicsw                       ,DL_AQI_MDCR_QDM               ,DATALAB_ALL_DL_AQI_MDCR_PHI   ,N,Y
3818,rosicsw                       ,DL_AQI_MDCR_QDM               ,DATALAB_ALL_DL_AQI_MDCR_PHI   ,N,Y
3819,rosicsw                       ,DL_AQI_MDCR_QDM               ,DATALAB_ALL_DL_AQI_MDCR_PHI   ,N,Y
3820,rosicsw                       ,DL_AQI_MDCR_QDM               ,DATALAB_ALL_DL_AQI_MDCR_PHI   ,N,Y
3821,rosicsw                       ,DL_AQI_MDCR_QDM               ,DATALAB_ALL_DL_AQI_MDCR_PHI   ,N,Y
3822,rosicsw                       ,DL_AQI_MDCR_QDM               ,DATALAB_ALL_DL_AQI_MDCR_PHI   ,N,Y
3823,rosicsw                       ,DL_AQI_MDCR_QDM               ,DATALAB_ALL_DL_AQI_MDCR_PHI   ,N,Y
3824,rosicsw                       ,DL_AQI_MDCR_QDM               ,DATALAB_ALL_DL_AQI_MDCR_PHI   ,N,Y
3825,rosicsw                       ,DL_AQI_MDCR_QDM               ,DATALAB_ALL_DL_AQI_MDCR_PHI   ,N,Y
3826,rosicsw                       ,DL_AQI_MDCR_QDM               ,DATALAB_ALL_DL_AQI_MDCR_PHI   ,N,Y
3827,rosicsw                       ,DL_AQI_MDCR_QDM               ,DATALAB_ALL_DL_AQI_MDCR_PHI   ,N,Y
3828,rosicsw                       ,DL_AQI_MDCR_QDM               ,DATALAB_ALL_DL_AQI_MDCR_PHI   ,N,Y
3829,rosicsw                       ,DL_AQI_MDCR_QDM               ,DATALAB_ALL_DL_AQI_MDCR_PHI   ,N,Y
3830,rosicsw                       ,DL_AQI_MDCR_QDM               ,DATALAB_ALL_DL_AQI_MDCR_PHI   ,N,Y
3831,rosicsw                       ,DL_AQI_MDCR_QDM               ,DATALAB_ALL_DL_AQI_MDCR_PHI   ,N,Y
3832,rosicsw                       ,DL_AQI_MDCR_QDM               ,DATALAB_ALL_DL_AQI_MDCR_PHI   ,N,Y
3833,rosicsw                       ,DL_AQI_MDCR_QDM               ,DATALAB_ALL_DL_AQI_MDCR_PHI   ,N,Y
3834,rosicsw                       ,DL_AQI_MDCR_QDM               ,DATALAB_ALL_DL_AQI_MDCR_PHI   ,N,Y
3835,rosicsw                       ,DL_AQI_MDCR_QDM               ,DATALAB_ALL_DL_AQI_MDCR_PHI   ,N,Y
3836,rosicsw                       ,DL_AQI_MDCR_QDM               ,DATALAB_READ_DL_AQI_MDCR_PHI  ,N,Y
3837,rosicsw                       ,DL_AQI_MDCR_QDM               ,RL_COMMON                     ,N,N
3838,rosicsw                       ,DL_AQI_PHI                    ,DATALAB_ALL_DL_AQI_PHI        ,N,Y
3839,rosicsw                       ,DL_AQI_PHI                    ,DATALAB_ALL_DL_AQI_PHI        ,N,Y
3840,rosicsw                       ,DL_AQI_PHI                    ,DATALAB_ALL_DL_AQI_PHI        ,N,Y
3841,rosicsw                       ,DL_AQI_PHI                    ,DATALAB_ALL_DL_AQI_PHI        ,N,Y
3842,rosicsw                       ,DL_AQI_PHI                    ,DATALAB_ALL_DL_AQI_PHI        ,N,Y
3843,rosicsw                       ,DL_AQI_PHI                    ,DATALAB_ALL_DL_AQI_PHI        ,N,Y
3844,rosicsw                       ,DL_AQI_PHI                    ,DATALAB_ALL_DL_AQI_PHI        ,N,Y
3845,rosicsw                       ,DL_AQI_PHI                    ,DATALAB_ALL_DL_AQI_PHI        ,N,Y
3846,rosicsw                       ,DL_AQI_PHI                    ,DATALAB_ALL_DL_AQI_PHI        ,N,Y
3847,rosicsw                       ,DL_AQI_PHI                    ,DATALAB_ALL_DL_AQI_PHI        ,N,Y
3848,rosicsw                       ,DL_AQI_PHI                    ,DATALAB_ALL_DL_AQI_PHI        ,N,Y
3849,rosicsw                       ,DL_AQI_PHI                    ,DATALAB_ALL_DL_AQI_PHI        ,N,Y
3850,rosicsw                       ,DL_AQI_PHI                    ,DATALAB_ALL_DL_AQI_PHI        ,N,Y
3851,rosicsw                       ,DL_AQI_PHI                    ,DATALAB_ALL_DL_AQI_PHI        ,N,Y
3852,rosicsw                       ,DL_AQI_PHI                    ,DATALAB_ALL_DL_AQI_PHI        ,N,Y
3853,rosicsw                       ,DL_AQI_PHI                    ,DATALAB_ALL_DL_AQI_PHI        ,N,Y
3854,rosicsw                       ,DL_AQI_PHI                    ,DATALAB_ALL_DL_AQI_PHI        ,N,Y
3855,rosicsw                       ,DL_AQI_PHI                    ,DATALAB_ALL_DL_AQI_PHI        ,N,Y
3856,rosicsw                       ,DL_AQI_PHI                    ,DATALAB_ALL_DL_AQI_PHI        ,N,Y
3857,rosicsw                       ,DL_AQI_PHI                    ,DATALAB_READ_DL_AQI_PHI       ,N,Y
3858,rosicsw                       ,DL_AQI_PHI                    ,RL_COMMON                     ,N,N
3859,rosicsw                       ,DL_AQI_SL_IDW_PHI             ,DATALAB_ALL_DL_AQI_SL_IDW_PHI ,N,Y
3860,rosicsw                       ,DL_AQI_SL_IDW_PHI             ,DATALAB_ALL_DL_AQI_SL_IDW_PHI ,N,Y
3861,rosicsw                       ,DL_AQI_SL_IDW_PHI             ,DATALAB_ALL_DL_AQI_SL_IDW_PHI ,N,Y
3862,rosicsw                       ,DL_AQI_SL_IDW_PHI             ,DATALAB_ALL_DL_AQI_SL_IDW_PHI ,N,Y
3863,rosicsw                       ,DL_AQI_SL_IDW_PHI             ,DATALAB_ALL_DL_AQI_SL_IDW_PHI ,N,Y
3864,rosicsw                       ,DL_AQI_SL_IDW_PHI             ,DATALAB_ALL_DL_AQI_SL_IDW_PHI ,N,Y
3865,rosicsw                       ,DL_AQI_SL_IDW_PHI             ,DATALAB_ALL_DL_AQI_SL_IDW_PHI ,N,Y
3866,rosicsw                       ,DL_AQI_SL_IDW_PHI             ,DATALAB_ALL_DL_AQI_SL_IDW_PHI ,N,Y
3867,rosicsw                       ,DL_AQI_SL_IDW_PHI             ,DATALAB_ALL_DL_AQI_SL_IDW_PHI ,N,Y
3868,rosicsw                       ,DL_AQI_SL_IDW_PHI             ,DATALAB_ALL_DL_AQI_SL_IDW_PHI ,N,Y
3869,rosicsw                       ,DL_AQI_SL_IDW_PHI             ,DATALAB_ALL_DL_AQI_SL_IDW_PHI ,N,Y
3870,rosicsw                       ,DL_AQI_SL_IDW_PHI             ,DATALAB_ALL_DL_AQI_SL_IDW_PHI ,N,Y
3871,rosicsw                       ,DL_AQI_SL_IDW_PHI             ,DATALAB_ALL_DL_AQI_SL_IDW_PHI ,N,Y
3872,rosicsw                       ,DL_AQI_SL_IDW_PHI             ,DATALAB_ALL_DL_AQI_SL_IDW_PHI ,N,Y
3873,rosicsw                       ,DL_AQI_SL_IDW_PHI             ,DATALAB_ALL_DL_AQI_SL_IDW_PHI ,N,Y
3874,rosicsw                       ,DL_AQI_SL_IDW_PHI             ,DATALAB_ALL_DL_AQI_SL_IDW_PHI ,N,Y
3875,rosicsw                       ,DL_AQI_SL_IDW_PHI             ,DATALAB_ALL_DL_AQI_SL_IDW_PHI ,N,Y
3876,rosicsw                       ,DL_AQI_SL_IDW_PHI             ,DATALAB_ALL_DL_AQI_SL_IDW_PHI ,N,Y
3877,rosicsw                       ,DL_AQI_SL_IDW_PHI             ,DATALAB_ALL_DL_AQI_SL_IDW_PHI ,N,Y
3878,rosicsw                       ,DL_AQI_SL_IDW_PHI             ,DATALAB_READ_DL_AQI_SL_IDW_PHI,N,Y
3879,rosicsw                       ,DL_AQI_SL_IDW_PHI             ,DATALAB_READ_DL_AQI_SL_IDW_PHI,N,Y
3880,rosicsw                       ,DL_AQI_SL_IDW_PHI             ,DATALAB_READ_DL_AQI_SL_IDW_PHI,N,Y
3881,rosicsw                       ,DL_AQI_SL_IDW_PHI             ,DATALAB_READ_DL_AQI_SL_IDW_PHI,N,Y
3882,rosicsw                       ,DL_AQI_SL_IDW_PHI             ,DATALAB_READ_DL_AQI_SL_IDW_PHI,N,Y
3883,rosicsw                       ,DL_AQI_SL_IDW_PHI             ,DATALAB_READ_DL_AQI_SL_IDW_PHI,N,Y
3884,rosicsw                       ,DL_AQI_SL_IDW_PHI             ,DATALAB_READ_DL_AQI_SL_IDW_PHI,N,Y
3885,rosicsw                       ,DL_AQI_SL_IDW_PHI             ,DATALAB_READ_DL_AQI_SL_IDW_PHI,N,Y
3886,rosicsw                       ,DL_AQI_SL_IDW_PHI             ,DATALAB_READ_DL_AQI_SL_IDW_PHI,N,Y
3887,rosicsw                       ,DL_AQI_SL_IDW_PHI             ,DATALAB_READ_DL_AQI_SL_IDW_PHI,N,Y
3888,rosicsw                       ,DL_AQI_SL_IDW_PHI             ,DATALAB_READ_DL_AQI_SL_IDW_PHI,N,Y
3889,rosicsw                       ,DL_AQI_SL_IDW_PHI             ,DATALAB_READ_DL_AQI_SL_IDW_PHI,N,Y
3890,rosicsw                       ,DL_AQI_SL_IDW_PHI             ,DATALAB_READ_DL_AQI_SL_IDW_PHI,N,Y
3891,rosicsw                       ,DL_AQI_SL_IDW_PHI             ,DATALAB_READ_DL_AQI_SL_IDW_PHI,N,Y
3892,rosicsw                       ,DL_AQI_SL_IDW_PHI             ,DATALAB_READ_DL_AQI_SL_IDW_PHI,N,Y
3893,rosicsw                       ,DL_AQI_SL_IDW_PHI             ,DATALAB_READ_DL_AQI_SL_IDW_PHI,N,Y
3894,rosicsw                       ,DL_AQI_SL_IDW_PHI             ,DATALAB_READ_DL_AQI_SL_IDW_PHI,N,Y
3895,rosicsw                       ,DL_AQI_SL_IDW_PHI             ,DATALAB_READ_DL_AQI_SL_IDW_PHI,N,Y
3896,rosicsw                       ,DL_AQI_SL_IDW_PHI             ,DATALAB_READ_DL_AQI_SL_IDW_PHI,N,Y
3897,rosicsw                       ,DL_AQI_SL_IDW_PHI             ,RL_COMMON                     ,N,N
3898,rosicsw                       ,DL_CLIN_AFF                   ,RL_COMMON                     ,N,N
3899,rosicsw                       ,DL_DMS_PHI                    ,RL_COMMON                     ,N,N
3900,rosicsw                       ,DL_PM_TM_VBESAB01             ,RL_COMMON                     ,N,N
3901,SAXENPR                       ,DL_AA_TM_MAM_S                ,RL_COMMON                     ,N,N
3902,SAXENPR                       ,DL_AQI_GBD_PHI                ,RL_COMMON                     ,N,N
3903,SAXENPR                       ,DL_AQI_MBRSHP_PHI             ,RL_COMMON                     ,N,N
3904,SAXENPR                       ,DL_AQI_MDCR_QDM               ,RL_COMMON                     ,N,N
3905,SAXENPR                       ,DL_AQI_PHI                    ,RL_COMMON                     ,N,N
3906,SAXENPR                       ,DL_AQI_SL_IDW_PHI             ,RL_COMMON                     ,N,N
3907,SAXENPR                       ,DL_CLIN_AFF                   ,RL_COMMON                     ,N,N
3908,SAXENPR                       ,DL_DMS_PHI                    ,RL_COMMON                     ,N,N
3909,SAXENPR                       ,DL_PM_TM_VBESAB01             ,RL_COMMON                     ,N,N
3910,SIMMSKR                       ,DL_AA_TM_MAM_S                ,RL_COMMON                     ,N,N
3911,SIMMSKR                       ,DL_AQI_GBD_PHI                ,RL_COMMON                     ,N,N
3912,SIMMSKR                       ,DL_AQI_MBRSHP_PHI             ,RL_COMMON                     ,N,N
3913,SIMMSKR                       ,DL_AQI_MDCR_QDM               ,RL_COMMON                     ,N,N
3914,SIMMSKR                       ,DL_AQI_PHI                    ,RL_COMMON                     ,N,N
3915,SIMMSKR                       ,DL_AQI_SL_IDW_PHI             ,RL_COMMON                     ,N,N
3916,SIMMSKR                       ,DL_CLIN_AFF                   ,RL_COMMON                     ,N,N
3917,SIMMSKR                       ,DL_DMS_PHI                    ,RL_COMMON                     ,N,N
3918,SIMMSKR                       ,DL_PM_TM_VBESAB01             ,RL_COMMON                     ,N,N
3919,SRCLABDATACPY                 ,DL_AA_TM_MAM_S                ,RL_COMMON                     ,N,N
3920,SRCLABDATACPY                 ,DL_AQI_GBD_PHI                ,RL_COMMON                     ,N,N
3921,SRCLABDATACPY                 ,DL_AQI_MBRSHP_PHI             ,RL_COMMON                     ,N,N
3922,SRCLABDATACPY                 ,DL_AQI_MDCR_QDM               ,RL_COMMON                     ,N,N
3923,SRCLABDATACPY                 ,DL_AQI_PHI                    ,RL_COMMON                     ,N,N
3924,SRCLABDATACPY                 ,DL_AQI_SL_IDW_PHI             ,RL_COMMON                     ,N,N
3925,SRCLABDATACPY                 ,DL_CLIN_AFF                   ,RL_COMMON                     ,N,N
3926,SRCLABDATACPY                 ,DL_DMS_PHI                    ,DATALAB_READ_DL_DMS_PHI       ,N,N
3927,SRCLABDATACPY                 ,DL_DMS_PHI                    ,RL_COMMON                     ,N,N
3928,SRCLABDATACPY                 ,DL_PM_TM_VBESAB01             ,RL_COMMON                     ,N,N
3929,TONEYRC                       ,DL_AA_TM_MAM_S                ,RL_COMMON                     ,N,N
3930,TONEYRC                       ,DL_AQI_GBD_PHI                ,RL_COMMON                     ,N,N
3931,TONEYRC                       ,DL_AQI_MBRSHP_PHI             ,RL_COMMON                     ,N,N
3932,TONEYRC                       ,DL_AQI_MDCR_QDM               ,RL_COMMON                     ,N,N
3933,TONEYRC                       ,DL_AQI_PHI                    ,RL_COMMON                     ,N,N
3934,TONEYRC                       ,DL_AQI_SL_IDW_PHI             ,RL_COMMON                     ,N,N
3935,TONEYRC                       ,DL_CLIN_AFF                   ,RL_COMMON                     ,N,N
3936,TONEYRC                       ,DL_DMS_PHI                    ,DATALAB_ALL_DL_DMS_PHI        ,N,N
3937,TONEYRC                       ,DL_DMS_PHI                    ,DATALAB_ALL_DL_DMS_PHI        ,N,N
3938,TONEYRC                       ,DL_DMS_PHI                    ,DATALAB_ALL_DL_DMS_PHI        ,N,N
3939,TONEYRC                       ,DL_DMS_PHI                    ,DATALAB_ALL_DL_DMS_PHI        ,N,N
3940,TONEYRC                       ,DL_DMS_PHI                    ,DATALAB_ALL_DL_DMS_PHI        ,N,N
3941,TONEYRC                       ,DL_DMS_PHI                    ,DATALAB_ALL_DL_DMS_PHI        ,N,N
3942,TONEYRC                       ,DL_DMS_PHI                    ,DATALAB_ALL_DL_DMS_PHI        ,N,N
3943,TONEYRC                       ,DL_DMS_PHI                    ,DATALAB_ALL_DL_DMS_PHI        ,N,N
3944,TONEYRC                       ,DL_DMS_PHI                    ,DATALAB_ALL_DL_DMS_PHI        ,N,N
3945,TONEYRC                       ,DL_DMS_PHI                    ,DATALAB_ALL_DL_DMS_PHI        ,N,N
3946,TONEYRC                       ,DL_DMS_PHI                    ,DATALAB_ALL_DL_DMS_PHI        ,N,N
3947,TONEYRC                       ,DL_DMS_PHI                    ,DATALAB_ALL_DL_DMS_PHI        ,N,N
3948,TONEYRC                       ,DL_DMS_PHI                    ,DATALAB_ALL_DL_DMS_PHI        ,N,N
3949,TONEYRC                       ,DL_DMS_PHI                    ,DATALAB_ALL_DL_DMS_PHI        ,N,N
3950,TONEYRC                       ,DL_DMS_PHI                    ,DATALAB_ALL_DL_DMS_PHI        ,N,N
3951,TONEYRC                       ,DL_DMS_PHI                    ,DATALAB_ALL_DL_DMS_PHI        ,N,N
3952,TONEYRC                       ,DL_DMS_PHI                    ,DATALAB_ALL_DL_DMS_PHI        ,N,N
3953,TONEYRC                       ,DL_DMS_PHI                    ,DATALAB_ALL_DL_DMS_PHI        ,N,N
3954,TONEYRC                       ,DL_DMS_PHI                    ,DATALAB_ALL_DL_DMS_PHI        ,N,N
3955,TONEYRC                       ,DL_DMS_PHI                    ,RL_COMMON                     ,N,N
3956,TONEYRC                       ,DL_PM_TM_VBESAB01             ,RL_COMMON                     ,N,N
3957,WIECKSH                       ,DL_AA_TM_MAM_S                ,RL_COMMON                     ,N,N
3958,WIECKSH                       ,DL_AQI_GBD_PHI                ,DATALAB_READ_DL_AQI_PHI       ,N,N
3959,WIECKSH                       ,DL_AQI_GBD_PHI                ,RL_COMMON                     ,N,N
3960,WIECKSH                       ,DL_AQI_MBRSHP_PHI             ,DATALAB_READ_DL_AQI_MBRSHP_PHI,N,N
3961,WIECKSH                       ,DL_AQI_MBRSHP_PHI             ,RL_COMMON                     ,N,N
3962,WIECKSH                       ,DL_AQI_MDCR_QDM               ,DATALAB_READ_DL_AQI_MDCR_PHI  ,N,N
3963,WIECKSH                       ,DL_AQI_MDCR_QDM               ,RL_COMMON                     ,N,N
3964,WIECKSH                       ,DL_AQI_PHI                    ,DATALAB_READ_DL_AQI_PHI       ,N,N
3965,WIECKSH                       ,DL_AQI_PHI                    ,RL_COMMON                     ,N,N
3966,WIECKSH                       ,DL_AQI_SL_IDW_PHI             ,DATALAB_READ_DL_AQI_SL_IDW_PHI,N,N
3967,WIECKSH                       ,DL_AQI_SL_IDW_PHI             ,DATALAB_READ_DL_AQI_SL_IDW_PHI,N,N
3968,WIECKSH                       ,DL_AQI_SL_IDW_PHI             ,DATALAB_READ_DL_AQI_SL_IDW_PHI,N,N
3969,WIECKSH                       ,DL_AQI_SL_IDW_PHI             ,DATALAB_READ_DL_AQI_SL_IDW_PHI,N,N
3970,WIECKSH                       ,DL_AQI_SL_IDW_PHI             ,DATALAB_READ_DL_AQI_SL_IDW_PHI,N,N
3971,WIECKSH                       ,DL_AQI_SL_IDW_PHI             ,DATALAB_READ_DL_AQI_SL_IDW_PHI,N,N
3972,WIECKSH                       ,DL_AQI_SL_IDW_PHI             ,DATALAB_READ_DL_AQI_SL_IDW_PHI,N,N
3973,WIECKSH                       ,DL_AQI_SL_IDW_PHI             ,DATALAB_READ_DL_AQI_SL_IDW_PHI,N,N
3974,WIECKSH                       ,DL_AQI_SL_IDW_PHI             ,DATALAB_READ_DL_AQI_SL_IDW_PHI,N,N
3975,WIECKSH                       ,DL_AQI_SL_IDW_PHI             ,DATALAB_READ_DL_AQI_SL_IDW_PHI,N,N
3976,WIECKSH                       ,DL_AQI_SL_IDW_PHI             ,DATALAB_READ_DL_AQI_SL_IDW_PHI,N,N
3977,WIECKSH                       ,DL_AQI_SL_IDW_PHI             ,DATALAB_READ_DL_AQI_SL_IDW_PHI,N,N
3978,WIECKSH                       ,DL_AQI_SL_IDW_PHI             ,DATALAB_READ_DL_AQI_SL_IDW_PHI,N,N
3979,WIECKSH                       ,DL_AQI_SL_IDW_PHI             ,DATALAB_READ_DL_AQI_SL_IDW_PHI,N,N
3980,WIECKSH                       ,DL_AQI_SL_IDW_PHI             ,DATALAB_READ_DL_AQI_SL_IDW_PHI,N,N
3981,WIECKSH                       ,DL_AQI_SL_IDW_PHI             ,DATALAB_READ_DL_AQI_SL_IDW_PHI,N,N
3982,WIECKSH                       ,DL_AQI_SL_IDW_PHI             ,DATALAB_READ_DL_AQI_SL_IDW_PHI,N,N
3983,WIECKSH                       ,DL_AQI_SL_IDW_PHI             ,DATALAB_READ_DL_AQI_SL_IDW_PHI,N,N
3984,WIECKSH                       ,DL_AQI_SL_IDW_PHI             ,DATALAB_READ_DL_AQI_SL_IDW_PHI,N,N
3985,WIECKSH                       ,DL_AQI_SL_IDW_PHI             ,RL_COMMON                     ,N,N
3986,WIECKSH                       ,DL_CLIN_AFF                   ,RL_COMMON                     ,N,N
3987,WIECKSH                       ,DL_DMS_PHI                    ,RL_COMMON                     ,N,N
3988,WIECKSH                       ,DL_PM_TM_VBESAB01             ,RL_COMMON                     ,N,N
3989,ZULHY66                       ,DL_AA_TM_MAM_S                ,RL_COMMON                     ,N,N
3990,ZULHY66                       ,DL_AQI_GBD_PHI                ,RL_COMMON                     ,N,N
3991,ZULHY66                       ,DL_AQI_MBRSHP_PHI             ,RL_COMMON                     ,N,N
3992,ZULHY66                       ,DL_AQI_MDCR_QDM               ,RL_COMMON                     ,N,N
3993,ZULHY66                       ,DL_AQI_PHI                    ,RL_COMMON                     ,N,N
3994,ZULHY66                       ,DL_AQI_SL_IDW_PHI             ,RL_COMMON                     ,N,N
3995,ZULHY66                       ,DL_CLIN_AFF                   ,RL_COMMON                     ,N,N
3996,ZULHY66                       ,DL_DMS_PHI                    ,RL_COMMON                     ,N,N
3997,ZULHY66                       ,DL_PM_TM_VBESAB01             ,DATALAB_ALL_DL_PM_TM_VBESAB01 ,N,N
3998,ZULHY66                       ,DL_PM_TM_VBESAB01             ,DATALAB_ALL_DL_PM_TM_VBESAB01 ,N,N
3999,ZULHY66                       ,DL_PM_TM_VBESAB01             ,DATALAB_ALL_DL_PM_TM_VBESAB01 ,N,N
4000,ZULHY66                       ,DL_PM_TM_VBESAB01             ,DATALAB_ALL_DL_PM_TM_VBESAB01 ,N,N
4001,ZULHY66                       ,DL_PM_TM_VBESAB01             ,DATALAB_ALL_DL_PM_TM_VBESAB01 ,N,N
4002,ZULHY66                       ,DL_PM_TM_VBESAB01             ,DATALAB_ALL_DL_PM_TM_VBESAB01 ,N,N
4003,ZULHY66                       ,DL_PM_TM_VBESAB01             ,DATALAB_ALL_DL_PM_TM_VBESAB01 ,N,N
4004,ZULHY66                       ,DL_PM_TM_VBESAB01             ,DATALAB_ALL_DL_PM_TM_VBESAB01 ,N,N
4005,ZULHY66                       ,DL_PM_TM_VBESAB01             ,DATALAB_ALL_DL_PM_TM_VBESAB01 ,N,N
4006,ZULHY66                       ,DL_PM_TM_VBESAB01             ,DATALAB_ALL_DL_PM_TM_VBESAB01 ,N,N
4007,ZULHY66                       ,DL_PM_TM_VBESAB01             ,DATALAB_ALL_DL_PM_TM_VBESAB01 ,N,N
4008,ZULHY66                       ,DL_PM_TM_VBESAB01             ,DATALAB_ALL_DL_PM_TM_VBESAB01 ,N,N
4009,ZULHY66                       ,DL_PM_TM_VBESAB01             ,DATALAB_ALL_DL_PM_TM_VBESAB01 ,N,N
4010,ZULHY66                       ,DL_PM_TM_VBESAB01             ,DATALAB_ALL_DL_PM_TM_VBESAB01 ,N,N
4011,ZULHY66                       ,DL_PM_TM_VBESAB01             ,DATALAB_ALL_DL_PM_TM_VBESAB01 ,N,N
4012,ZULHY66                       ,DL_PM_TM_VBESAB01             ,DATALAB_ALL_DL_PM_TM_VBESAB01 ,N,N
4013,ZULHY66                       ,DL_PM_TM_VBESAB01             ,DATALAB_ALL_DL_PM_TM_VBESAB01 ,N,N
4014,ZULHY66                       ,DL_PM_TM_VBESAB01             ,DATALAB_ALL_DL_PM_TM_VBESAB01 ,N,N
4015,ZULHY66                       ,DL_PM_TM_VBESAB01             ,DATALAB_ALL_DL_PM_TM_VBESAB01 ,N,N
4016,ZULHY66                       ,DL_PM_TM_VBESAB01             ,RL_COMMON                     ,N,N
